date time,flight time,phase_no,take off switch,altitude,static pressure,ground speed,ind. air speed,oat,n1 1,n2 1,nr,torque 1,tot 1,oil pressure 1,oil temp. 1,fuel flow,fuel vol.,power
1800-12-22 18:50:20,0.0,-1,0,33.0,1007.2,0.0,0,34,0.0,0,0,1.0,183,0.0,57,57.6,254,22.62
1800-12-22 18:50:22,2.0,-1,0,31.0,1007.2,0.0,0,34,0.5,0,0,1.0,182,0.0,57,43.3,251,
1800-12-22 18:50:24,4.0,1,0,30.0,1007.2,0.0,0,34,5.4,0,0,1.0,173,0.0,57,34.1,240,
1800-12-22 18:50:26,6.0,1,0,29.0,1007.2,0.0,0,34,10.2,0,0,1.0,232,0.0,57,21.4,238,
1800-12-22 18:50:28,8.0,1,0,28.0,1007.2,0.0,0,34,14.2,0,0,1.0,437,0.0,57,17.3,238,
1800-12-22 18:50:30,10.0,1,0,28.0,1007.2,0.0,0,34,18.0,0,0,1.0,639,0.1,57,11.6,241,16.73
1800-12-22 18:50:32,12.0,1,0,30.0,1007.2,0.0,0,34,21.0,0,0,1.0,660,0.2,58,11.1,245,
1800-12-22 18:50:34,14.0,1,0,31.0,1007.2,0.0,0,34,23.6,0,0,1.0,647,0.3,58,13.5,248,
1800-12-22 18:50:36,16.0,1,0,31.0,1007.2,0.0,0,34,26.2,10,0,1.0,655,0.4,59,17.1,250,
1800-12-22 18:50:38,18.0,1,0,32.0,1007.2,0.0,0,34,29.1,16,0,1.0,671,0.5,59,18.9,251,
1800-12-22 18:50:40,20.0,1,0,32.0,1007.2,0.0,0,34,32.1,22,14,1.0,673,0.6,59,20.5,252,17.86
1800-12-22 18:50:42,22.0,1,0,32.0,1007.2,0.0,0,34,34.9,30,25,1.0,666,0.7,60,23.0,253,
1800-12-22 18:50:44,24.0,1,0,33.0,1007.2,0.0,0,34,38.5,39,34,1.0,665,0.8,60,26.3,253,
1800-12-22 18:50:46,26.0,1,0,33.0,1007.2,0.0,0,34,42.5,51,45,1.0,662,0.9,60,30.1,253,
1800-12-22 18:50:48,28.0,1,0,32.0,1007.2,0.0,0,34,47.0,67,60,1.0,656,1.1,61,35.0,254,
1800-12-22 18:50:50,30.0,1,0,32.0,1007.2,0.0,0,34,51.8,85,78,1.0,652,1.3,62,39.8,254,22.9
1800-12-22 18:50:52,32.0,1,0,34.0,1007.3,0.0,0,34,56.8,105,98,9.2,635,1.6,62,44.1,254,
1800-12-22 18:50:54,34.0,1,0,34.0,1007.3,0.0,0,34,61.3,127,120,17.4,604,1.8,63,50.6,254,
1800-12-22 18:50:56,36.0,1,0,35.0,1007.2,0.0,0,34,65.8,151,143,20.3,587,2.0,63,55.0,254,
1800-12-22 18:50:58,38.0,1,0,36.0,1007.3,0.0,0,34,67.8,180,172,19.5,555,2.3,63,53.7,254,
1800-12-22 18:51:00,40.0,2,0,37.0,1007.3,0.0,0,34,67.8,202,197,17.5,531,2.3,64,53.8,254,25.82
1800-12-22 18:51:02,42.0,2,0,37.0,1007.3,2.0,0,34,67.9,216,212,15.6,528,2.3,65,53.7,254,
1800-12-22 18:51:04,44.0,2,0,37.0,1007.3,0.0,0,34,67.9,226,223,14.7,530,2.3,66,54.2,254,
1800-12-22 18:51:06,46.0,2,0,37.0,1007.3,0.0,0,34,67.9,236,233,13.9,531,2.2,67,53.7,254,
1800-12-22 18:51:08,48.0,2,0,37.0,1007.3,2.0,0,34,67.9,244,242,13.1,531,2.2,67,53.8,254,
1800-12-22 18:51:10,50.0,2,0,37.0,1007.3,2.0,0,34,67.9,250,248,12.8,532,2.2,68,54.1,254,25.73
1800-12-22 18:51:12,52.0,2,0,36.0,1007.3,2.0,0,34,67.9,254,253,12.1,531,2.2,69,53.4,254,
1800-12-22 18:51:14,54.0,2,0,35.0,1007.3,2.0,0,34,67.9,257,256,11.9,531,2.2,70,53.4,254,
1800-12-22 18:51:16,56.0,2,0,34.0,1007.3,2.0,0,34,67.9,259,258,11.8,531,2.2,70,53.7,254,
1800-12-22 18:51:18,58.0,2,0,34.0,1007.3,4.0,0,34,67.9,260,259,11.8,532,2.2,71,53.2,254,
1800-12-22 18:51:20,60.0,2,0,34.0,1007.2,4.0,0,34,67.8,262,261,11.8,531,2.2,71,54.4,254,26.99
1800-12-22 18:51:22,62.0,2,0,35.0,1007.2,4.0,0,34,67.9,263,262,11.7,534,2.2,71,53.5,254,
1800-12-22 18:51:24,64.0,2,0,36.0,1007.2,2.0,0,34,67.8,264,263,11.6,533,2.2,71,53.5,254,
1800-12-22 18:51:26,66.0,2,0,37.0,1007.3,2.0,0,34,67.9,264,264,11.5,532,2.2,71,53.6,254,
1800-12-22 18:51:28,68.0,2,0,38.0,1007.3,2.0,0,34,67.9,264,264,11.4,532,2.2,70,53.8,254,
1800-12-22 18:51:30,70.0,2,0,39.0,1007.3,2.0,0,34,67.9,265,264,11.8,533,2.2,70,53.8,254,25.72
1800-12-22 18:51:32,72.0,2,0,39.0,1007.2,2.0,0,34,67.9,265,265,11.6,534,2.2,70,53.7,253,
1800-12-22 18:51:34,74.0,2,0,38.0,1007.3,0.0,0,34,67.9,265,265,11.6,534,2.2,70,53.4,253,
1800-12-22 18:51:36,76.0,2,0,37.0,1007.3,0.0,0,34,67.9,265,265,11.8,532,2.2,70,53.8,253,
1800-12-22 18:51:38,78.0,2,0,37.0,1007.3,0.0,0,34,67.9,266,265,11.6,533,2.2,70,53.6,253,
1800-12-22 18:51:40,80.0,2,0,37.0,1007.4,0.0,0,34,67.9,266,265,11.6,531,2.2,71,53.5,253,24.92
1800-12-22 18:51:42,82.0,2,0,37.0,1007.3,2.0,0,34,67.9,266,266,11.8,532,2.2,71,53.8,253,
1800-12-22 18:51:44,84.0,2,0,38.0,1007.3,2.0,0,34,67.9,266,266,11.7,532,2.2,71,53.9,253,
1800-12-22 18:51:46,86.0,2,0,38.0,1007.2,4.0,0,34,67.9,267,266,11.6,533,2.2,71,53.7,253,
1800-12-22 18:51:48,88.0,2,0,39.0,1007.2,0.0,0,34,67.9,267,266,11.7,532,2.2,71,53.7,253,
1800-12-22 18:51:50,90.0,2,0,39.0,1007.2,2.0,0,34,67.9,266,266,11.3,533,2.2,71,53.3,253,25.82
1800-12-22 18:51:52,92.0,2,0,41.0,1007.3,4.0,0,34,67.9,266,266,11.5,531,2.2,72,53.2,253,
1800-12-22 18:51:54,94.0,2,0,41.0,1007.3,2.0,0,34,67.8,266,266,11.6,531,2.2,72,53.7,253,
1800-12-22 18:51:56,96.0,2,0,41.0,1007.3,2.0,0,34,67.9,266,266,11.6,533,2.2,72,53.7,253,
1800-12-22 18:51:58,98.0,2,0,41.0,1007.2,4.0,0,34,67.9,266,266,11.6,533,2.2,72,53.8,253,
1800-12-22 18:52:00,100.0,2,0,40.0,1007.3,4.0,0,34,67.8,266,266,11.5,533,2.2,73,53.7,253,25.33
1800-12-22 18:52:02,102.0,2,0,39.0,1007.3,4.0,0,34,67.9,267,266,11.6,534,2.2,73,53.5,253,
1800-12-22 18:52:04,104.0,2,0,38.0,1007.3,4.0,0,34,67.9,267,266,11.6,533,2.2,73,53.7,253,
1800-12-22 18:52:06,106.0,2,0,37.0,1007.2,4.0,0,34,67.9,267,267,11.6,533,2.2,73,53.7,253,
1800-12-22 18:52:08,108.0,2,0,36.0,1007.2,4.0,0,34,67.9,267,267,11.4,531,2.2,74,53.2,253,
1800-12-22 18:52:10,110.0,2,0,36.0,1007.2,2.0,0,34,67.9,266,266,11.2,530,2.2,74,53.0,253,25.89
1800-12-22 18:52:12,112.0,2,0,37.0,1007.2,2.0,0,34,67.8,266,266,11.4,530,2.2,74,53.7,253,
1800-12-22 18:52:14,114.0,2,0,38.0,1007.2,2.0,0,34,67.9,267,266,11.6,534,2.2,74,54.0,253,
1800-12-22 18:52:16,116.0,2,0,38.0,1007.2,0.0,0,34,67.9,267,266,11.5,535,2.2,75,53.6,252,
1800-12-22 18:52:18,118.0,2,0,40.0,1007.2,0.0,0,34,67.9,267,266,11.5,535,2.2,75,53.7,252,
1800-12-22 18:52:20,120.0,2,0,42.0,1007.2,2.0,0,34,67.9,267,266,11.5,535,2.2,75,53.5,252,26.12
1800-12-22 18:52:22,122.0,2,0,44.0,1007.2,2.0,0,34,67.9,267,266,11.5,535,2.2,75,53.8,252,
1800-12-22 18:52:24,124.0,2,0,46.0,1007.2,4.0,0,34,67.9,267,266,11.3,535,2.2,75,53.2,252,
1800-12-22 18:52:26,126.0,2,0,48.0,1007.2,2.0,0,34,67.9,266,266,11.2,535,2.2,76,53.2,252,
1800-12-22 18:52:28,128.0,2,0,49.0,1007.2,2.0,0,34,67.9,266,266,11.1,535,2.2,76,53.2,252,
1800-12-22 18:52:30,130.0,2,0,50.0,1007.3,2.0,0,34,67.9,266,266,11.3,536,2.2,76,53.6,252,25.8
1800-12-22 18:52:32,132.0,2,0,50.0,1007.2,2.0,0,34,67.9,266,266,11.4,538,2.2,76,53.6,252,
1800-12-22 18:52:34,134.0,2,0,51.0,1007.2,0.0,0,34,67.9,266,266,11.4,537,2.2,77,53.4,252,
1800-12-22 18:52:36,136.0,2,0,50.0,1007.3,0.0,0,34,67.9,267,266,11.2,536,2.2,77,53.5,252,
1800-12-22 18:52:38,138.0,2,0,50.0,1007.2,0.0,0,34,67.9,267,266,11.4,537,2.2,77,53.8,252,
1800-12-22 18:52:40,140.0,2,0,50.0,1007.2,0.0,0,34,67.8,266,266,11.3,535,2.2,77,53.3,252,25.8
1800-12-22 18:52:42,142.0,2,0,50.0,1007.2,0.0,0,34,67.9,266,266,11.5,535,2.2,77,54.2,252,
1800-12-22 18:52:44,144.0,2,0,49.0,1007.2,0.0,0,34,68.0,267,266,11.3,539,2.1,78,53.7,252,
1800-12-22 18:52:46,146.0,2,0,49.0,1007.1,2.0,0,34,67.9,267,266,11.4,538,2.1,78,53.8,252,
1800-12-22 18:52:48,148.0,2,0,48.0,1007.2,2.0,0,34,67.9,267,266,11.4,540,2.1,78,53.8,252,
1800-12-22 18:52:50,150.0,2,0,47.0,1007.2,2.0,0,34,67.9,267,266,11.4,540,2.1,78,53.9,252,25.8
1800-12-22 18:52:52,152.0,2,0,46.0,1007.3,2.0,0,34,67.9,267,266,11.4,541,2.1,79,54.1,252,
1800-12-22 18:52:54,154.0,2,0,45.0,1007.3,2.0,0,34,67.9,267,266,11.3,542,2.1,79,53.8,252,
1800-12-22 18:52:56,156.0,2,0,43.0,1007.2,2.0,0,34,67.9,267,267,11.5,541,2.1,79,54.1,252,
1800-12-22 18:52:58,158.0,2,0,42.0,1007.2,2.0,0,34,67.9,267,267,11.4,541,2.2,79,54.0,252,
1800-12-22 18:53:00,160.0,2,0,42.0,1007.2,2.0,0,34,67.9,267,267,11.5,542,2.2,78,54.0,252,25.93
1800-12-22 18:53:02,162.0,2,0,42.0,1007.3,0.0,0,34,67.9,267,267,11.3,541,2.2,77,53.9,252,
1800-12-22 18:53:04,164.0,2,0,42.0,1007.2,0.0,0,34,67.9,267,267,11.3,543,2.2,77,54.2,251,
1800-12-22 18:53:06,166.0,2,0,43.0,1007.3,0.0,0,34,67.9,268,267,11.3,543,2.2,76,54.0,251,
1800-12-22 18:53:08,168.0,2,0,43.0,1007.3,0.0,0,34,67.9,268,267,11.4,543,2.2,76,54.1,251,
1800-12-22 18:53:10,170.0,2,0,43.0,1007.3,2.0,0,34,67.9,268,268,11.2,544,2.2,75,54.6,251,25.71
1800-12-22 18:53:12,172.0,2,0,43.0,1007.3,0.0,0,34,67.9,268,268,11.3,547,2.2,75,54.2,251,
1800-12-22 18:53:14,174.0,2,0,44.0,1007.3,0.0,0,34,67.8,267,267,11.3,548,2.2,74,54.8,251,
1800-12-22 18:53:16,176.0,2,0,44.0,1007.3,0.0,0,34,67.9,266,266,11.4,549,2.2,74,54.4,251,
1800-12-22 18:53:18,178.0,2,0,44.0,1007.3,0.0,0,34,67.9,266,265,11.5,549,2.2,73,54.4,251,
1800-12-22 18:53:20,180.0,2,0,44.0,1007.3,0.0,0,34,67.9,265,265,11.7,550,2.2,73,54.4,251,25.85
1800-12-22 18:53:22,182.0,2,0,44.0,1007.3,0.0,0,34,67.9,265,264,11.5,549,2.3,73,54.3,251,
1800-12-22 18:53:24,184.0,2,0,43.0,1007.3,2.0,0,34,67.9,264,264,11.7,550,2.3,72,54.7,251,
1800-12-22 18:53:26,186.0,2,0,42.0,1007.2,2.0,0,34,67.9,264,264,11.7,551,2.3,72,54.3,251,
1800-12-22 18:53:28,188.0,2,0,42.0,1007.2,2.0,0,34,67.9,264,263,11.8,550,2.3,71,54.6,251,
1800-12-22 18:53:30,190.0,2,0,42.0,1007.2,0.0,0,34,67.9,263,263,11.7,552,2.3,71,54.5,251,25.65
1800-12-22 18:53:32,192.0,2,0,43.0,1007.3,0.0,0,34,67.9,263,263,11.6,551,2.3,71,54.6,251,
1800-12-22 18:53:34,194.0,2,0,44.0,1007.3,0.0,0,34,67.9,263,263,11.8,553,2.3,70,54.5,251,
1800-12-22 18:53:36,196.0,2,0,45.0,1007.3,0.0,0,34,68.0,263,263,11.8,554,2.3,70,54.7,251,
1800-12-22 18:53:38,198.0,2,0,46.0,1007.3,0.0,0,34,67.9,263,263,11.9,553,2.3,70,54.9,251,
1800-12-22 18:53:40,200.0,2,0,47.0,1007.3,0.0,0,34,67.9,263,263,11.8,553,2.3,69,54.2,251,25.68
1800-12-22 18:53:42,202.0,2,0,47.0,1007.3,0.0,0,34,67.9,263,263,11.9,551,2.3,69,54.7,251,
1800-12-22 18:53:44,204.0,2,0,47.0,1007.3,0.0,0,34,67.9,263,263,11.9,545,2.3,69,53.8,251,
1800-12-22 18:53:46,206.0,2,0,48.0,1007.2,0.0,0,34,67.9,263,263,11.8,544,2.3,69,53.9,251,
1800-12-22 18:53:48,208.0,2,0,48.0,1007.2,2.0,0,34,67.9,263,263,11.7,543,2.3,69,53.7,251,
1800-12-22 18:53:50,210.0,2,0,47.0,1007.2,2.0,0,34,67.9,263,263,11.8,541,2.3,68,53.7,251,25.46
1800-12-22 18:53:52,212.0,2,0,47.0,1007.1,0.0,0,34,67.9,263,263,11.6,540,2.3,68,53.8,251,
1800-12-22 18:53:54,214.0,2,0,47.0,1007.1,0.0,0,34,67.9,263,263,11.7,540,2.3,68,53.7,251,
1800-12-22 18:53:56,216.0,2,0,47.0,1007.1,0.0,0,34,67.9,262,262,11.5,540,2.3,68,53.7,251,
1800-12-22 18:53:58,218.0,2,0,46.0,1007.2,0.0,0,34,67.9,262,262,11.9,542,2.3,68,54.2,251,
1800-12-22 18:54:00,220.0,2,0,44.0,1007.3,2.0,0,34,67.9,262,262,11.9,542,2.3,69,54.0,250,24.9
1800-12-22 18:54:02,222.0,2,0,44.0,1007.2,2.0,0,34,67.9,262,262,12.0,542,2.3,69,53.9,250,
1800-12-22 18:54:04,224.0,2,0,43.0,1007.2,2.0,0,34,67.9,262,261,11.8,541,2.3,69,53.4,250,
1800-12-22 18:54:06,226.0,2,0,43.0,1007.2,2.0,0,34,67.9,262,261,11.9,540,2.3,70,54.0,250,
1800-12-22 18:54:08,228.0,2,0,42.0,1007.3,2.0,0,34,67.8,262,261,11.7,540,2.3,71,53.7,250,
1800-12-22 18:54:10,230.0,2,0,41.0,1007.3,0.0,0,34,67.8,262,261,12.0,542,2.3,71,54.4,250,26.57
1800-12-22 18:54:12,232.0,2,0,41.0,1007.2,0.0,0,34,67.9,262,262,11.9,544,2.2,72,54.0,250,
1800-12-22 18:54:14,234.0,2,0,41.0,1007.2,0.0,0,34,67.9,262,262,12.1,543,2.2,72,54.2,250,
1800-12-22 18:54:16,236.0,2,0,41.0,1007.2,0.0,0,34,67.9,262,262,11.9,542,2.2,73,53.7,250,
1800-12-22 18:54:18,238.0,2,0,41.0,1007.2,0.0,0,34,67.9,262,262,11.9,542,2.2,74,53.8,250,
1800-12-22 18:54:20,240.0,2,0,42.0,1007.2,0.0,0,34,67.9,262,262,11.9,542,2.2,74,53.7,250,26.45
1800-12-22 18:54:22,242.0,2,0,41.0,1007.2,0.0,0,34,67.9,262,261,11.8,541,2.2,75,53.7,250,
1800-12-22 18:54:24,244.0,2,0,41.0,1007.3,0.0,0,34,67.9,261,261,11.8,542,2.2,75,54.1,250,
1800-12-22 18:54:26,246.0,2,0,43.0,1007.2,0.0,0,34,67.9,261,261,12.0,544,2.2,75,54.1,250,
1800-12-22 18:54:28,248.0,2,0,44.0,1007.1,0.0,0,34,67.9,261,261,11.8,547,2.2,76,53.9,250,
1800-12-22 18:54:30,250.0,2,0,44.0,1007.2,0.0,0,34,67.9,261,261,11.7,548,2.2,76,54.2,250,25.78
1800-12-22 18:54:32,252.0,2,0,45.0,1007.2,0.0,0,34,67.9,261,261,11.9,547,2.2,76,54.0,250,
1800-12-22 18:54:34,254.0,2,0,45.0,1007.2,0.0,0,34,67.9,261,261,11.8,547,2.2,77,53.9,250,
1800-12-22 18:54:36,256.0,2,0,45.0,1007.2,0.0,0,34,67.9,261,261,11.7,547,2.2,77,54.2,250,
1800-12-22 18:54:38,258.0,2,0,45.0,1007.2,0.0,0,34,67.9,261,261,11.9,549,2.1,77,54.7,250,
1800-12-22 18:54:40,260.0,2,0,45.0,1007.2,0.0,0,34,67.9,261,261,11.8,552,2.1,77,54.3,250,25.63
1800-12-22 18:54:42,262.0,2,0,44.0,1007.3,0.0,0,34,67.9,261,261,11.9,552,2.1,78,54.5,250,
1800-12-22 18:54:44,264.0,2,0,43.0,1007.2,0.0,0,34,67.9,261,261,11.9,556,2.1,78,54.7,250,
1800-12-22 18:54:46,266.0,2,0,43.0,1007.2,0.0,0,34,67.9,262,261,11.9,555,2.1,78,54.7,250,
1800-12-22 18:54:48,268.0,2,0,43.0,1007.1,0.0,0,34,67.9,262,261,11.9,555,2.1,79,54.6,250,
1800-12-22 18:54:50,270.0,2,0,43.0,1007.1,0.0,0,34,67.9,262,261,11.8,557,2.1,78,54.7,250,25.79
1800-12-22 18:54:52,272.0,2,0,42.0,1007.2,0.0,0,34,67.9,262,261,11.8,558,2.2,78,54.7,249,
1800-12-22 18:54:54,274.0,2,0,42.0,1007.2,0.0,0,34,67.9,262,261,11.9,556,2.2,78,54.5,249,
1800-12-22 18:54:56,276.0,2,0,42.0,1007.2,0.0,0,34,67.9,261,261,11.7,555,2.2,77,54.2,249,
1800-12-22 18:54:58,278.0,2,0,42.0,1007.2,0.0,0,34,67.8,261,261,11.8,554,2.2,77,54.5,249,
1800-12-22 18:55:00,280.0,2,0,42.0,1007.2,0.0,0,34,67.9,262,261,11.8,556,2.2,76,54.4,249,25.65
1800-12-22 18:55:02,282.0,2,0,43.0,1007.3,0.0,0,34,67.9,261,261,11.7,556,2.2,76,54.2,249,
1800-12-22 18:55:04,284.0,2,0,42.0,1007.3,0.0,0,34,67.9,261,261,11.8,555,2.2,75,54.7,249,
1800-12-22 18:55:06,286.0,2,0,42.0,1007.2,0.0,0,34,68.0,261,261,12.0,552,2.2,75,54.5,249,
1800-12-22 18:55:08,288.0,2,0,44.0,1007.2,0.0,0,34,67.9,262,261,12.1,551,2.2,74,54.6,249,
1800-12-22 18:55:10,290.0,2,0,45.0,1007.2,0.0,0,34,67.9,262,261,11.9,551,2.2,74,54.3,249,25.16
1800-12-22 18:55:12,292.0,2,0,46.0,1007.2,0.0,0,34,67.9,262,261,12.1,552,2.2,73,54.7,249,
1800-12-22 18:55:14,294.0,2,0,46.0,1007.3,0.0,0,34,67.9,261,261,11.9,553,2.2,73,54.3,249,
1800-12-22 18:55:16,296.0,2,0,47.0,1007.3,0.0,0,34,67.9,261,261,12.0,551,2.3,73,54.1,249,
1800-12-22 18:55:18,298.0,2,0,47.0,1007.2,0.0,0,34,67.9,261,261,12.1,548,2.3,72,54.2,249,
1800-12-22 18:55:20,300.0,2,0,47.0,1007.2,0.0,0,34,67.9,261,261,12.1,546,2.3,72,54.5,249,25.52
1800-12-22 18:55:22,302.0,2,0,45.0,1007.2,0.0,0,35,67.9,261,261,12.1,549,2.3,71,54.6,249,
1800-12-22 18:55:24,304.0,2,0,45.0,1007.2,0.0,0,35,67.9,261,260,11.9,552,2.3,71,54.2,249,
1800-12-22 18:55:26,306.0,2,0,43.0,1007.3,0.0,0,35,67.9,261,260,12.0,550,2.3,71,54.2,249,
1800-12-22 18:55:28,308.0,2,0,43.0,1007.2,0.0,0,35,67.9,261,260,12.1,547,2.3,71,54.2,249,
1800-12-22 18:55:30,310.0,2,0,43.0,1007.2,0.0,0,35,67.9,261,261,12.2,545,2.3,70,54.6,249,26.34
1800-12-22 18:55:32,312.0,2,0,44.0,1007.2,0.0,0,35,67.9,262,261,12.2,542,2.3,70,54.3,249,
1800-12-22 18:55:34,314.0,2,0,45.0,1007.2,0.0,0,35,67.9,262,262,12.2,541,2.3,70,54.3,249,
1800-12-22 18:55:36,316.0,2,0,44.0,1007.3,0.0,0,34,67.9,263,262,12.1,540,2.3,70,54.2,249,
1800-12-22 18:55:38,318.0,2,0,42.0,1007.2,0.0,0,34,67.9,262,262,12.2,541,2.3,70,54.3,249,
1800-12-22 18:55:40,320.0,2,0,41.0,1007.2,0.0,0,34,67.9,262,262,12.3,540,2.3,70,54.1,249,25.53
1800-12-22 18:55:42,322.0,2,0,42.0,1007.1,2.0,0,34,67.9,262,262,12.1,535,2.3,69,53.7,249,
1800-12-22 18:55:44,324.0,2,0,42.0,1007.2,0.0,0,34,67.9,262,262,12.1,536,2.3,69,54.1,249,
1800-12-22 18:55:46,326.0,2,0,43.0,1007.2,0.0,0,34,67.9,262,262,12.2,537,2.3,69,54.0,249,
1800-12-22 18:55:48,328.0,2,0,44.0,1007.2,0.0,0,34,67.9,262,261,12.1,536,2.3,69,54.0,248,
1800-12-22 18:55:50,330.0,2,0,46.0,1007.2,0.0,0,34,67.9,262,261,12.1,535,2.3,69,53.7,248,26.07
1800-12-22 18:55:52,332.0,2,0,46.0,1007.3,0.0,0,34,67.9,261,261,12.1,535,2.3,69,53.9,248,
1800-12-22 18:55:54,334.0,2,0,49.0,1007.2,0.0,0,34,67.9,261,261,12.1,534,2.3,69,53.8,248,
1800-12-22 18:55:56,336.0,2,0,50.0,1007.2,0.0,0,34,67.9,261,261,12.2,535,2.3,69,53.7,248,
1800-12-22 18:55:58,338.0,2,0,51.0,1007.2,4.0,0,34,67.9,261,260,12.2,535,2.3,69,54.7,248,
1800-12-22 18:56:00,340.0,3,0,55.0,1007.2,2.0,0,34,74.2,269,264,23.0,584,2.3,69,81.1,248,25.86
1800-12-22 18:56:02,342.0,3,0,58.0,1007.2,0.0,0,34,79.5,296,289,27.4,592,3.0,70,82.5,248,
1800-12-22 18:56:04,344.0,3,0,63.0,1007.2,0.0,0,34,82.2,325,317,29.9,588,3.2,70,90.2,248,
1800-12-22 18:56:06,346.0,3,0,66.0,1007.2,0.0,0,34,84.7,355,346,31.9,600,3.3,71,92.9,248,
1800-12-22 18:56:08,348.0,4,0,68.0,1007.2,2.0,0,34,81.5,370,368,21.3,577,3.1,71,78.1,248,
1800-12-22 18:56:10,350.0,4,0,72.0,1007.2,2.0,0,34,80.5,371,371,20.7,568,3.1,72,79.5,248,25.85
1800-12-22 18:56:12,352.0,4,0,73.0,1007.2,0.0,0,34,80.5,371,371,20.5,574,3.0,73,79.3,248,
1800-12-22 18:56:14,354.0,4,0,74.0,1007.1,0.0,0,34,80.7,371,371,20.4,576,3.0,74,78.7,248,
1800-12-22 18:56:16,356.0,4,0,75.0,1007.1,0.0,0,34,80.8,371,370,20.2,575,3.0,74,78.3,248,
1800-12-22 18:56:18,358.0,4,0,78.0,1007.2,0.0,0,34,80.8,371,370,20.1,572,3.0,75,78.0,248,
1800-12-22 18:56:20,360.0,4,0,79.0,1007.1,2.0,0,34,80.8,371,370,20.2,573,3.0,76,78.4,248,25.79
1800-12-22 18:56:22,362.0,4,0,82.0,1007.1,2.0,0,34,80.7,371,370,20.5,575,3.0,76,79.8,248,
1800-12-22 18:56:24,364.0,4,0,83.0,1007.1,2.0,0,34,80.8,371,370,20.5,584,3.0,77,79.5,247,
1800-12-22 18:56:26,366.0,4,0,80.0,1007.1,0.0,0,33,80.9,371,370,20.3,582,2.9,78,78.2,247,
1800-12-22 18:56:28,368.0,4,0,79.0,1007.1,0.0,0,33,80.9,371,370,20.3,582,2.9,78,78.7,247,
1800-12-22 18:56:30,370.0,4,0,77.0,1007.1,2.0,0,33,80.9,371,370,20.2,582,2.9,79,78.8,247,26.61
1800-12-22 18:56:32,372.0,4,0,74.0,1007.1,2.0,0,33,80.8,371,370,20.5,583,2.9,79,79.7,247,
1800-12-22 18:56:34,374.0,4,0,72.0,1007.2,2.0,0,33,80.8,371,370,20.5,586,2.9,79,79.4,247,
1800-12-22 18:56:36,376.0,4,0,70.0,1007.1,0.0,0,34,80.8,371,370,20.5,586,2.9,79,79.6,247,
1800-12-22 18:56:38,378.0,4,0,69.0,1007.1,0.0,0,34,80.8,371,370,20.6,589,2.9,79,79.6,247,
1800-12-22 18:56:40,380.0,4,0,68.0,1007.3,0.0,0,34,80.7,371,371,20.6,586,2.9,79,79.0,247,24.5
1800-12-22 18:56:42,382.0,4,0,69.0,1007.2,0.0,0,34,80.5,371,371,19.8,584,2.9,78,78.6,247,
1800-12-22 18:56:44,384.0,4,0,68.0,1007.2,0.0,0,34,80.5,371,371,19.9,586,2.9,78,79.1,247,
1800-12-22 18:56:46,386.0,4,0,66.0,1007.2,0.0,0,34,80.5,371,371,20.5,590,3.0,77,79.6,247,
1800-12-22 18:56:48,388.0,4,0,65.0,1007.3,2.0,0,34,80.6,371,371,20.7,590,3.0,77,79.6,247,
1800-12-22 18:56:50,390.0,4,0,64.0,1007.1,0.0,1,34,80.5,371,371,20.7,588,3.0,76,79.6,247,24.4
1800-12-22 18:56:52,392.0,4,0,63.0,1007.2,0.0,1,33,80.6,371,371,20.7,588,3.0,76,79.6,247,
1800-12-22 18:56:54,394.0,4,0,63.0,1007.2,2.0,0,33,80.6,371,371,20.6,587,3.0,76,79.6,247,
1800-12-22 18:56:56,396.0,4,0,66.0,1007.2,0.0,0,33,80.6,371,371,20.9,586,3.0,75,79.7,247,
1800-12-22 18:56:58,398.0,4,0,66.0,1007.2,0.0,0,33,80.7,371,371,21.0,586,3.0,75,79.9,247,
1800-12-22 18:57:00,400.0,4,0,66.0,1007.2,2.0,0,33,80.7,371,371,20.7,586,3.0,75,79.5,247,26.17
1800-12-22 18:57:02,402.0,4,0,66.0,1007.3,0.0,0,33,80.7,371,370,20.9,588,3.0,74,79.8,247,
1800-12-22 18:57:04,404.0,4,0,66.0,1007.2,0.0,0,34,80.8,371,371,20.8,591,3.0,74,79.7,246,
1800-12-22 18:57:06,406.0,4,0,64.0,1007.2,0.0,0,34,80.7,371,370,20.8,590,3.0,74,79.7,246,
1800-12-22 18:57:08,408.0,4,0,63.0,1007.2,0.0,0,34,80.8,371,370,20.9,590,3.0,74,79.8,246,
1800-12-22 18:57:10,410.0,4,0,63.0,1007.3,0.0,0,34,80.8,371,371,20.7,590,3.0,73,79.7,246,24.96
1800-12-22 18:57:12,412.0,4,0,62.0,1007.3,0.0,0,34,80.8,371,370,20.8,590,3.0,73,79.6,246,
1800-12-22 18:57:14,414.0,4,0,61.0,1007.2,0.0,0,34,80.8,371,370,20.8,588,3.0,73,79.6,246,
1800-12-22 18:57:16,416.0,5,0,60.0,1007.4,0.0,0,34,83.9,374,371,31.7,615,3.0,73,109.7,246,
1800-12-22 18:57:18,418.0,5,0,60.0,1008.4,0.0,0,34,89.2,381,381,47.0,669,3.6,73,126.1,246,
1800-12-22 18:57:20,420.0,5,0,58.0,1008.8,0.0,0,34,92.4,382,381,65.1,707,3.8,73,148.3,246,25.92
1800-12-22 18:57:22,422.0,5,1,58.0,1008.6,0.0,0,34,93.2,387,385,66.9,722,4.0,73,146.3,246,
1800-12-22 18:57:24,424.0,5,1,56.0,1008.5,2.0,0,34,94.1,388,387,71.5,733,4.1,73,152.2,246,
1800-12-22 18:57:26,426.0,5,1,54.0,1008.5,2.0,0,33,94.4,389,388,71.7,737,4.1,73,148.0,246,
1800-12-22 18:57:28,428.0,5,1,53.0,1008.5,4.0,0,33,94.1,391,391,69.7,733,4.1,73,147.6,246,
1800-12-22 18:57:30,430.0,5,1,52.0,1008.5,6.0,0,33,93.6,392,392,67.9,734,4.1,72,145.9,246,25.67
1800-12-22 18:57:32,432.0,5,1,49.0,1008.3,6.0,0,33,94.2,392,392,70.4,738,4.1,72,149.0,245,
1800-12-22 18:57:34,434.0,5,1,47.0,1008.3,7.0,0,33,94.7,392,392,73.9,749,4.1,72,154.3,245,
1800-12-22 18:57:36,436.0,5,1,45.0,1008.1,9.0,0,33,94.7,394,393,72.0,753,4.1,72,149.1,245,
1800-12-22 18:57:38,438.0,5,1,44.0,1008.0,15.0,1,33,94.6,393,393,73.1,748,4.1,72,154.9,245,
1800-12-22 18:57:40,440.0,5,1,44.0,1007.7,19.0,0,33,95.3,394,393,75.6,762,4.2,72,154.7,245,25.73
1800-12-22 18:57:42,442.0,5,1,41.0,1007.4,19.0,0,33,94.8,394,394,70.5,758,4.1,72,146.0,245,
1800-12-22 18:57:44,444.0,5,1,39.0,1007.1,20.0,9,33,93.1,394,394,63.2,741,4.0,72,137.2,245,
1800-12-22 18:57:46,446.0,7,1,37.0,1007.3,24.0,11,33,92.6,392,393,60.9,735,4.0,72,138.7,245,
1800-12-22 18:57:48,448.0,7,1,35.0,1007.3,20.0,3,33,93.2,392,392,65.7,741,4.0,72,144.8,245,
1800-12-22 18:57:50,450.0,7,1,34.0,1007.5,17.0,1,33,94.0,393,392,68.9,750,4.1,72,146.8,245,25.57
1800-12-22 18:57:52,452.0,7,1,33.0,1007.5,15.0,0,33,94.1,393,393,69.7,753,4.1,72,148.3,245,
1800-12-22 18:57:54,454.0,7,1,34.0,1007.5,15.0,18,33,93.5,394,394,68.2,753,4.1,72,144.6,244,
1800-12-22 18:57:56,456.0,7,1,33.0,1007.3,19.0,5,33,93.6,393,393,68.6,753,4.1,72,146.1,244,
1800-12-22 18:57:58,458.0,7,1,32.0,1007.2,30.0,11,33,93.1,393,393,64.8,747,4.0,72,140.7,244,
1800-12-22 18:58:00,460.0,7,1,31.0,1007.2,41.0,31,33,92.6,391,392,62.5,742,4.0,71,136.6,244,25.81
1800-12-22 18:58:02,462.0,7,1,31.0,1007.0,50.0,42,33,92.6,390,390,61.8,742,4.0,71,137.0,244,
1800-12-22 18:58:04,464.0,7,1,32.0,1006.4,57.0,57,33,92.5,388,388,60.0,742,3.9,71,134.7,244,
1800-12-22 18:58:06,466.0,7,1,36.0,1005.8,65.0,68,33,92.5,386,386,60.8,742,3.9,71,136.4,244,
1800-12-22 18:58:08,468.0,7,1,40.0,1005.2,70.0,79,33,92.7,385,385,64.1,741,4.0,71,137.8,244,
1800-12-22 18:58:10,470.0,7,1,45.0,1004.5,74.0,85,32,92.5,384,384,63.6,737,4.0,71,136.8,244,25.49
1800-12-22 18:58:12,472.0,7,1,51.0,1003.8,76.0,88,32,92.6,384,384,64.5,737,4.0,71,137.8,244,
1800-12-22 18:58:14,474.0,7,1,57.0,1002.9,80.0,96,32,92.6,384,384,63.4,737,4.0,71,136.1,244,
1800-12-22 18:58:16,476.0,7,1,63.0,1001.8,81.0,94,32,92.7,384,383,64.3,738,4.0,71,137.8,244,
1800-12-22 18:58:18,478.0,7,1,72.0,1001.4,83.0,90,32,92.5,384,384,63.5,736,4.0,71,135.3,244,
1800-12-22 18:58:20,480.0,7,1,81.0,1000.7,85.0,87,32,92.4,383,383,61.9,735,3.9,71,136.0,244,25.63
1800-12-22 18:58:22,482.0,7,1,90.0,999.8,83.0,87,31,92.5,384,383,63.6,737,4.0,72,135.5,243,
1800-12-22 18:58:24,484.0,7,1,99.0,998.8,83.0,85,31,92.5,384,383,64.9,737,4.0,72,137.9,243,
1800-12-22 18:58:26,486.0,7,1,106.0,998.5,83.0,90,31,92.7,384,384,64.9,735,3.9,72,137.4,243,
1800-12-22 18:58:28,488.0,7,1,110.0,998.2,87.0,101,31,92.8,384,384,64.4,736,3.9,72,136.4,243,
1800-12-22 18:58:30,490.0,7,1,113.0,997.7,94.0,111,31,92.9,384,384,67.0,739,3.9,72,141.8,243,25.76
1800-12-22 18:58:32,492.0,7,1,115.0,997.3,102.0,111,31,93.2,384,384,67.0,744,4.0,72,140.1,243,
1800-12-22 18:58:34,494.0,7,1,117.0,996.9,107.0,116,31,92.6,385,384,63.4,737,3.9,73,135.2,243,
1800-12-22 18:58:36,496.0,7,1,120.0,996.3,113.0,118,31,92.7,384,384,64.4,737,3.9,73,138.8,243,
1800-12-22 18:58:38,498.0,7,1,125.0,995.7,119.0,122,31,93.1,384,384,65.7,742,4.0,73,139.5,243,
1800-12-22 18:58:40,500.0,7,1,131.0,994.7,122.0,118,31,93.5,384,384,70.8,747,4.0,73,147.7,243,25.87
1800-12-22 18:58:42,502.0,7,1,141.0,993.4,120.0,112,31,94.2,384,384,73.2,756,4.1,73,149.4,242,
1800-12-22 18:58:44,504.0,7,1,153.0,991.7,115.0,105,30,94.3,384,384,73.5,758,4.1,73,148.6,242,
1800-12-22 18:58:46,506.0,7,1,169.0,989.7,109.0,103,30,94.3,384,384,73.6,758,4.1,73,148.8,242,
1800-12-22 18:58:48,508.0,7,1,186.0,988.0,104.0,98,30,94.4,384,384,74.0,759,4.1,73,149.1,242,
1800-12-22 18:58:50,510.0,7,1,203.0,986.4,100.0,96,30,94.3,384,384,73.7,759,4.0,73,147.4,242,25.73
1800-12-22 18:58:52,512.0,7,1,219.0,984.6,98.0,96,30,94.1,384,384,72.9,758,4.0,73,146.1,242,
1800-12-22 18:58:54,514.0,7,1,234.0,983.1,96.0,94,30,94.2,384,384,72.9,758,4.0,72,146.7,242,
1800-12-22 18:58:56,516.0,7,1,247.0,982.1,96.0,98,30,94.3,384,384,73.2,758,4.0,72,147.0,242,
1800-12-22 18:58:58,518.0,7,1,258.0,980.8,100.0,100,30,94.1,384,384,72.4,760,4.0,72,145.9,242,
1800-12-22 18:59:00,520.0,7,1,268.0,979.7,104.0,107,30,93.8,384,384,71.1,754,4.0,72,143.7,242,26.34
1800-12-22 18:59:02,522.0,7,1,277.0,979.0,106.0,111,29,93.6,384,384,69.9,753,4.0,72,143.3,242,
1800-12-22 18:59:04,524.0,7,1,284.0,978.6,113.0,118,29,94.0,384,384,71.5,754,4.0,72,145.2,241,
1800-12-22 18:59:06,526.0,7,1,289.0,978.0,119.0,125,29,94.0,385,384,71.1,757,4.0,72,145.1,241,
1800-12-22 18:59:08,528.0,7,1,293.0,977.6,126.0,127,29,93.9,385,384,70.8,756,4.0,72,143.2,241,
1800-12-22 18:59:10,530.0,7,1,297.0,976.6,131.0,133,29,93.9,385,384,71.1,756,4.0,72,144.9,241,25.78
1800-12-22 18:59:12,532.0,7,1,303.0,976.1,137.0,137,29,94.0,385,384,71.0,759,4.0,72,144.3,241,
1800-12-22 18:59:14,534.0,7,1,309.0,975.6,141.0,140,29,93.9,385,385,70.0,756,4.0,72,142.4,241,
1800-12-22 18:59:16,536.0,7,1,314.0,975.1,144.0,142,29,93.9,385,385,70.1,756,4.0,72,143.0,241,
1800-12-22 18:59:18,538.0,7,1,318.0,974.8,148.0,148,29,94.0,385,385,70.3,758,4.0,72,143.3,241,
1800-12-22 18:59:20,540.0,7,1,319.0,974.5,154.0,155,29,93.9,385,385,69.6,757,4.0,72,142.4,241,25.73
1800-12-22 18:59:22,542.0,7,1,320.0,974.3,159.0,161,29,94.0,385,385,69.3,758,4.0,72,142.2,241,
1800-12-22 18:59:24,544.0,7,1,319.0,974.5,165.0,168,29,93.8,385,385,68.1,757,4.0,72,139.8,241,
1800-12-22 18:59:26,546.0,7,1,318.0,974.5,170.0,170,29,93.7,386,385,67.2,755,4.0,71,140.3,241,
1800-12-22 18:59:28,548.0,7,1,317.0,974.5,176.0,175,29,93.8,386,385,67.7,756,4.0,71,140.4,240,
1800-12-22 18:59:30,550.0,7,1,314.0,974.8,180.0,177,29,93.7,386,385,67.1,755,4.0,71,139.9,240,25.69
1800-12-22 18:59:32,552.0,7,1,312.0,975.1,183.0,185,29,93.7,386,385,66.6,756,4.0,71,138.7,240,
1800-12-22 18:59:34,554.0,7,1,310.0,975.1,185.0,185,29,93.6,386,385,66.7,756,4.0,71,140.0,240,
1800-12-22 18:59:36,556.0,7,1,309.0,975.2,189.0,185,29,93.7,386,385,66.8,756,4.0,70,139.0,240,
1800-12-22 18:59:38,558.0,7,1,308.0,975.3,191.0,183,29,93.7,386,385,67.0,756,4.0,70,140.7,240,
1800-12-22 18:59:40,560.0,7,1,308.0,975.1,193.0,183,29,93.8,385,385,67.4,758,4.0,70,140.6,240,25.84
1800-12-22 18:59:42,562.0,7,1,306.0,975.3,194.0,183,29,93.7,385,385,67.5,758,4.0,70,140.7,240,
1800-12-22 18:59:44,564.0,7,1,303.0,975.3,194.0,187,29,93.7,385,385,67.2,756,4.0,69,140.4,240,
1800-12-22 18:59:46,566.0,7,1,300.0,975.5,194.0,190,29,93.5,386,385,66.5,755,4.0,69,138.3,240,
1800-12-22 18:59:48,568.0,7,1,298.0,975.5,196.0,185,29,93.5,386,385,66.9,755,4.0,69,139.9,240,
1800-12-22 18:59:50,570.0,7,1,297.0,975.4,196.0,188,29,93.6,386,385,66.6,756,4.1,69,139.3,240,25.75
1800-12-22 18:59:52,572.0,7,1,297.0,975.7,196.0,187,29,93.5,386,385,65.4,753,4.0,69,137.1,240,
1800-12-22 18:59:54,574.0,7,1,296.0,975.6,196.0,188,29,92.9,386,385,63.3,748,4.0,68,132.7,240,
1800-12-22 18:59:56,576.0,7,1,296.0,975.8,196.0,188,29,92.5,385,385,59.2,739,4.0,68,131.9,240,
1800-12-22 18:59:58,578.0,7,1,295.0,976.0,196.0,187,29,92.7,385,385,60.7,740,4.0,68,131.3,239,
1800-12-22 19:00:00,580.0,7,1,295.0,976.0,198.0,187,29,92.7,385,385,59.4,740,4.0,68,130.6,239,25.94
1800-12-22 19:00:02,582.0,7,1,295.0,976.0,198.0,187,29,92.7,385,385,60.0,740,4.0,68,133.0,239,
1800-12-22 19:00:04,584.0,7,1,296.0,976.1,196.0,187,29,93.0,385,385,60.5,743,4.0,67,132.6,239,
1800-12-22 19:00:06,586.0,7,1,294.0,976.3,196.0,190,29,92.7,385,385,59.1,740,4.0,67,130.4,239,
1800-12-22 19:00:08,588.0,7,1,294.0,976.2,198.0,192,29,92.7,385,385,61.3,739,4.0,67,134.4,239,
1800-12-22 19:00:10,590.0,7,1,294.0,976.1,196.0,187,29,93.1,386,385,62.8,743,4.0,67,134.8,239,25.72
1800-12-22 19:00:12,592.0,7,1,294.0,976.2,194.0,188,29,92.9,386,385,62.4,742,4.0,67,133.1,239,
1800-12-22 19:00:14,594.0,7,1,294.0,976.0,193.0,187,29,93.0,385,385,63.3,742,4.0,67,135.3,239,
1800-12-22 19:00:16,596.0,7,1,294.0,976.2,193.0,190,29,93.0,386,385,63.1,742,4.1,66,134.3,239,
1800-12-22 19:00:18,598.0,7,1,293.0,976.5,193.0,185,29,92.8,386,385,62.3,739,4.1,66,132.7,239,
1800-12-22 19:00:20,600.0,7,1,292.0,976.6,193.0,192,29,92.6,385,385,60.8,737,4.0,66,131.2,239,25.64
1800-12-22 19:00:22,602.0,7,1,292.0,976.6,193.0,183,29,92.7,385,385,60.2,737,4.0,66,133.1,238,
1800-12-22 19:00:24,604.0,7,1,293.0,976.2,191.0,181,29,93.2,385,385,64.0,740,4.1,66,135.5,238,
1800-12-22 19:00:26,606.0,7,1,295.0,976.0,189.0,177,29,93.1,386,385,63.8,742,4.1,66,135.5,238,
1800-12-22 19:00:28,608.0,7,1,297.0,975.8,187.0,179,29,93.2,385,385,64.2,741,4.1,66,135.6,238,
1800-12-22 19:00:30,610.0,7,1,299.0,975.9,187.0,177,29,93.1,386,385,63.8,740,4.1,66,135.2,238,25.03
1800-12-22 19:00:32,612.0,7,1,301.0,975.6,189.0,181,29,93.1,385,385,63.9,740,4.1,66,135.5,238,
1800-12-22 19:00:34,614.0,7,1,302.0,975.5,189.0,181,29,93.1,385,385,64.5,742,4.1,66,135.9,238,
1800-12-22 19:00:36,616.0,7,1,303.0,975.1,191.0,181,28,93.2,386,385,64.6,742,4.1,65,136.6,238,
1800-12-22 19:00:38,618.0,7,1,305.0,974.8,191.0,183,28,93.3,386,385,65.0,743,4.1,65,136.7,238,
1800-12-22 19:00:40,620.0,7,1,307.0,974.7,191.0,181,28,93.4,386,385,65.5,743,4.1,65,137.3,238,25.58
1800-12-22 19:00:42,622.0,7,1,309.0,974.6,191.0,183,28,93.4,386,385,65.5,744,4.1,65,137.7,237,
1800-12-22 19:00:44,624.0,7,1,311.0,974.5,191.0,181,28,93.5,386,385,66.0,744,4.1,65,138.4,237,
1800-12-22 19:00:46,626.0,7,1,312.0,974.3,191.0,179,28,93.5,386,385,66.2,745,4.1,65,138.2,237,
1800-12-22 19:00:48,628.0,7,1,313.0,974.1,191.0,181,28,93.5,386,385,66.5,745,4.1,65,139.2,237,
1800-12-22 19:00:50,630.0,7,1,316.0,973.7,191.0,183,28,93.7,386,385,67.7,747,4.2,65,140.8,237,25.71
1800-12-22 19:00:52,632.0,7,1,318.0,973.7,191.0,181,28,93.8,386,385,68.3,748,4.2,65,140.8,237,
1800-12-22 19:00:54,634.0,7,1,320.0,973.3,191.0,183,28,93.9,386,385,68.6,750,4.2,65,141.6,237,
1800-12-22 19:00:56,636.0,7,1,321.0,973.2,191.0,183,28,93.9,386,385,68.3,750,4.2,65,141.1,237,
1800-12-22 19:00:58,638.0,7,1,322.0,973.2,193.0,185,28,93.8,386,385,68.3,750,4.2,65,141.0,237,
1800-12-22 19:01:00,640.0,7,1,323.0,973.0,193.0,185,28,93.8,386,385,68.2,750,4.2,64,140.7,237,25.81
1800-12-22 19:01:02,642.0,7,1,322.0,973.1,194.0,187,28,93.8,386,385,68.3,750,4.2,64,140.9,237,
1800-12-22 19:01:04,644.0,7,1,323.0,973.0,194.0,187,28,93.8,386,386,68.3,750,4.2,64,141.4,236,
1800-12-22 19:01:06,646.0,7,1,323.0,973.1,196.0,188,28,93.9,386,385,68.6,752,4.2,64,141.1,236,
1800-12-22 19:01:08,648.0,7,1,324.0,972.9,198.0,188,28,93.9,386,385,68.3,752,4.2,64,141.2,236,
1800-12-22 19:01:10,650.0,7,1,325.0,972.6,198.0,188,28,93.9,386,385,68.7,752,4.2,64,141.4,236,26.8
1800-12-22 19:01:12,652.0,7,1,325.0,972.6,198.0,187,28,94.0,386,386,68.6,753,4.2,64,141.2,236,
1800-12-22 19:01:14,654.0,7,1,326.0,972.6,198.0,190,28,93.9,386,385,68.6,753,4.2,64,141.4,236,
1800-12-22 19:01:16,656.0,7,1,326.0,972.7,198.0,190,28,93.9,386,386,68.2,752,4.2,64,140.7,236,
1800-12-22 19:01:18,658.0,7,1,326.0,972.5,198.0,192,28,93.9,386,386,68.7,752,4.2,64,140.7,236,
1800-12-22 19:01:20,660.0,7,1,326.0,972.4,198.0,190,28,93.8,386,386,68.4,752,4.2,64,140.4,236,25.15
1800-12-22 19:01:22,662.0,7,1,327.0,972.4,198.0,190,28,93.9,386,385,68.7,752,4.2,64,141.8,236,
1800-12-22 19:01:24,664.0,7,1,328.0,972.3,198.0,188,28,93.9,386,386,68.8,753,4.2,63,141.0,236,
1800-12-22 19:01:26,666.0,7,1,330.0,972.3,198.0,190,28,93.9,386,386,68.6,753,4.2,63,140.8,235,
1800-12-22 19:01:28,668.0,7,1,330.0,972.5,198.0,192,28,93.8,386,386,68.0,752,4.2,63,139.9,235,
1800-12-22 19:01:30,670.0,7,1,327.0,972.6,200.0,190,28,93.8,386,386,67.9,751,4.2,63,140.0,235,26.61
1800-12-22 19:01:32,672.0,7,1,326.0,972.9,200.0,188,28,93.7,386,386,67.6,751,4.2,63,139.3,235,
1800-12-22 19:01:34,674.0,7,1,325.0,972.9,202.0,192,28,93.6,386,386,67.1,749,4.2,63,138.9,235,
1800-12-22 19:01:36,676.0,7,1,325.0,972.7,200.0,190,28,93.7,386,385,68.0,750,4.2,63,140.4,235,
1800-12-22 19:01:38,678.0,7,1,326.0,972.2,198.0,188,28,93.4,386,386,66.3,745,4.2,63,136.1,235,
1800-12-22 19:01:40,680.0,7,1,328.0,972.2,198.0,190,28,93.3,386,385,65.7,745,4.2,63,136.9,235,26.29
1800-12-22 19:01:42,682.0,7,1,330.0,972.1,196.0,188,28,93.2,386,385,65.0,743,4.2,63,135.9,235,
1800-12-22 19:01:44,684.0,7,1,331.0,972.1,196.0,188,28,93.4,386,385,65.4,743,4.2,63,136.8,235,
1800-12-22 19:01:46,686.0,7,1,332.0,972.1,196.0,188,28,93.3,386,385,65.4,743,4.2,63,136.4,235,
1800-12-22 19:01:48,688.0,7,1,331.0,972.1,196.0,185,28,93.3,386,385,65.7,743,4.2,63,136.4,234,
1800-12-22 19:01:50,690.0,7,1,330.0,972.3,198.0,188,28,93.3,386,385,65.4,743,4.2,63,135.9,234,25.73
1800-12-22 19:01:52,692.0,7,1,330.0,972.3,196.0,187,28,93.3,386,385,65.5,743,4.2,63,136.8,234,
1800-12-22 19:01:54,694.0,7,1,330.0,972.1,196.0,188,28,93.3,386,385,65.3,742,4.2,62,136.3,234,
1800-12-22 19:01:56,696.0,7,1,330.0,972.0,196.0,188,28,93.0,386,385,64.4,739,4.2,62,133.4,234,
1800-12-22 19:01:58,698.0,7,1,331.0,972.0,196.0,187,28,92.9,386,385,63.0,737,4.2,62,133.0,234,
1800-12-22 19:02:00,700.0,7,1,331.0,972.3,196.0,185,28,92.9,386,385,63.1,737,4.2,62,133.0,234,25.83
1800-12-22 19:02:02,702.0,7,1,328.0,972.5,196.0,187,28,92.9,386,385,62.8,735,4.2,62,132.2,234,
1800-12-22 19:02:04,704.0,7,1,326.0,972.7,196.0,187,28,92.8,386,385,62.5,734,4.1,62,132.3,234,
1800-12-22 19:02:06,706.0,6,1,324.0,972.8,196.0,187,28,92.6,385,385,60.7,731,4.1,62,130.1,233,
1800-12-22 19:02:08,708.0,6,1,324.0,972.9,196.0,187,28,92.8,385,385,60.3,732,4.1,62,131.4,233,
1800-12-22 19:02:10,710.0,6,1,323.0,972.9,194.0,183,28,92.6,385,385,60.7,731,4.1,62,130.2,233,25.91
1800-12-22 19:02:12,712.0,6,1,322.0,973.2,194.0,183,28,92.6,385,385,59.6,729,4.1,62,131.3,233,
1800-12-22 19:02:14,714.0,6,1,321.0,973.2,194.0,183,28,92.7,385,385,61.6,732,4.1,62,131.5,233,
1800-12-22 19:02:16,716.0,6,1,318.0,973.6,194.0,187,28,92.6,385,385,60.5,730,4.1,62,131.5,233,
1800-12-22 19:02:18,718.0,6,1,315.0,974.1,194.0,187,28,92.5,385,385,61.1,730,4.1,62,130.2,233,
1800-12-22 19:02:20,720.0,6,1,310.0,974.8,194.0,190,28,92.5,385,385,59.8,729,4.1,62,131.0,233,25.77
1800-12-22 19:02:22,722.0,6,1,304.0,975.5,198.0,190,28,92.7,385,385,59.7,732,4.1,62,130.8,233,
1800-12-22 19:02:24,724.0,6,1,299.0,976.0,200.0,192,28,92.7,385,385,59.3,731,4.1,62,130.3,233,
1800-12-22 19:02:26,726.0,6,1,294.0,976.3,202.0,187,28,92.7,385,385,60.1,732,4.1,62,132.0,233,
1800-12-22 19:02:28,728.0,6,1,289.0,976.3,202.0,188,28,93.0,385,385,60.7,734,4.2,62,132.3,233,
1800-12-22 19:02:30,730.0,6,1,286.0,976.8,200.0,188,28,92.8,385,385,60.0,732,4.1,62,131.0,233,25.62
1800-12-22 19:02:32,732.0,6,1,285.0,977.2,198.0,188,28,92.5,385,385,58.7,728,4.1,62,128.8,233,
1800-12-22 19:02:34,734.0,6,1,282.0,977.6,198.0,188,28,92.4,385,385,58.4,728,4.1,62,128.8,232,
1800-12-22 19:02:36,736.0,6,1,281.0,977.7,200.0,190,28,92.5,385,385,59.0,729,4.1,62,130.3,232,
1800-12-22 19:02:38,738.0,6,1,280.0,978.1,198.0,188,28,92.5,385,385,59.1,729,4.1,62,129.3,232,
1800-12-22 19:02:40,740.0,6,1,281.0,978.3,196.0,188,28,92.3,385,385,58.0,724,4.1,62,128.7,232,25.69
1800-12-22 19:02:42,742.0,6,1,281.0,978.6,194.0,188,28,92.3,385,385,57.6,725,4.1,62,128.4,232,
1800-12-22 19:02:44,744.0,6,1,284.0,979.0,193.0,187,28,92.2,386,385,57.3,723,4.1,61,127.1,232,
1800-12-22 19:02:46,746.0,6,1,284.0,979.3,193.0,185,28,92.1,385,385,57.0,722,4.1,61,127.9,232,
1800-12-22 19:02:48,748.0,6,1,285.0,979.4,193.0,185,28,92.2,385,385,57.7,723,4.1,61,128.2,232,
1800-12-22 19:02:50,750.0,6,1,289.0,979.2,189.0,183,28,92.3,385,385,57.4,723,4.1,61,128.3,232,25.69
1800-12-22 19:02:52,752.0,6,1,293.0,979.3,187.0,181,28,92.3,385,385,58.1,724,4.1,61,128.6,232,
1800-12-22 19:02:54,754.0,6,1,293.0,979.4,187.0,181,28,92.3,385,385,58.1,723,4.1,61,129.3,232,
1800-12-22 19:02:56,756.0,6,1,290.0,979.7,187.0,179,28,92.4,385,385,58.6,725,4.1,61,129.4,232,
1800-12-22 19:02:58,758.0,6,1,285.0,980.1,189.0,185,28,92.5,385,385,58.6,726,4.1,61,129.4,231,
1800-12-22 19:03:00,760.0,6,1,277.0,980.8,191.0,185,28,92.2,386,385,57.4,723,4.1,61,127.6,231,26.49
1800-12-22 19:03:02,762.0,6,1,270.0,981.3,193.0,187,28,92.2,385,385,57.9,722,4.1,61,128.7,231,
1800-12-22 19:03:04,764.0,6,1,264.0,982.0,194.0,188,28,92.0,386,385,56.5,720,4.1,61,125.9,231,
1800-12-22 19:03:06,766.0,6,1,257.0,982.3,198.0,188,28,92.0,385,385,57.4,720,4.1,61,128.4,231,
1800-12-22 19:03:08,768.0,6,1,252.0,982.9,200.0,187,28,92.1,386,385,56.9,721,4.1,61,127.2,231,
1800-12-22 19:03:10,770.0,6,1,247.0,983.1,200.0,188,28,92.1,385,385,56.8,720,4.1,61,127.6,231,25.55
1800-12-22 19:03:12,772.0,6,1,244.0,983.4,200.0,185,28,92.1,385,385,56.8,720,4.1,61,128.1,231,
1800-12-22 19:03:14,774.0,6,1,242.0,983.4,200.0,187,28,92.1,385,385,57.2,720,4.1,61,127.2,231,
1800-12-22 19:03:16,776.0,6,1,240.0,983.6,200.0,187,28,92.0,385,385,56.3,719,4.1,61,126.2,231,
1800-12-22 19:03:18,778.0,6,1,237.0,984.0,198.0,185,28,91.8,386,385,55.3,716,4.1,61,124.5,231,
1800-12-22 19:03:20,780.0,6,1,235.0,984.0,198.0,185,28,91.7,385,385,56.8,715,4.1,61,129.3,231,26.73
1800-12-22 19:03:22,782.0,6,1,233.0,984.2,198.0,181,28,92.5,385,385,60.8,723,4.1,61,134.2,231,
1800-12-22 19:03:24,784.0,6,1,231.0,984.3,196.0,183,28,92.6,385,385,61.2,727,4.2,61,132.4,230,
1800-12-22 19:03:26,786.0,6,1,229.0,984.4,196.0,181,28,92.7,385,385,60.5,728,4.2,61,133.0,230,
1800-12-22 19:03:28,788.0,6,1,227.0,984.4,196.0,185,28,92.8,385,385,60.6,731,4.2,61,132.6,230,
1800-12-22 19:03:30,790.0,6,1,225.0,984.7,196.0,185,28,92.8,385,385,60.4,730,4.2,61,132.3,230,25.21
1800-12-22 19:03:32,792.0,6,1,223.0,984.8,196.0,183,28,92.5,385,385,59.5,727,4.2,61,130.8,230,
1800-12-22 19:03:34,794.0,6,1,222.0,984.9,196.0,183,28,92.7,385,385,60.3,727,4.2,61,132.2,230,
1800-12-22 19:03:36,796.0,6,1,221.0,984.9,196.0,183,29,92.6,385,385,60.0,729,4.2,61,131.6,230,
1800-12-22 19:03:38,798.0,6,1,221.0,985.0,196.0,181,29,92.6,385,385,59.9,729,4.2,61,130.8,230,
1800-12-22 19:03:40,800.0,6,1,222.0,984.8,196.0,183,29,92.5,385,385,59.3,727,4.2,61,130.9,230,26.64
1800-12-22 19:03:42,802.0,6,1,224.0,984.8,194.0,183,29,92.7,385,385,60.3,728,4.2,61,132.1,230,
1800-12-22 19:03:44,804.0,6,1,225.0,985.0,194.0,185,29,92.7,385,385,59.6,728,4.1,61,130.9,230,
1800-12-22 19:03:46,806.0,6,1,225.0,985.2,194.0,181,29,92.4,385,385,58.9,727,4.1,61,129.8,230,
1800-12-22 19:03:48,808.0,6,1,226.0,985.1,194.0,183,29,92.4,385,385,59.8,726,4.1,61,132.3,229,
1800-12-22 19:03:50,810.0,6,1,227.0,985.2,193.0,181,29,92.6,385,385,59.9,727,4.2,61,130.9,229,25.07
1800-12-22 19:03:52,812.0,6,1,226.0,985.3,193.0,181,29,92.5,385,385,59.4,727,4.1,61,130.8,229,
1800-12-22 19:03:54,814.0,6,1,224.0,985.4,193.0,181,29,92.6,385,385,59.8,727,4.1,61,131.9,229,
1800-12-22 19:03:56,816.0,6,1,222.0,985.7,193.0,183,29,92.6,385,385,59.9,728,4.2,61,131.6,229,
1800-12-22 19:03:58,818.0,6,1,219.0,986.1,193.0,183,29,92.5,385,385,59.4,728,4.1,61,131.2,229,
1800-12-22 19:04:00,820.0,6,1,217.0,986.3,194.0,185,29,92.7,385,385,60.6,728,4.1,61,132.5,229,25.63
1800-12-22 19:04:02,822.0,6,1,216.0,986.6,194.0,185,29,92.6,385,385,59.5,728,4.1,61,130.8,229,
1800-12-22 19:04:04,824.0,6,1,214.0,986.7,196.0,181,29,92.4,385,385,59.1,726,4.2,61,130.1,229,
1800-12-22 19:04:06,826.0,6,1,212.0,986.8,196.0,183,29,92.4,385,385,59.7,726,4.2,61,131.6,229,
1800-12-22 19:04:08,828.0,6,1,210.0,986.7,194.0,183,29,92.2,385,385,58.7,725,4.1,61,129.2,228,
1800-12-22 19:04:10,830.0,6,1,208.0,986.8,194.0,183,29,92.2,385,385,58.2,724,4.1,61,129.9,228,25.61
1800-12-22 19:04:12,832.0,6,1,207.0,986.9,193.0,181,29,92.4,385,385,58.4,724,4.1,61,129.4,228,
1800-12-22 19:04:14,834.0,6,1,205.0,987.1,193.0,179,29,92.2,385,385,58.2,722,4.1,61,128.5,228,
1800-12-22 19:04:16,836.0,6,1,203.0,987.1,193.0,179,29,92.2,385,385,58.4,722,4.1,61,129.8,228,
1800-12-22 19:04:18,838.0,6,1,201.0,987.4,193.0,179,29,92.5,385,385,60.1,724,4.1,61,132.8,228,
1800-12-22 19:04:20,840.0,6,1,199.0,987.3,193.0,179,29,92.7,385,385,62.0,729,4.2,61,133.9,228,25.58
1800-12-22 19:04:22,842.0,6,1,199.0,987.1,193.0,179,29,92.5,386,385,62.2,727,4.2,61,133.1,228,
1800-12-22 19:04:24,844.0,6,1,199.0,986.9,191.0,175,29,92.6,386,385,63.0,727,4.2,61,134.6,228,
1800-12-22 19:04:26,846.0,6,1,200.0,986.8,191.0,177,29,92.8,386,385,63.8,729,4.2,61,135.2,228,
1800-12-22 19:04:28,848.0,6,1,201.0,986.7,191.0,175,29,92.6,386,385,63.1,728,4.2,61,133.4,228,
1800-12-22 19:04:30,850.0,6,1,202.0,986.4,191.0,179,29,92.7,386,385,63.2,728,4.2,61,134.2,227,26.57
1800-12-22 19:04:32,852.0,6,1,203.0,986.3,191.0,177,29,92.8,386,385,63.7,729,4.2,61,134.4,227,
1800-12-22 19:04:34,854.0,6,1,206.0,985.8,191.0,177,29,92.9,385,385,65.1,730,4.2,61,136.5,227,
1800-12-22 19:04:36,856.0,6,1,209.0,985.5,189.0,175,29,92.9,386,385,65.0,732,4.2,61,136.9,227,
1800-12-22 19:04:38,858.0,6,1,212.0,985.2,189.0,174,29,93.0,386,385,65.3,735,4.2,61,137.1,227,
1800-12-22 19:04:40,860.0,6,1,215.0,985.1,189.0,177,29,93.2,386,385,66.1,736,4.2,61,137.9,227,25.53
1800-12-22 19:04:42,862.0,6,1,216.0,985.1,189.0,177,29,93.0,386,385,65.1,735,4.2,61,136.3,227,
1800-12-22 19:04:44,864.0,6,1,216.0,985.0,191.0,179,29,93.0,386,385,65.1,735,4.2,61,136.2,227,
1800-12-22 19:04:46,866.0,6,1,217.0,984.9,193.0,179,29,93.1,386,385,65.5,735,4.2,61,137.0,227,
1800-12-22 19:04:48,868.0,6,1,218.0,984.9,193.0,181,29,93.0,386,385,65.2,735,4.2,61,136.6,227,
1800-12-22 19:04:50,870.0,6,1,218.0,984.8,194.0,181,29,93.1,386,385,65.2,736,4.2,61,136.8,227,25.47
1800-12-22 19:04:52,872.0,6,1,218.0,984.7,194.0,181,29,93.1,386,385,65.4,736,4.2,61,136.5,227,
1800-12-22 19:04:54,874.0,6,1,218.0,984.6,194.0,183,29,93.1,386,385,64.8,736,4.2,61,136.7,226,
1800-12-22 19:04:56,876.0,6,1,217.0,984.6,196.0,181,29,93.1,386,385,65.5,737,4.2,61,136.7,226,
1800-12-22 19:04:58,878.0,6,1,217.0,984.4,196.0,183,29,93.1,386,385,65.0,736,4.2,61,136.1,226,
1800-12-22 19:05:00,880.0,6,1,216.0,984.5,198.0,183,29,93.1,386,385,65.2,736,4.2,61,136.1,226,25.76
1800-12-22 19:05:02,882.0,6,1,215.0,984.4,198.0,185,29,93.1,386,385,65.1,736,4.2,61,135.9,226,
1800-12-22 19:05:04,884.0,6,1,213.0,984.7,198.0,185,29,93.0,386,385,64.7,735,4.2,61,135.9,226,
1800-12-22 19:05:06,886.0,6,1,213.0,984.5,200.0,185,29,93.0,386,385,64.5,735,4.2,61,136.0,226,
1800-12-22 19:05:08,888.0,6,1,214.0,984.3,200.0,185,29,93.0,386,386,64.4,735,4.2,61,135.1,226,
1800-12-22 19:05:10,890.0,6,1,215.0,984.0,198.0,183,29,92.9,386,385,65.1,735,4.2,61,137.0,226,25.56
1800-12-22 19:05:12,892.0,6,1,217.0,983.8,196.0,183,29,93.2,386,385,65.9,737,4.2,61,138.4,226,
1800-12-22 19:05:14,894.0,6,1,220.0,983.5,196.0,181,29,93.4,386,385,67.4,740,4.2,61,139.8,226,
1800-12-22 19:05:16,896.0,6,1,223.0,983.3,196.0,181,28,93.5,386,385,67.0,741,4.2,61,138.8,225,
1800-12-22 19:05:18,898.0,6,1,224.0,983.4,196.0,183,28,93.4,386,385,66.7,740,4.2,61,138.1,225,
1800-12-22 19:05:20,900.0,6,1,225.0,983.1,196.0,185,28,93.3,386,385,66.6,740,4.2,61,138.8,225,25.63
1800-12-22 19:05:22,902.0,6,1,226.0,983.0,198.0,187,28,93.4,386,385,66.6,740,4.2,61,138.0,225,
1800-12-22 19:05:24,904.0,6,1,228.0,982.6,198.0,185,28,93.3,386,385,66.5,740,4.2,61,138.4,225,
1800-12-22 19:05:26,906.0,6,1,230.0,982.2,198.0,183,28,93.4,386,385,66.9,741,4.3,61,138.8,225,
1800-12-22 19:05:28,908.0,6,1,234.0,981.7,196.0,183,28,93.3,386,385,66.6,740,4.2,61,138.4,225,
1800-12-22 19:05:30,910.0,6,1,238.0,981.3,194.0,181,28,93.4,386,385,67.1,742,4.2,61,139.0,225,25.26
1800-12-22 19:05:32,912.0,6,1,242.0,981.1,194.0,177,28,93.4,386,385,67.1,741,4.2,61,138.6,225,
1800-12-22 19:05:34,914.0,6,1,245.0,980.7,194.0,181,28,93.5,386,385,67.5,743,4.2,61,139.8,225,
1800-12-22 19:05:36,916.0,6,1,248.0,980.5,194.0,177,28,93.4,386,385,67.4,742,4.2,61,138.5,225,
1800-12-22 19:05:38,918.0,6,1,251.0,980.1,194.0,179,28,93.4,386,385,66.5,741,4.2,61,138.4,224,
1800-12-22 19:05:40,920.0,6,1,254.0,979.8,194.0,179,28,93.4,386,385,67.3,742,4.2,61,139.2,224,25.53
1800-12-22 19:05:42,922.0,6,1,257.0,979.3,193.0,175,28,93.4,386,385,68.0,743,4.2,61,140.2,224,
1800-12-22 19:05:44,924.0,6,1,261.0,979.1,193.0,179,28,93.4,386,385,67.4,742,4.2,61,138.9,224,
1800-12-22 19:05:46,926.0,6,1,264.0,979.0,193.0,179,28,93.4,386,385,67.8,743,4.3,61,139.4,224,
1800-12-22 19:05:48,928.0,6,1,265.0,978.9,194.0,179,28,93.4,386,385,67.0,744,4.2,61,138.2,224,
1800-12-22 19:05:50,930.0,6,1,265.0,978.9,196.0,181,28,93.4,386,385,67.0,744,4.2,61,138.4,224,25.73
1800-12-22 19:05:52,932.0,6,1,265.0,978.7,198.0,185,28,93.5,386,385,67.0,743,4.2,61,139.1,224,
1800-12-22 19:05:54,934.0,6,1,265.0,978.7,198.0,183,28,93.3,386,385,66.4,742,4.2,61,137.0,224,
1800-12-22 19:05:56,936.0,6,1,265.0,978.7,198.0,183,28,93.2,386,385,65.8,740,4.2,61,136.2,224,
1800-12-22 19:05:58,938.0,6,1,264.0,978.8,200.0,185,28,93.2,386,385,65.3,740,4.2,61,135.7,224,
1800-12-22 19:06:00,940.0,6,1,262.0,979.0,200.0,187,28,93.2,386,385,65.2,740,4.2,61,135.8,224,26.14
1800-12-22 19:06:02,942.0,6,1,260.0,979.3,202.0,188,28,93.0,386,385,64.7,739,4.2,61,136.1,223,
1800-12-22 19:06:04,944.0,6,1,257.0,979.5,204.0,188,28,93.2,386,385,65.5,740,4.2,61,136.5,223,
1800-12-22 19:06:06,946.0,6,1,254.0,979.9,206.0,194,28,93.2,386,385,64.8,739,4.2,61,135.4,223,
1800-12-22 19:06:08,948.0,6,1,250.0,980.3,207.0,194,28,92.8,386,385,63.6,736,4.2,61,132.8,223,
1800-12-22 19:06:10,950.0,6,1,246.0,980.7,207.0,194,28,92.7,386,385,62.2,734,4.2,61,131.4,223,24.69
1800-12-22 19:06:12,952.0,6,1,243.0,981.1,209.0,194,28,92.5,385,385,61.2,732,4.2,61,131.0,223,
1800-12-22 19:06:14,954.0,6,1,239.0,981.6,209.0,194,28,92.7,385,385,61.8,732,4.2,61,133.7,223,
1800-12-22 19:06:16,956.0,6,1,234.0,982.1,209.0,196,28,92.5,385,385,61.2,731,4.2,61,131.4,223,
1800-12-22 19:06:18,958.0,6,1,231.0,982.6,211.0,196,28,93.0,385,385,61.2,734,4.2,61,133.4,223,
1800-12-22 19:06:20,960.0,6,1,227.0,983.0,211.0,198,28,93.0,385,385,61.3,736,4.2,61,132.8,223,25.5
1800-12-22 19:06:22,962.0,6,1,222.0,983.6,211.0,196,29,93.0,385,385,61.4,736,4.2,61,133.3,223,
1800-12-22 19:06:24,964.0,6,1,217.0,984.0,211.0,198,29,92.8,385,385,62.2,735,4.2,61,133.6,223,
1800-12-22 19:06:26,966.0,6,1,213.0,984.5,213.0,196,29,92.6,385,385,61.0,732,4.2,61,132.3,222,
1800-12-22 19:06:28,968.0,6,1,211.0,984.4,211.0,196,29,92.8,385,385,61.2,734,4.2,61,133.8,222,
1800-12-22 19:06:30,970.0,6,1,210.0,984.7,209.0,192,29,92.7,385,385,61.5,732,4.2,61,131.5,222,25.66
1800-12-22 19:06:32,972.0,6,1,209.0,984.8,207.0,190,29,92.8,385,385,61.1,733,4.2,61,132.8,222,
1800-12-22 19:06:34,974.0,6,1,209.0,984.7,206.0,188,29,92.7,385,385,60.5,732,4.2,61,132.4,222,
1800-12-22 19:06:36,976.0,6,1,210.0,984.6,204.0,187,29,92.9,385,385,60.9,733,4.2,61,132.6,222,
1800-12-22 19:06:38,978.0,6,1,211.0,984.6,204.0,188,29,92.8,385,385,60.9,733,4.2,61,132.3,222,
1800-12-22 19:06:40,980.0,6,1,212.0,984.6,202.0,185,29,92.8,385,385,61.1,733,4.2,61,133.6,222,25.67
1800-12-22 19:06:42,982.0,6,1,212.0,984.9,202.0,187,29,92.9,385,385,61.3,735,4.2,61,133.0,222,
1800-12-22 19:06:44,984.0,6,1,211.0,984.9,202.0,187,29,92.9,385,385,61.5,735,4.2,61,133.8,222,
1800-12-22 19:06:46,986.0,6,1,211.0,985.0,200.0,181,29,92.9,385,385,61.3,735,4.2,61,132.9,222,
1800-12-22 19:06:48,988.0,6,1,212.0,984.7,200.0,183,29,92.9,385,385,61.6,734,4.2,61,134.3,221,
1800-12-22 19:06:50,990.0,6,1,214.0,984.6,198.0,183,29,92.7,386,385,62.7,731,4.2,61,132.6,221,25.58
1800-12-22 19:06:52,992.0,6,1,217.0,984.7,198.0,177,29,92.5,386,385,62.2,729,4.2,61,132.2,221,
1800-12-22 19:06:54,994.0,6,1,218.0,984.6,198.0,181,29,92.4,386,385,62.0,729,4.2,61,131.9,221,
1800-12-22 19:06:56,996.0,6,1,220.0,984.6,198.0,181,29,92.6,385,385,62.2,729,4.2,61,133.4,221,
1800-12-22 19:06:58,998.0,6,1,220.0,984.5,198.0,181,29,92.5,386,385,62.1,728,4.2,61,131.8,221,
1800-12-22 19:07:00,1000.0,6,1,221.0,984.6,196.0,181,29,92.6,385,385,61.9,728,4.2,61,133.0,221,25.76
1800-12-22 19:07:02,1002.0,6,1,222.0,984.5,198.0,181,29,92.6,385,385,61.3,728,4.2,61,133.1,221,
1800-12-22 19:07:04,1004.0,6,1,223.0,984.3,196.0,179,29,93.0,385,385,61.4,733,4.2,61,133.6,221,
1800-12-22 19:07:06,1006.0,6,1,225.0,983.9,194.0,177,29,92.6,386,385,62.8,730,4.2,61,132.6,221,
1800-12-22 19:07:08,1008.0,6,1,228.0,983.7,194.0,174,29,92.6,386,385,62.9,729,4.2,61,132.9,220,
1800-12-22 19:07:10,1010.0,6,1,229.0,983.4,193.0,175,29,92.7,386,385,62.5,729,4.2,61,132.0,220,26.0
1800-12-22 19:07:12,1012.0,6,1,232.0,983.2,193.0,177,29,92.6,386,385,62.7,729,4.2,61,132.5,220,
1800-12-22 19:07:14,1014.0,6,1,234.0,982.9,191.0,172,29,92.6,385,385,62.9,729,4.2,61,133.1,220,
1800-12-22 19:07:16,1016.0,6,1,237.0,982.8,191.0,175,29,92.6,386,385,62.5,729,4.2,61,132.2,220,
1800-12-22 19:07:18,1018.0,6,1,239.0,982.8,191.0,175,29,92.5,386,385,62.3,729,4.2,61,131.5,220,
1800-12-22 19:07:20,1020.0,6,1,241.0,982.5,191.0,174,29,92.5,386,385,62.3,728,4.2,61,132.7,220,25.46
1800-12-22 19:07:22,1022.0,6,1,243.0,982.5,191.0,174,29,92.5,386,385,62.3,729,4.2,61,131.6,220,
1800-12-22 19:07:24,1024.0,6,1,245.0,982.1,191.0,174,29,92.5,386,385,62.3,728,4.2,61,132.0,220,
1800-12-22 19:07:26,1026.0,6,1,247.0,981.9,191.0,175,29,92.6,386,385,62.8,728,4.2,61,132.5,220,
1800-12-22 19:07:28,1028.0,6,1,250.0,981.4,191.0,172,29,92.7,385,385,63.2,730,4.2,61,132.9,220,
1800-12-22 19:07:30,1030.0,6,1,253.0,981.3,189.0,174,29,92.6,386,385,62.6,727,4.2,61,131.7,219,25.88
1800-12-22 19:07:32,1032.0,6,1,256.0,980.9,189.0,170,29,92.5,386,385,62.4,728,4.2,61,132.1,219,
1800-12-22 19:07:34,1034.0,6,1,260.0,980.6,189.0,172,28,92.7,386,385,63.1,728,4.2,61,132.7,219,
1800-12-22 19:07:36,1036.0,6,1,264.0,980.4,189.0,170,28,92.7,386,385,62.8,729,4.2,61,132.6,219,
1800-12-22 19:07:38,1038.0,6,1,268.0,980.1,187.0,172,28,92.7,386,385,62.9,729,4.2,61,132.3,219,
1800-12-22 19:07:40,1040.0,6,1,273.0,980.0,187.0,174,28,92.6,385,385,62.8,729,4.2,61,132.2,219,25.74
1800-12-22 19:07:42,1042.0,6,1,277.0,979.7,189.0,175,28,92.6,386,385,62.7,729,4.2,61,131.9,219,
1800-12-22 19:07:44,1044.0,6,1,280.0,979.7,189.0,175,28,92.6,386,385,62.4,728,4.2,61,131.6,219,
1800-12-22 19:07:46,1046.0,6,1,282.0,979.5,191.0,174,28,92.6,386,385,62.3,728,4.2,61,132.0,219,
1800-12-22 19:07:48,1048.0,6,1,283.0,979.4,191.0,174,28,92.7,386,385,63.0,729,4.2,61,132.3,219,
1800-12-22 19:07:50,1050.0,6,1,284.0,979.3,191.0,174,28,92.5,386,385,62.2,728,4.2,61,130.8,219,25.19
1800-12-22 19:07:52,1052.0,6,1,285.0,979.3,191.0,175,28,92.5,386,385,62.4,728,4.2,61,131.7,219,
1800-12-22 19:07:54,1054.0,6,1,286.0,979.1,191.0,177,28,92.6,386,385,62.6,729,4.2,61,131.8,218,
1800-12-22 19:07:56,1056.0,6,1,287.0,979.0,193.0,175,28,92.7,386,385,62.9,730,4.2,61,132.3,218,
1800-12-22 19:07:58,1058.0,6,1,287.0,978.9,193.0,174,28,92.7,386,385,62.6,729,4.2,61,131.6,218,
1800-12-22 19:08:00,1060.0,6,1,286.0,978.9,193.0,175,28,92.7,385,385,62.6,729,4.2,61,132.3,218,25.45
1800-12-22 19:08:02,1062.0,6,1,284.0,979.1,193.0,179,28,92.6,386,385,62.4,728,4.2,61,131.4,218,
1800-12-22 19:08:04,1064.0,6,1,281.0,979.2,194.0,179,28,92.5,386,385,61.8,728,4.2,61,130.7,218,
1800-12-22 19:08:06,1066.0,6,1,279.0,979.4,196.0,179,28,92.4,385,385,61.0,727,4.2,61,131.7,218,
1800-12-22 19:08:08,1068.0,6,1,279.0,979.2,198.0,179,28,92.6,386,385,62.3,729,4.2,61,131.3,218,
1800-12-22 19:08:10,1070.0,6,1,279.0,979.2,198.0,181,28,92.6,386,385,62.0,728,4.2,61,130.8,218,26.04
1800-12-22 19:08:12,1072.0,6,1,279.0,979.2,198.0,181,28,92.6,386,385,62.1,728,4.2,61,131.7,218,
1800-12-22 19:08:14,1074.0,6,1,278.0,979.2,198.0,183,28,92.5,386,385,61.8,727,4.2,61,130.6,218,
1800-12-22 19:08:16,1076.0,6,1,278.0,979.2,198.0,181,28,92.5,385,385,61.8,727,4.2,61,132.2,218,
1800-12-22 19:08:18,1078.0,6,1,278.0,979.0,198.0,183,28,92.6,386,385,61.9,728,4.2,61,131.5,217,
1800-12-22 19:08:20,1080.0,6,1,278.0,979.0,198.0,183,28,92.6,386,385,62.3,730,4.2,61,131.9,217,25.81
1800-12-22 19:08:22,1082.0,6,1,278.0,979.0,198.0,181,28,92.6,386,385,62.1,729,4.2,61,131.3,217,
1800-12-22 19:08:24,1084.0,6,1,277.0,979.0,198.0,181,28,92.7,385,385,61.7,728,4.2,61,131.8,217,
1800-12-22 19:08:26,1086.0,6,1,276.0,979.0,198.0,183,28,92.6,385,385,62.1,727,4.2,61,131.2,217,
1800-12-22 19:08:28,1088.0,6,1,275.0,979.2,200.0,183,27,92.6,386,385,61.8,727,4.2,61,130.4,217,
1800-12-22 19:08:30,1090.0,6,1,274.0,979.1,200.0,181,27,92.5,386,385,61.6,726,4.2,61,131.1,217,24.8
1800-12-22 19:08:32,1092.0,6,1,274.0,979.1,200.0,181,27,92.6,386,385,62.3,726,4.2,61,131.8,217,
1800-12-22 19:08:34,1094.0,6,1,275.0,979.3,198.0,181,27,92.6,386,385,62.1,727,4.2,61,131.1,217,
1800-12-22 19:08:36,1096.0,6,1,277.0,979.3,198.0,183,27,92.5,386,385,61.8,726,4.2,61,130.7,217,
1800-12-22 19:08:38,1098.0,6,1,278.0,979.3,198.0,185,26,92.5,386,385,62.1,727,4.2,61,131.1,217,
1800-12-22 19:08:40,1100.0,6,1,281.0,979.0,198.0,185,26,92.5,386,385,61.8,726,4.2,61,130.8,217,25.92
1800-12-22 19:08:42,1102.0,6,1,282.0,979.0,198.0,187,26,92.5,386,385,62.1,725,4.2,61,131.8,216,
1800-12-22 19:08:44,1104.0,6,1,285.0,979.2,198.0,187,26,92.6,385,385,62.7,726,4.2,61,132.0,216,
1800-12-22 19:08:46,1106.0,6,1,286.0,979.5,198.0,188,25,92.4,385,385,62.0,724,4.2,61,131.9,216,
1800-12-22 19:08:48,1108.0,6,1,283.0,979.9,196.0,185,25,92.0,386,385,60.8,719,4.2,61,128.9,216,
1800-12-22 19:08:50,1110.0,6,1,280.0,980.4,196.0,183,25,92.1,385,385,59.0,718,4.1,60,129.1,216,26.25
1800-12-22 19:08:52,1112.0,6,1,276.0,980.8,198.0,179,25,92.2,385,385,59.5,720,4.2,60,129.3,216,
1800-12-22 19:08:54,1114.0,6,1,272.0,981.1,196.0,175,25,92.1,385,385,59.2,719,4.2,60,129.0,216,
1800-12-22 19:08:56,1116.0,6,1,266.0,981.5,196.0,177,25,92.2,385,385,59.1,718,4.2,60,129.2,216,
1800-12-22 19:08:58,1118.0,6,1,262.0,981.7,194.0,177,25,92.2,385,385,59.2,719,4.2,59,128.8,216,
1800-12-22 19:09:00,1120.0,6,1,258.0,982.2,193.0,177,25,91.9,385,385,58.0,717,4.2,58,127.7,216,25.87
1800-12-22 19:09:02,1122.0,6,1,253.0,982.7,193.0,177,25,91.7,385,385,56.9,713,4.2,58,125.8,216,
1800-12-22 19:09:04,1124.0,3,1,246.0,983.2,194.0,175,25,91.6,385,385,56.9,710,4.2,57,127.6,216,
1800-12-22 19:09:06,1126.0,3,1,241.0,983.6,196.0,175,25,91.9,385,385,58.1,715,4.2,57,128.9,216,
1800-12-22 19:09:08,1128.0,3,1,238.0,983.6,196.0,183,25,92.0,385,385,58.0,716,4.2,56,128.2,216,
1800-12-22 19:09:10,1130.0,3,1,238.0,983.5,198.0,179,25,92.0,385,385,58.5,718,4.2,56,128.9,215,25.25
1800-12-22 19:09:12,1132.0,3,1,238.0,983.4,198.0,181,25,92.2,385,385,59.1,719,4.3,55,130.0,215,
1800-12-22 19:09:14,1134.0,3,1,238.0,983.4,198.0,177,25,92.3,385,385,59.4,721,4.3,55,130.1,215,
1800-12-22 19:09:16,1136.0,3,1,239.0,983.5,196.0,177,25,92.4,385,385,59.4,722,4.3,55,129.8,215,
1800-12-22 19:09:18,1138.0,3,1,240.0,983.4,196.0,175,25,92.3,385,385,60.3,721,4.3,55,133.4,215,
1800-12-22 19:09:20,1140.0,3,1,241.0,983.5,194.0,177,26,92.7,385,385,63.7,727,4.3,55,134.9,215,26.05
1800-12-22 19:09:22,1142.0,3,1,241.0,983.4,194.0,181,26,92.8,386,385,64.3,727,4.4,55,135.3,215,
1800-12-22 19:09:24,1144.0,3,1,241.0,983.3,194.0,179,26,92.8,386,385,64.3,728,4.4,55,134.7,215,
1800-12-22 19:09:26,1146.0,3,1,241.0,983.2,194.0,179,26,92.8,386,385,64.3,728,4.4,55,135.0,215,
1800-12-22 19:09:28,1148.0,3,1,242.0,983.1,194.0,183,26,92.9,385,385,64.7,728,4.4,56,135.1,215,
1800-12-22 19:09:30,1150.0,3,1,242.0,983.1,194.0,181,26,92.8,386,385,64.2,729,4.3,56,134.6,215,25.71
1800-12-22 19:09:32,1152.0,3,1,242.0,983.1,194.0,183,27,92.7,386,385,64.0,728,4.3,56,133.8,215,
1800-12-22 19:09:34,1154.0,3,1,240.0,983.5,196.0,183,27,92.5,386,385,62.8,728,4.3,56,132.2,215,
1800-12-22 19:09:36,1156.0,3,1,238.0,983.7,198.0,185,27,92.3,385,386,61.4,724,4.3,56,130.4,215,
1800-12-22 19:09:38,1158.0,3,1,235.0,984.1,198.0,183,27,92.4,385,385,60.4,724,4.3,57,131.4,215,
1800-12-22 19:09:40,1160.0,3,1,233.0,984.4,200.0,187,27,92.6,385,385,60.8,727,4.3,57,131.4,215,25.85
1800-12-22 19:09:42,1162.0,3,1,229.0,984.8,200.0,188,27,92.3,385,385,59.4,724,4.2,57,128.9,215,
1800-12-22 19:09:44,1164.0,6,1,223.0,985.7,204.0,188,27,91.7,385,385,56.7,717,4.2,57,126.6,215,
1800-12-22 19:09:46,1166.0,6,1,218.0,986.2,204.0,188,28,91.8,385,385,57.0,717,4.2,57,126.4,214,
1800-12-22 19:09:48,1168.0,6,1,213.0,986.7,204.0,187,28,91.7,385,385,56.5,716,4.2,58,126.3,214,
1800-12-22 19:09:50,1170.0,6,1,209.0,986.9,204.0,192,28,91.9,386,385,56.8,717,4.2,58,126.3,214,25.65
1800-12-22 19:09:52,1172.0,6,1,205.0,987.1,204.0,190,28,91.8,385,385,56.7,716,4.2,58,126.9,214,
1800-12-22 19:09:54,1174.0,6,1,204.0,987.3,204.0,188,28,92.0,385,385,57.4,717,4.2,58,127.2,214,
1800-12-22 19:09:56,1176.0,6,1,203.0,987.6,204.0,190,28,91.9,385,385,57.2,718,4.2,58,127.6,214,
1800-12-22 19:09:58,1178.0,6,1,203.0,987.8,202.0,187,28,91.9,386,385,56.6,717,4.2,58,126.8,214,
1800-12-22 19:10:00,1180.0,6,1,203.0,987.7,200.0,187,28,91.9,386,385,56.8,717,4.2,58,127.4,214,26.03
1800-12-22 19:10:02,1182.0,6,1,204.0,987.7,198.0,181,28,92.0,385,385,57.5,718,4.2,58,128.6,214,
1800-12-22 19:10:04,1184.0,6,1,206.0,987.5,196.0,183,28,92.1,385,385,58.0,720,4.2,58,129.2,214,
1800-12-22 19:10:06,1186.0,6,1,208.0,987.7,196.0,181,28,92.0,385,385,57.8,718,4.2,58,127.2,214,
1800-12-22 19:10:08,1188.0,6,1,209.0,987.7,194.0,179,29,92.0,385,385,57.8,717,4.2,58,128.3,214,
1800-12-22 19:10:10,1190.0,6,1,209.0,987.6,194.0,181,29,92.1,385,385,57.8,719,4.2,58,128.3,214,25.07
1800-12-22 19:10:12,1192.0,6,1,209.0,987.6,193.0,177,29,92.0,385,385,57.6,718,4.2,58,127.9,214,
1800-12-22 19:10:14,1194.0,6,1,210.0,987.5,191.0,177,29,92.1,385,385,57.8,718,4.2,58,128.5,214,
1800-12-22 19:10:16,1196.0,6,1,211.0,987.3,191.0,175,29,92.2,385,385,58.3,720,4.2,58,128.9,214,
1800-12-22 19:10:18,1198.0,6,1,213.0,987.3,191.0,177,29,92.1,385,385,57.7,719,4.2,59,128.2,214,
1800-12-22 19:10:20,1200.0,6,1,214.0,987.3,191.0,177,29,92.1,385,385,58.4,720,4.2,59,129.4,213,25.14
1800-12-22 19:10:22,1202.0,6,1,215.0,987.4,191.0,177,29,92.1,385,385,58.0,720,4.2,59,128.2,213,
1800-12-22 19:10:24,1204.0,6,1,214.0,987.4,191.0,175,29,92.1,385,385,58.2,720,4.2,59,129.1,213,
1800-12-22 19:10:26,1206.0,6,1,213.0,987.7,191.0,177,29,91.9,385,385,57.9,718,4.2,59,127.7,213,
1800-12-22 19:10:28,1208.0,6,1,212.0,988.1,191.0,175,29,91.9,385,385,57.1,717,4.2,59,127.1,213,
1800-12-22 19:10:30,1210.0,6,1,212.0,988.1,193.0,177,29,91.9,385,385,57.0,717,4.2,59,127.1,213,26.45
1800-12-22 19:10:32,1212.0,6,1,212.0,987.6,189.0,172,29,91.9,385,385,56.8,716,4.2,59,127.3,213,
1800-12-22 19:10:34,1214.0,6,1,215.0,986.7,185.0,172,29,92.1,385,385,58.5,718,4.2,59,129.9,213,
1800-12-22 19:10:36,1216.0,6,1,221.0,986.1,181.0,162,29,92.4,385,385,59.6,721,4.2,59,130.8,213,
1800-12-22 19:10:38,1218.0,6,1,227.0,985.6,174.0,162,29,92.4,385,385,60.0,723,4.2,59,130.8,213,
1800-12-22 19:10:40,1220.0,6,1,233.0,985.1,172.0,161,29,92.3,385,385,59.7,722,4.2,59,129.9,213,25.58
1800-12-22 19:10:42,1222.0,6,1,238.0,984.6,172.0,159,29,92.3,385,385,59.4,722,4.2,59,129.9,213,
1800-12-22 19:10:44,1224.0,6,1,242.0,984.0,170.0,155,28,92.4,385,385,59.1,721,4.2,59,129.3,213,
1800-12-22 19:10:46,1226.0,6,1,246.0,983.5,169.0,153,28,92.3,385,385,59.6,721,4.2,59,130.1,213,
1800-12-22 19:10:48,1228.0,6,1,250.0,982.8,167.0,153,28,92.4,384,384,60.5,723,4.2,59,132.3,213,
1800-12-22 19:10:50,1230.0,6,1,254.0,982.5,167.0,157,28,92.6,385,384,61.2,726,4.2,60,131.9,213,25.81
1800-12-22 19:10:52,1232.0,6,1,258.0,982.5,167.0,159,28,92.2,385,384,59.2,722,4.2,60,129.1,213,
1800-12-22 19:10:54,1234.0,6,1,260.0,982.5,169.0,161,28,92.2,385,385,59.4,721,4.2,60,129.9,212,
1800-12-22 19:10:56,1236.0,6,1,260.0,982.2,172.0,155,28,92.0,386,385,57.6,719,4.2,60,127.3,212,
1800-12-22 19:10:58,1238.0,6,1,262.0,981.4,170.0,151,28,92.0,385,385,58.0,719,4.2,60,128.8,212,
1800-12-22 19:11:00,1240.0,6,1,270.0,980.5,167.0,150,28,92.3,385,385,61.4,721,4.2,60,132.2,212,25.87
1800-12-22 19:11:02,1242.0,6,1,278.0,979.8,165.0,151,28,92.4,385,385,62.9,722,4.2,60,133.0,212,
1800-12-22 19:11:04,1244.0,6,1,285.0,979.7,165.0,151,28,92.4,385,385,63.4,722,4.2,60,133.0,212,
1800-12-22 19:11:06,1246.0,6,1,286.0,979.8,169.0,159,28,92.2,385,385,62.6,721,4.2,60,130.5,212,
1800-12-22 19:11:08,1248.0,6,1,282.0,980.3,174.0,162,28,92.2,385,385,60.5,720,4.2,60,132.4,212,
1800-12-22 19:11:10,1250.0,6,1,278.0,980.7,178.0,166,28,92.3,386,385,61.6,722,4.2,60,130.4,212,25.85
1800-12-22 19:11:12,1252.0,6,1,275.0,980.9,181.0,170,28,92.5,385,385,60.9,723,4.2,60,132.2,212,
1800-12-22 19:11:14,1254.0,6,1,275.0,980.8,183.0,166,28,92.5,385,385,60.0,726,4.2,61,130.7,212,
1800-12-22 19:11:16,1256.0,6,1,275.0,980.4,181.0,166,28,92.6,385,385,60.8,727,4.2,61,132.0,211,
1800-12-22 19:11:18,1258.0,6,1,278.0,979.8,180.0,162,28,92.4,386,385,62.8,725,4.2,61,132.2,211,
1800-12-22 19:11:20,1260.0,6,1,282.0,979.3,178.0,164,28,92.6,385,385,64.2,727,4.2,61,134.9,211,25.75
1800-12-22 19:11:22,1262.0,3,1,286.0,979.1,178.0,166,28,92.7,385,385,64.0,728,4.2,61,133.2,211,
1800-12-22 19:11:24,1264.0,3,1,291.0,978.6,178.0,164,28,92.4,386,385,62.9,725,4.2,61,131.8,211,
1800-12-22 19:11:26,1266.0,3,1,295.0,977.8,176.0,157,28,92.5,386,385,63.0,725,4.2,61,132.6,211,
1800-12-22 19:11:28,1268.0,3,1,303.0,976.6,170.0,153,28,92.6,385,385,64.9,726,4.2,61,136.2,211,
1800-12-22 19:11:30,1270.0,3,1,314.0,975.4,167.0,148,28,92.9,385,385,65.6,729,4.2,61,134.9,211,27.02
1800-12-22 19:11:32,1272.0,3,1,324.0,974.3,163.0,148,28,92.8,385,385,64.8,726,4.2,61,135.1,211,
1800-12-22 19:11:34,1274.0,3,1,335.0,973.0,157.0,142,28,92.9,385,385,66.2,727,4.2,61,137.3,211,
1800-12-22 19:11:36,1276.0,3,1,347.0,971.6,154.0,138,28,93.1,385,385,69.0,731,4.2,61,141.4,210,
1800-12-22 19:11:38,1278.0,3,1,358.0,970.4,152.0,133,27,93.6,385,385,70.6,738,4.3,61,142.2,210,
1800-12-22 19:11:40,1280.0,6,1,369.0,969.2,150.0,133,27,93.7,385,385,70.4,740,4.3,61,141.3,210,25.8
1800-12-22 19:11:42,1282.0,6,1,380.0,967.9,150.0,133,27,93.7,385,385,70.7,740,4.3,61,141.7,210,
1800-12-22 19:11:44,1284.0,6,1,391.0,966.7,146.0,129,27,93.7,385,385,70.3,740,4.3,61,140.9,210,
1800-12-22 19:11:46,1286.0,6,1,403.0,965.3,144.0,129,27,93.7,385,385,71.1,741,4.3,61,142.2,210,
1800-12-22 19:11:48,1288.0,6,1,415.0,963.9,143.0,125,27,93.8,386,385,71.7,742,4.3,61,142.3,210,
1800-12-22 19:11:50,1290.0,6,1,427.0,962.7,143.0,127,27,93.7,386,385,71.1,742,4.3,61,141.8,210,25.91
1800-12-22 19:11:52,1292.0,6,1,438.0,961.4,141.0,125,27,93.8,386,385,71.5,743,4.3,61,141.8,210,
1800-12-22 19:11:54,1294.0,6,1,450.0,960.2,141.0,125,27,93.8,386,385,71.4,743,4.3,61,142.1,210,
1800-12-22 19:11:56,1296.0,6,1,461.0,959.0,141.0,125,26,93.8,386,385,71.2,744,4.3,62,141.6,209,
1800-12-22 19:11:58,1298.0,6,1,471.0,957.8,141.0,129,26,93.8,386,385,71.3,744,4.3,62,141.8,209,
1800-12-22 19:12:00,1300.0,6,1,481.0,956.7,143.0,131,26,93.8,386,385,70.9,745,4.3,62,141.1,209,25.9
1800-12-22 19:12:02,1302.0,6,1,490.0,955.5,143.0,131,26,93.8,386,385,71.2,745,4.3,62,140.7,209,
1800-12-22 19:12:04,1304.0,6,1,499.0,954.6,144.0,135,26,93.8,386,385,70.8,746,4.2,62,140.7,209,
1800-12-22 19:12:06,1306.0,6,1,508.0,953.7,146.0,133,26,93.8,386,385,70.9,746,4.2,62,140.5,209,
1800-12-22 19:12:08,1308.0,6,1,516.0,952.8,146.0,135,26,93.8,386,385,70.6,746,4.2,62,140.0,209,
1800-12-22 19:12:10,1310.0,6,1,523.0,952.0,148.0,137,26,93.8,386,385,70.1,746,4.2,62,139.4,209,25.93
1800-12-22 19:12:12,1312.0,6,1,531.0,951.1,150.0,137,26,93.8,386,386,69.9,745,4.2,62,139.3,209,
1800-12-22 19:12:14,1314.0,6,1,538.0,950.4,154.0,142,26,93.8,386,385,70.0,745,4.2,62,139.4,209,
1800-12-22 19:12:16,1316.0,6,1,545.0,949.5,156.0,144,26,93.7,386,386,69.6,744,4.2,62,138.8,209,
1800-12-22 19:12:18,1318.0,6,1,551.0,948.8,156.0,144,26,93.7,386,386,69.7,744,4.2,63,139.0,209,
1800-12-22 19:12:20,1320.0,6,1,557.0,948.1,157.0,144,26,93.7,386,386,69.6,745,4.2,63,138.6,209,25.78
1800-12-22 19:12:22,1322.0,6,1,564.0,947.4,159.0,146,26,93.6,386,386,69.3,745,4.2,63,138.0,208,
1800-12-22 19:12:24,1324.0,6,1,569.0,946.9,161.0,148,26,93.6,386,386,68.8,744,4.2,63,137.7,208,
1800-12-22 19:12:26,1326.0,6,1,574.0,946.3,165.0,151,26,93.6,386,386,68.5,743,4.2,63,137.5,208,
1800-12-22 19:12:28,1328.0,6,1,579.0,945.8,167.0,155,26,93.5,386,386,68.3,743,4.2,63,137.0,208,
1800-12-22 19:12:30,1330.0,6,1,583.0,945.4,169.0,155,26,93.5,386,386,67.9,743,4.2,63,136.2,208,25.87
1800-12-22 19:12:32,1332.0,6,1,587.0,944.9,170.0,159,26,93.5,386,386,67.3,742,4.2,63,135.5,208,
1800-12-22 19:12:34,1334.0,6,1,590.0,944.5,174.0,161,26,93.4,386,386,67.0,742,4.2,63,135.4,208,
1800-12-22 19:12:36,1336.0,6,1,593.0,944.0,174.0,161,26,93.4,386,386,67.0,741,4.2,63,135.7,208,
1800-12-22 19:12:38,1338.0,6,1,597.0,943.5,176.0,161,26,93.4,386,386,67.1,742,4.2,63,135.6,208,
1800-12-22 19:12:40,1340.0,6,1,600.0,943.3,178.0,162,26,93.4,387,386,66.8,741,4.2,63,134.9,208,25.66
1800-12-22 19:12:42,1342.0,6,1,603.0,943.1,178.0,164,26,93.2,387,386,65.8,740,4.2,63,133.0,208,
1800-12-22 19:12:44,1344.0,6,1,606.0,942.5,180.0,164,26,93.1,387,386,65.1,739,4.2,63,133.2,208,
1800-12-22 19:12:46,1346.0,6,1,609.0,942.2,180.0,164,26,93.1,387,386,65.1,738,4.2,62,133.0,208,
1800-12-22 19:12:48,1348.0,6,1,613.0,941.6,181.0,166,26,93.2,387,386,65.1,738,4.2,62,132.7,208,
1800-12-22 19:12:50,1350.0,6,1,618.0,941.2,180.0,164,26,93.2,387,386,65.4,738,4.2,62,133.0,208,25.84
1800-12-22 19:12:52,1352.0,6,1,622.0,941.0,180.0,162,25,93.1,386,386,64.8,736,4.2,62,132.7,207,
1800-12-22 19:12:54,1354.0,6,1,625.0,940.6,181.0,164,25,93.3,386,386,65.8,737,4.2,62,134.0,207,
1800-12-22 19:12:56,1356.0,6,1,627.0,940.6,181.0,168,25,93.2,386,386,65.2,737,4.2,62,132.8,207,
1800-12-22 19:12:58,1358.0,6,1,628.0,940.6,183.0,170,25,92.9,387,386,63.8,735,4.2,62,130.9,207,
1800-12-22 19:13:00,1360.0,6,1,629.0,940.3,185.0,172,25,92.9,387,386,64.0,734,4.2,62,131.7,207,25.78
1800-12-22 19:13:02,1362.0,6,1,630.0,939.8,187.0,172,25,93.1,387,386,65.3,737,4.2,62,134.4,207,
1800-12-22 19:13:04,1364.0,6,1,632.0,939.4,187.0,172,25,93.4,387,386,66.6,741,4.2,62,135.7,207,
1800-12-22 19:13:06,1366.0,6,1,636.0,939.1,187.0,166,25,93.4,387,386,66.2,741,4.2,62,134.5,207,
1800-12-22 19:13:08,1368.0,6,1,638.0,938.8,185.0,166,25,93.4,387,386,66.5,741,4.2,62,135.4,207,
1800-12-22 19:13:10,1370.0,6,1,642.0,938.5,185.0,166,25,93.4,387,386,66.0,740,4.2,62,133.8,207,25.85
1800-12-22 19:13:12,1372.0,6,1,646.0,938.0,185.0,166,25,93.5,387,386,66.2,740,4.2,62,135.2,207,
1800-12-22 19:13:14,1374.0,6,1,649.0,937.6,185.0,170,25,93.4,387,386,66.2,740,4.2,62,134.1,207,
1800-12-22 19:13:16,1376.0,6,1,653.0,937.4,187.0,172,25,93.2,387,386,65.1,739,4.2,62,132.1,207,
1800-12-22 19:13:18,1378.0,7,1,656.0,937.2,187.0,168,25,92.5,387,387,61.5,729,4.1,62,126.7,207,
1800-12-22 19:13:20,1380.0,7,1,659.0,936.8,185.0,172,25,92.1,387,386,60.1,725,4.1,61,124.8,207,25.65
1800-12-22 19:13:22,1382.0,7,1,662.0,936.8,185.0,172,25,92.1,386,386,58.4,724,4.1,61,125.1,206,
1800-12-22 19:13:24,1384.0,7,1,661.0,937.1,187.0,172,25,91.9,387,386,56.2,722,4.1,61,121.6,206,
1800-12-22 19:13:26,1386.0,7,1,660.0,937.1,189.0,174,25,91.9,386,386,55.9,720,4.1,61,122.1,206,
1800-12-22 19:13:28,1388.0,7,1,658.0,937.1,189.0,175,25,91.0,386,386,51.9,712,4.0,61,114.8,206,
1800-12-22 19:13:30,1390.0,7,1,655.0,937.5,193.0,174,25,90.3,387,386,48.8,701,3.9,61,112.0,206,25.89
1800-12-22 19:13:32,1392.0,7,1,651.0,938.0,191.0,175,25,90.2,387,386,48.3,699,3.9,61,112.1,206,
1800-12-22 19:13:34,1394.0,7,1,645.0,938.6,191.0,175,25,90.3,387,386,47.9,697,3.9,61,112.2,206,
1800-12-22 19:13:36,1396.0,7,1,639.0,938.8,191.0,175,25,90.2,387,386,48.0,696,3.9,61,113.0,206,
1800-12-22 19:13:38,1398.0,7,1,633.0,939.5,191.0,175,25,90.1,386,386,48.2,696,4.0,61,112.6,206,
1800-12-22 19:13:40,1400.0,7,1,627.0,940.0,191.0,172,25,90.1,386,386,48.6,694,3.9,61,113.5,206,24.76
1800-12-22 19:13:42,1402.0,7,1,621.0,940.7,191.0,172,25,89.2,386,386,43.7,683,3.9,61,106.4,206,
1800-12-22 19:13:44,1404.0,7,1,615.0,941.0,191.0,174,25,89.5,386,386,45.5,683,3.9,61,108.8,206,
1800-12-22 19:13:46,1406.0,7,1,608.0,941.9,193.0,172,25,89.2,387,386,44.1,679,3.9,61,107.5,206,
1800-12-22 19:13:48,1408.0,7,1,600.0,942.7,193.0,172,25,89.3,387,386,44.1,678,3.9,61,107.6,206,
1800-12-22 19:13:50,1410.0,7,1,593.0,943.3,193.0,170,25,89.2,387,387,43.2,674,3.9,61,106.8,206,25.0
1800-12-22 19:13:52,1412.0,7,1,587.0,943.4,189.0,168,25,89.3,387,387,44.6,674,3.9,61,109.3,206,
1800-12-22 19:13:54,1414.0,7,1,586.0,943.4,185.0,162,25,88.9,387,387,42.3,674,3.8,61,101.6,206,
1800-12-22 19:13:56,1416.0,7,1,587.0,943.4,180.0,155,25,86.4,388,387,32.7,646,3.6,61,90.0,205,
1800-12-22 19:13:58,1418.0,7,1,590.0,943.6,172.0,148,25,85.9,388,388,31.2,635,3.6,61,90.5,205,
1800-12-22 19:14:00,1420.0,7,1,593.0,943.6,165.0,137,25,85.7,389,389,30.3,630,3.6,61,89.3,205,25.15
1800-12-22 19:14:02,1422.0,7,1,597.0,943.4,156.0,129,25,85.9,388,388,31.6,630,3.6,61,92.2,205,
1800-12-22 19:14:04,1424.0,7,1,602.0,943.4,144.0,122,25,86.6,388,387,34.0,634,3.7,61,94.9,205,
1800-12-22 19:14:06,1426.0,7,1,605.0,943.4,139.0,116,25,86.6,388,388,34.5,635,3.7,61,96.1,205,
1800-12-22 19:14:08,1428.0,7,1,605.0,943.6,131.0,114,25,87.4,388,387,38.1,644,3.7,61,101.4,205,
1800-12-22 19:14:10,1430.0,7,1,603.0,944.3,131.0,120,25,87.9,388,387,40.0,652,3.8,61,104.1,205,25.65
1800-12-22 19:14:12,1432.0,7,1,596.0,944.9,131.0,124,25,89.0,387,386,44.4,663,3.8,61,111.2,205,
1800-12-22 19:14:14,1434.0,7,1,587.0,945.8,133.0,125,25,89.7,387,386,47.3,673,3.9,61,114.3,205,
1800-12-22 19:14:16,1436.0,7,1,579.0,946.5,137.0,137,25,90.7,386,386,51.0,684,4.0,61,117.9,205,
1800-12-22 19:14:18,1438.0,7,1,570.0,947.4,143.0,144,25,90.9,386,386,51.6,691,4.0,61,118.9,205,
1800-12-22 19:14:20,1440.0,7,1,562.0,948.0,148.0,151,25,91.3,386,385,52.6,695,4.0,62,118.7,205,25.24
1800-12-22 19:14:22,1442.0,7,1,554.0,948.7,152.0,153,25,91.0,386,386,51.3,694,4.0,62,117.6,205,
1800-12-22 19:14:24,1444.0,7,1,551.0,948.7,157.0,148,25,90.8,386,386,50.9,694,4.0,62,116.2,205,
1800-12-22 19:14:26,1446.0,7,1,552.0,947.9,154.0,140,25,90.4,386,386,49.3,689,3.9,62,114.2,205,
1800-12-22 19:14:28,1448.0,7,1,559.0,946.9,143.0,129,25,90.2,386,386,48.8,686,3.9,62,113.8,204,
1800-12-22 19:14:30,1450.0,7,1,570.0,945.9,131.0,118,25,90.5,386,385,50.2,687,3.9,62,116.3,204,25.79
1800-12-22 19:14:32,1452.0,7,1,581.0,944.9,126.0,114,25,90.7,386,385,50.8,692,3.9,62,116.7,204,
1800-12-22 19:14:34,1454.0,7,1,590.0,944.7,124.0,111,25,90.8,386,385,51.3,693,4.0,62,116.6,204,
1800-12-22 19:14:36,1456.0,7,1,597.0,944.5,124.0,114,25,90.9,385,385,51.6,693,4.0,62,117.2,204,
1800-12-22 19:14:38,1458.0,7,1,599.0,944.5,128.0,116,25,91.0,385,385,51.7,694,4.0,62,117.7,204,
1800-12-22 19:14:40,1460.0,7,1,599.0,944.5,131.0,124,25,91.0,386,385,51.9,695,4.0,62,118.9,204,25.86
1800-12-22 19:14:42,1462.0,7,1,599.0,944.3,133.0,124,25,91.2,385,385,54.3,697,4.0,62,122.9,204,
1800-12-22 19:14:44,1464.0,7,1,600.0,943.8,139.0,125,25,92.0,385,385,56.8,708,4.0,63,124.9,204,
1800-12-22 19:14:46,1466.0,7,1,602.0,943.5,143.0,129,25,92.2,385,385,59.7,712,4.1,63,127.9,204,
1800-12-22 19:14:48,1468.0,7,1,604.0,943.3,144.0,131,25,92.2,386,386,60.8,713,4.1,63,128.8,204,
1800-12-22 19:14:50,1470.0,7,1,606.0,942.7,148.0,133,25,92.6,386,386,63.6,716,4.1,63,131.7,204,25.07
1800-12-22 19:14:52,1472.0,7,1,610.0,942.2,146.0,135,25,92.5,386,386,62.2,718,4.1,63,129.4,204,
1800-12-22 19:14:54,1474.0,7,1,615.0,941.5,150.0,133,25,92.5,386,386,62.3,718,4.1,63,129.4,204,
1800-12-22 19:14:56,1476.0,7,1,621.0,940.8,150.0,135,25,92.5,386,386,62.9,719,4.1,63,130.3,204,
1800-12-22 19:14:58,1478.0,7,1,626.0,940.5,152.0,137,25,92.6,386,386,63.1,720,4.1,63,130.6,204,
1800-12-22 19:15:00,1480.0,7,1,631.0,940.0,154.0,138,25,92.4,386,386,62.3,720,4.1,63,128.7,204,26.67
1800-12-22 19:15:02,1482.0,7,1,633.0,939.6,154.0,142,25,92.2,387,386,61.1,717,4.1,63,126.7,203,
1800-12-22 19:15:04,1484.0,7,1,636.0,939.0,156.0,142,25,92.3,386,386,61.5,717,4.1,63,128.3,203,
1800-12-22 19:15:06,1486.0,7,1,641.0,938.5,157.0,146,25,92.5,386,386,63.4,720,4.1,63,131.3,203,
1800-12-22 19:15:08,1488.0,7,1,645.0,938.1,159.0,146,25,92.7,386,386,62.8,722,4.1,63,129.8,203,
1800-12-22 19:15:10,1490.0,7,1,649.0,937.7,161.0,148,25,92.6,386,386,62.7,722,4.1,63,129.8,203,25.7
1800-12-22 19:15:12,1492.0,7,1,652.0,937.4,163.0,151,25,92.7,386,386,63.7,723,4.1,63,132.0,203,
1800-12-22 19:15:14,1494.0,7,1,654.0,937.3,167.0,155,25,93.0,386,386,64.1,727,4.1,63,132.3,203,
1800-12-22 19:15:16,1496.0,7,1,655.0,937.3,172.0,159,25,92.9,387,386,63.5,727,4.1,63,130.5,203,
1800-12-22 19:15:18,1498.0,7,1,653.0,937.3,176.0,162,25,92.8,387,386,63.0,727,4.1,63,130.5,203,
1800-12-22 19:15:20,1500.0,7,1,653.0,937.3,178.0,164,25,92.8,387,386,63.1,727,4.1,63,130.1,203,25.69
1800-12-22 19:15:22,1502.0,7,1,652.0,937.4,180.0,164,25,92.7,387,387,61.9,726,4.1,63,128.7,203,
1800-12-22 19:15:24,1504.0,7,1,651.0,937.4,183.0,168,25,92.6,387,386,62.4,726,4.1,63,130.2,203,
1800-12-22 19:15:26,1506.0,7,1,650.0,937.6,187.0,177,25,92.6,387,386,62.5,729,4.1,63,129.5,203,
1800-12-22 19:15:28,1508.0,7,1,647.0,938.0,193.0,177,25,92.2,387,387,59.7,724,4.1,63,125.0,203,
1800-12-22 19:15:30,1510.0,7,1,643.0,938.5,196.0,177,25,91.8,387,386,55.8,718,4.0,63,121.3,203,25.88
1800-12-22 19:15:32,1512.0,7,1,637.0,939.4,198.0,181,25,91.5,387,386,53.6,713,4.0,62,119.4,203,
1800-12-22 19:15:34,1514.0,7,1,629.0,940.5,202.0,183,25,91.3,387,386,54.3,712,4.0,62,122.8,202,
1800-12-22 19:15:36,1516.0,7,1,618.0,941.8,204.0,187,25,92.2,387,387,56.1,720,4.1,62,124.0,202,
1800-12-22 19:15:38,1518.0,7,1,605.0,943.1,209.0,190,25,92.2,387,387,57.1,720,4.1,62,126.5,202,
1800-12-22 19:15:40,1520.0,7,1,592.0,944.6,213.0,194,26,92.6,387,387,58.3,725,4.1,62,127.2,202,25.66
1800-12-22 19:15:42,1522.0,7,1,578.0,945.8,215.0,196,26,92.4,387,387,56.9,723,4.1,62,125.2,202,
1800-12-22 19:15:44,1524.0,7,1,567.0,946.8,219.0,201,26,92.3,387,387,56.7,724,4.1,62,125.7,202,
1800-12-22 19:15:46,1526.0,7,1,558.0,947.8,219.0,200,26,92.3,386,386,58.7,725,4.1,62,129.1,202,
1800-12-22 19:15:48,1528.0,7,1,548.0,948.9,219.0,198,26,92.3,387,387,58.2,726,4.1,62,127.2,202,
1800-12-22 19:15:50,1530.0,7,1,538.0,949.8,219.0,198,26,92.7,387,386,58.7,728,4.1,62,128.1,202,26.06
1800-12-22 19:15:52,1532.0,7,1,530.0,950.7,219.0,203,26,92.4,386,386,57.1,726,4.1,62,126.0,202,
1800-12-22 19:15:54,1534.0,7,1,522.0,951.5,219.0,201,27,92.4,386,386,57.2,725,4.1,61,126.6,202,
1800-12-22 19:15:56,1536.0,7,1,516.0,952.3,219.0,200,27,92.4,386,386,58.6,726,4.2,61,129.5,202,
1800-12-22 19:15:58,1538.0,7,1,509.0,953.0,219.0,203,27,92.4,386,386,59.4,727,4.2,61,128.2,202,
1800-12-22 19:16:00,1540.0,7,1,504.0,953.6,217.0,194,27,92.6,386,386,58.7,727,4.1,61,128.7,202,25.36
1800-12-22 19:16:02,1542.0,7,1,501.0,953.6,217.0,198,27,92.6,386,386,59.8,729,4.2,61,129.3,201,
1800-12-22 19:16:04,1544.0,7,1,499.0,953.8,217.0,201,27,92.4,387,386,60.4,727,4.2,61,128.3,201,
1800-12-22 19:16:06,1546.0,7,1,496.0,954.5,217.0,196,27,92.4,386,386,59.4,727,4.1,61,129.2,201,
1800-12-22 19:16:08,1548.0,7,1,491.0,955.2,215.0,200,27,92.7,386,386,58.9,728,4.2,61,128.0,201,
1800-12-22 19:16:10,1550.0,7,1,487.0,955.5,215.0,200,27,92.3,386,386,57.7,725,4.2,61,126.0,201,26.61
1800-12-22 19:16:12,1552.0,7,1,484.0,955.9,215.0,201,27,92.1,386,386,56.6,722,4.1,60,124.8,201,
1800-12-22 19:16:14,1554.0,7,1,481.0,956.3,215.0,201,27,92.0,386,386,56.9,721,4.1,60,126.3,201,
1800-12-22 19:16:16,1556.0,7,1,478.0,956.7,213.0,198,27,92.3,386,386,57.5,725,4.1,60,126.5,201,
1800-12-22 19:16:18,1558.0,7,1,475.0,957.2,211.0,200,27,92.1,386,386,56.7,723,4.1,60,125.2,201,
1800-12-22 19:16:20,1560.0,7,1,475.0,957.3,209.0,194,27,92.1,386,386,56.8,722,4.2,60,126.2,201,25.65
1800-12-22 19:16:22,1562.0,7,1,475.0,957.5,206.0,190,27,92.2,386,386,57.1,721,4.1,60,126.0,201,
1800-12-22 19:16:24,1564.0,7,1,475.0,957.4,202.0,190,27,92.2,386,386,57.4,722,4.1,60,126.8,201,
1800-12-22 19:16:26,1566.0,7,1,475.0,957.2,198.0,183,27,92.2,386,386,57.6,723,4.2,60,127.0,201,
1800-12-22 19:16:28,1568.0,7,1,476.0,956.8,194.0,179,27,92.3,386,386,58.2,723,4.2,60,128.3,201,
1800-12-22 19:16:30,1570.0,7,1,477.0,956.5,191.0,177,27,92.1,386,386,57.3,722,4.1,60,125.4,201,26.87
1800-12-22 19:16:32,1572.0,7,1,480.0,956.1,187.0,174,27,91.6,386,386,54.4,714,4.1,60,119.7,201,
1800-12-22 19:16:34,1574.0,7,1,485.0,956.0,183.0,166,27,90.3,386,386,47.4,699,4.0,60,109.4,200,
1800-12-22 19:16:36,1576.0,7,1,487.0,955.8,178.0,162,27,89.2,387,387,44.1,681,3.9,60,107.8,200,
1800-12-22 19:16:38,1578.0,7,1,488.0,955.6,172.0,155,27,89.0,387,386,43.5,677,3.9,60,106.0,200,
1800-12-22 19:16:40,1580.0,7,1,491.0,955.5,167.0,153,26,88.2,386,386,40.4,667,3.8,60,102.3,200,25.71
1800-12-22 19:16:42,1582.0,7,1,493.0,955.9,161.0,144,26,87.0,387,386,33.8,651,3.7,60,91.5,200,
1800-12-22 19:16:44,1584.0,7,1,493.0,955.9,154.0,133,26,85.9,388,387,31.7,636,3.7,60,90.2,200,
1800-12-22 19:16:46,1586.0,7,1,493.0,955.8,146.0,124,26,84.9,387,387,28.2,624,3.6,60,85.3,200,
1800-12-22 19:16:48,1588.0,7,1,492.0,955.9,137.0,116,26,84.1,387,387,25.8,614,3.5,60,83.9,200,
1800-12-22 19:16:50,1590.0,7,1,490.0,956.3,130.0,105,26,83.8,388,387,25.1,611,3.5,60,83.2,200,24.84
1800-12-22 19:16:52,1592.0,7,1,487.0,956.6,119.0,96,26,83.6,387,387,24.9,610,3.5,60,83.7,200,
1800-12-22 19:16:54,1594.0,7,1,487.0,956.7,109.0,85,26,83.9,387,386,26.2,611,3.5,60,86.8,200,
1800-12-22 19:16:56,1596.0,7,1,485.0,956.8,100.0,77,26,85.0,386,386,30.7,621,3.6,60,93.6,200,
1800-12-22 19:16:58,1598.0,7,1,484.0,956.8,93.0,61,26,86.8,385,385,36.2,636,3.7,60,100.1,200,
1800-12-22 19:17:00,1600.0,7,1,484.0,956.4,83.0,44,26,87.7,385,385,38.0,644,3.8,61,101.8,200,25.81
1800-12-22 19:17:02,1602.0,7,1,486.0,956.2,70.0,22,26,89.1,384,384,42.2,650,3.8,61,108.1,200,
1800-12-22 19:17:04,1604.0,7,1,490.0,956.0,56.0,7,26,91.1,383,382,50.2,667,3.9,61,120.2,200,
1800-12-22 19:17:06,1606.0,7,1,493.0,955.9,41.0,0,26,92.8,382,382,59.9,689,4.1,62,131.2,200,
1800-12-22 19:17:08,1608.0,7,1,497.0,956.0,33.0,0,26,93.3,383,382,66.9,700,4.2,62,136.9,199,
1800-12-22 19:17:10,1610.0,7,1,495.0,956.3,33.0,1,26,93.2,384,383,68.5,713,4.2,62,140.2,199,24.54
1800-12-22 19:17:12,1612.0,7,1,493.0,956.7,35.0,7,26,92.7,386,385,65.9,720,4.2,63,134.1,199,
1800-12-22 19:17:14,1614.0,7,1,489.0,957.0,44.0,12,26,92.0,389,388,60.2,714,4.1,63,126.7,199,
1800-12-22 19:17:16,1616.0,7,1,484.0,957.4,50.0,18,26,91.1,390,390,54.2,706,4.0,64,119.8,199,
1800-12-22 19:17:18,1618.0,7,1,480.0,957.8,56.0,18,26,90.0,389,389,47.6,695,3.8,64,111.1,199,
1800-12-22 19:17:20,1620.0,7,1,478.0,958.1,57.0,14,26,89.7,386,386,46.0,680,3.8,65,110.1,199,25.53
1800-12-22 19:17:22,1622.0,7,1,477.0,958.4,52.0,11,26,90.1,384,385,48.3,680,3.8,65,114.1,199,
1800-12-22 19:17:24,1624.0,7,1,475.0,958.6,48.0,5,26,91.6,383,383,54.0,692,3.9,66,124.4,199,
1800-12-22 19:17:26,1626.0,7,1,474.0,959.1,44.0,5,26,92.8,383,383,60.3,707,4.0,66,129.1,199,
1800-12-22 19:17:28,1628.0,7,1,470.0,959.3,39.0,7,26,92.6,384,383,62.7,709,4.0,66,129.7,199,
1800-12-22 19:17:30,1630.0,7,1,465.0,959.6,41.0,18,26,91.9,385,385,57.8,705,3.9,67,125.5,199,25.69
1800-12-22 19:17:32,1632.0,7,1,462.0,960.0,48.0,33,26,91.8,386,385,56.6,708,3.9,67,124.0,199,
1800-12-22 19:17:34,1634.0,7,1,459.0,960.6,65.0,40,26,91.5,386,385,55.2,708,3.9,68,123.0,199,
1800-12-22 19:17:36,1636.0,7,1,456.0,960.7,67.0,46,26,91.6,386,386,56.5,709,3.9,68,126.0,199,
1800-12-22 19:17:38,1638.0,7,1,454.0,960.6,72.0,40,26,91.1,387,386,53.5,706,3.8,69,120.4,199,
1800-12-22 19:17:40,1640.0,7,1,453.0,960.5,70.0,40,26,91.3,387,386,55.4,707,3.8,69,125.5,198,24.93
1800-12-22 19:17:42,1642.0,7,1,453.0,960.2,67.0,35,26,91.7,388,387,56.2,714,3.9,70,126.1,198,
1800-12-22 19:17:44,1644.0,7,1,453.0,960.1,65.0,38,26,91.8,389,388,56.6,715,3.9,70,126.7,198,
1800-12-22 19:17:46,1646.0,7,1,454.0,960.3,67.0,48,26,91.9,389,388,56.6,715,3.9,70,125.7,198,
1800-12-22 19:17:48,1648.0,7,1,450.0,960.4,70.0,68,26,91.9,388,388,56.8,714,3.9,70,126.4,198,
1800-12-22 19:17:50,1650.0,7,1,446.0,960.9,83.0,87,26,91.8,387,387,56.1,713,3.8,71,124.0,198,25.51
1800-12-22 19:17:52,1652.0,7,1,441.0,961.5,93.0,98,26,91.4,386,386,55.0,709,3.8,71,126.2,198,
1800-12-22 19:17:54,1654.0,7,1,435.0,961.7,107.0,109,26,92.5,385,385,64.1,720,3.9,71,136.1,198,
1800-12-22 19:17:56,1656.0,7,1,434.0,961.4,117.0,114,26,93.0,385,385,65.7,727,3.9,71,136.2,198,
1800-12-22 19:17:58,1658.0,7,1,434.0,960.6,122.0,116,26,93.7,385,385,71.3,734,3.9,71,145.5,198,
1800-12-22 19:18:00,1660.0,7,1,436.0,959.7,122.0,112,26,93.9,386,385,71.7,740,4.0,71,142.2,198,25.78
1800-12-22 19:18:02,1662.0,7,1,442.0,958.5,119.0,109,26,94.0,386,385,71.4,740,4.0,71,143.3,198,
1800-12-22 19:18:04,1664.0,7,1,454.0,956.9,107.0,105,26,94.2,385,385,72.5,743,4.0,71,144.2,197,
1800-12-22 19:18:06,1666.0,7,1,466.0,955.7,107.0,105,26,94.2,386,385,72.9,744,4.0,71,144.4,197,
1800-12-22 19:18:08,1668.0,7,1,474.0,955.5,113.0,112,26,94.2,386,385,72.4,745,4.0,71,143.3,197,
1800-12-22 19:18:10,1670.0,7,1,475.0,955.9,122.0,125,26,94.0,386,385,71.7,746,4.0,71,142.5,197,25.69
1800-12-22 19:18:12,1672.0,7,1,469.0,956.7,133.0,144,26,93.8,386,386,69.9,743,4.0,71,140.3,197,
1800-12-22 19:18:14,1674.0,7,1,459.0,957.9,152.0,153,26,93.6,386,386,67.9,742,4.0,70,138.3,197,
1800-12-22 19:18:16,1676.0,7,1,448.0,958.8,161.0,164,26,93.4,386,386,67.3,743,4.0,70,137.7,197,
1800-12-22 19:18:18,1678.0,7,1,439.0,959.5,174.0,174,26,93.5,386,386,67.8,744,4.0,70,139.0,197,
1800-12-22 19:18:20,1680.0,7,1,431.0,960.3,183.0,179,26,93.7,386,386,68.3,746,4.0,70,140.1,197,25.68
1800-12-22 19:18:22,1682.0,7,1,425.0,960.8,189.0,185,26,93.6,386,386,68.0,746,4.0,69,139.9,197,
1800-12-22 19:18:24,1684.0,7,1,423.0,961.0,194.0,185,26,93.9,386,386,68.7,749,4.1,69,140.5,197,
1800-12-22 19:18:26,1686.0,7,1,423.0,960.9,198.0,187,26,93.6,386,386,67.9,747,4.0,69,139.4,197,
1800-12-22 19:18:28,1688.0,7,1,422.0,961.0,202.0,190,27,93.7,386,386,67.6,747,4.0,69,138.9,197,
1800-12-22 19:18:30,1690.0,7,1,419.0,961.5,206.0,192,27,93.7,386,386,67.6,748,4.1,68,139.7,197,25.59
1800-12-22 19:18:32,1692.0,7,1,416.0,962.0,207.0,196,27,93.2,387,386,66.1,745,4.0,68,135.9,197,
1800-12-22 19:18:34,1694.0,7,1,410.0,962.7,211.0,198,27,92.5,387,386,61.8,736,4.0,68,128.9,197,
1800-12-22 19:18:36,1696.0,7,1,406.0,963.3,213.0,200,27,92.3,385,385,59.1,731,4.0,67,130.5,196,
1800-12-22 19:18:38,1698.0,7,1,400.0,964.2,215.0,201,27,92.7,386,385,59.1,734,4.0,67,129.3,196,
1800-12-22 19:18:40,1700.0,7,1,393.0,965.2,219.0,203,27,92.6,386,385,59.3,733,4.0,67,130.8,196,26.52
1800-12-22 19:18:42,1702.0,7,1,386.0,966.0,219.0,203,27,92.6,386,385,61.3,733,4.0,66,130.7,196,
1800-12-22 19:18:44,1704.0,7,1,379.0,967.0,222.0,209,27,92.5,386,385,60.0,732,4.0,66,131.4,196,
1800-12-22 19:18:46,1706.0,7,1,371.0,967.9,220.0,207,27,92.9,386,385,60.0,735,4.0,66,131.1,196,
1800-12-22 19:18:48,1708.0,7,1,363.0,968.5,220.0,207,27,92.3,386,386,57.9,729,4.0,65,126.8,196,
1800-12-22 19:18:50,1710.0,7,1,356.0,969.4,220.0,207,27,92.1,386,386,57.4,726,4.0,65,129.3,196,24.86
1800-12-22 19:18:52,1712.0,7,1,349.0,970.0,220.0,203,27,92.7,386,386,59.5,731,4.0,65,132.0,196,
1800-12-22 19:18:54,1714.0,7,1,344.0,970.3,219.0,205,28,92.8,386,386,60.9,735,4.1,65,132.3,196,
1800-12-22 19:18:56,1716.0,7,1,339.0,970.7,215.0,200,28,92.7,386,386,61.6,732,4.1,65,132.0,196,
1800-12-22 19:18:58,1718.0,7,1,337.0,970.8,215.0,198,28,92.7,386,386,61.7,733,4.1,64,132.3,196,
1800-12-22 19:19:00,1720.0,7,1,335.0,971.1,213.0,198,28,92.6,387,386,61.3,731,4.1,64,130.9,196,25.96
1800-12-22 19:19:02,1722.0,7,1,334.0,971.2,211.0,194,28,92.5,386,386,60.7,729,4.1,64,130.1,195,
1800-12-22 19:19:04,1724.0,7,1,332.0,971.3,211.0,196,28,92.5,386,385,59.0,729,4.1,64,129.2,195,
1800-12-22 19:19:06,1726.0,7,1,331.0,971.8,209.0,192,28,92.2,386,385,57.3,725,4.0,64,126.7,195,
1800-12-22 19:19:08,1728.0,7,1,330.0,972.0,207.0,190,28,92.2,386,385,57.5,725,4.0,64,127.6,195,
1800-12-22 19:19:10,1730.0,7,1,330.0,972.0,206.0,190,28,92.2,385,385,58.7,727,4.1,63,129.5,195,25.34
1800-12-22 19:19:12,1732.0,7,1,331.0,972.0,204.0,185,28,92.3,385,385,58.1,726,4.1,63,128.7,195,
1800-12-22 19:19:14,1734.0,7,1,333.0,972.2,204.0,187,28,92.4,385,385,59.7,727,4.1,63,131.7,195,
1800-12-22 19:19:16,1736.0,7,1,332.0,972.3,204.0,187,28,92.7,385,385,61.8,731,4.1,63,133.9,195,
1800-12-22 19:19:18,1738.0,7,1,329.0,972.8,204.0,190,28,92.8,386,385,63.9,732,4.1,63,137.1,195,
1800-12-22 19:19:20,1740.0,7,1,326.0,973.1,206.0,192,28,93.4,386,385,66.1,739,4.2,63,138.9,195,26.79
1800-12-22 19:19:22,1742.0,7,1,323.0,973.4,207.0,194,28,93.3,386,385,66.0,741,4.2,63,137.4,195,
1800-12-22 19:19:24,1744.0,7,1,320.0,973.7,211.0,196,28,93.3,386,385,65.5,740,4.2,63,138.0,195,
1800-12-22 19:19:26,1746.0,7,1,317.0,973.9,211.0,200,28,93.5,386,385,66.2,742,4.2,63,137.8,195,
1800-12-22 19:19:28,1748.0,7,1,316.0,974.1,211.0,196,28,93.4,386,386,65.9,742,4.2,63,137.8,195,
1800-12-22 19:19:30,1750.0,7,1,315.0,974.2,211.0,194,28,93.4,386,386,66.4,742,4.2,63,138.8,195,26.48
1800-12-22 19:19:32,1752.0,7,1,313.0,974.3,211.0,198,28,93.5,386,386,66.6,743,4.2,62,138.6,194,
1800-12-22 19:19:34,1754.0,7,1,310.0,974.6,213.0,194,28,93.5,386,386,66.6,744,4.2,62,138.7,194,
1800-12-22 19:19:36,1756.0,7,1,308.0,974.7,213.0,196,28,93.4,386,386,66.6,744,4.2,62,138.1,194,
1800-12-22 19:19:38,1758.0,7,1,308.0,974.6,211.0,198,28,93.4,386,386,66.9,744,4.2,62,139.1,194,
1800-12-22 19:19:40,1760.0,7,1,308.0,974.6,211.0,194,28,93.6,386,386,67.1,745,4.2,62,139.3,194,25.73
1800-12-22 19:19:42,1762.0,7,1,310.0,974.5,209.0,196,28,93.5,386,385,66.9,746,4.2,62,138.6,194,
1800-12-22 19:19:44,1764.0,7,1,310.0,974.6,209.0,192,28,93.2,386,385,65.3,741,4.2,62,135.7,194,
1800-12-22 19:19:46,1766.0,7,1,309.0,974.5,209.0,192,28,93.0,386,385,64.7,739,4.2,62,134.2,194,
1800-12-22 19:19:48,1768.0,7,1,308.0,974.7,209.0,196,28,92.8,386,386,62.8,734,4.2,62,132.3,194,
1800-12-22 19:19:50,1770.0,6,1,307.0,974.8,207.0,192,28,92.4,386,386,61.3,730,4.1,62,129.6,194,25.73
1800-12-22 19:19:52,1772.0,6,1,306.0,974.9,207.0,192,28,92.4,385,385,59.5,729,4.1,62,130.2,194,
1800-12-22 19:19:54,1774.0,6,1,303.0,975.2,207.0,192,28,92.6,385,385,60.6,732,4.1,62,132.4,194,
1800-12-22 19:19:56,1776.0,6,1,301.0,975.6,207.0,188,28,92.5,386,385,61.5,730,4.2,62,131.1,194,
1800-12-22 19:19:58,1778.0,6,1,300.0,975.8,207.0,190,28,92.5,386,386,61.7,730,4.2,62,131.6,194,
1800-12-22 19:20:00,1780.0,6,1,300.0,976.0,204.0,190,28,92.5,386,385,60.0,729,4.1,62,129.9,193,26.21
1800-12-22 19:20:02,1782.0,6,1,299.0,976.1,204.0,190,28,92.2,386,385,57.7,726,4.1,61,127.1,193,
1800-12-22 19:20:04,1784.0,6,1,298.0,976.1,202.0,187,28,92.1,386,385,57.6,726,4.1,61,127.5,193,
1800-12-22 19:20:06,1786.0,6,1,298.0,976.1,200.0,183,28,92.0,386,385,56.6,723,4.1,61,125.6,193,
1800-12-22 19:20:08,1788.0,6,1,298.0,975.8,196.0,179,28,91.8,386,385,56.0,720,4.1,61,124.9,193,
1800-12-22 19:20:10,1790.0,6,1,300.0,975.0,193.0,172,28,91.6,386,385,55.9,718,4.1,61,125.3,193,25.19
1800-12-22 19:20:12,1792.0,6,1,309.0,974.0,185.0,161,28,91.7,386,385,55.6,717,4.1,61,124.5,193,
1800-12-22 19:20:14,1794.0,6,1,320.0,972.8,176.0,155,28,91.7,386,385,56.2,717,4.1,61,126.8,193,
1800-12-22 19:20:16,1796.0,6,1,333.0,971.6,167.0,144,28,92.2,386,385,57.6,720,4.1,61,127.8,193,
1800-12-22 19:20:18,1798.0,6,1,347.0,969.9,156.0,138,27,92.2,385,385,58.8,722,4.1,61,129.9,193,
1800-12-22 19:20:20,1800.0,6,1,361.0,968.6,144.0,129,27,92.7,385,385,61.3,725,4.2,61,132.3,193,25.82
1800-12-22 19:20:22,1802.0,6,1,374.0,967.5,139.0,125,27,92.8,386,385,64.3,728,4.2,61,134.5,193,
1800-12-22 19:20:24,1804.0,6,1,383.0,967.3,137.0,129,27,93.0,385,385,65.4,729,4.2,61,135.5,193,
1800-12-22 19:20:26,1806.0,6,1,388.0,967.4,135.0,137,27,92.8,386,385,64.6,729,4.2,61,133.1,192,
1800-12-22 19:20:28,1808.0,6,1,383.0,967.9,146.0,146,27,92.7,386,386,63.6,727,4.2,62,132.9,192,
1800-12-22 19:20:30,1810.0,6,1,377.0,968.7,150.0,153,27,92.8,386,386,63.7,727,4.2,62,133.7,192,26.54
1800-12-22 19:20:32,1812.0,6,1,365.0,969.7,157.0,166,27,92.8,386,386,63.9,729,4.2,62,133.7,192,
1800-12-22 19:20:34,1814.0,6,1,351.0,970.9,174.0,174,27,92.8,386,386,62.9,729,4.2,62,132.6,192,
1800-12-22 19:20:36,1816.0,6,1,338.0,971.6,181.0,177,27,92.6,386,386,62.2,729,4.2,62,130.7,192,
1800-12-22 19:20:38,1818.0,6,1,330.0,972.1,189.0,181,27,92.4,385,385,59.7,725,4.1,62,129.0,192,
1800-12-22 19:20:40,1820.0,6,1,326.0,972.4,191.0,179,27,92.6,385,385,59.9,727,4.1,62,131.1,192,24.57
1800-12-22 19:20:42,1822.0,6,1,324.0,972.3,191.0,181,27,92.5,385,385,61.4,728,4.1,62,131.4,192,
1800-12-22 19:20:44,1824.0,6,1,324.0,972.3,193.0,179,27,92.5,386,386,61.1,727,4.1,62,130.9,192,
1800-12-22 19:20:46,1826.0,6,1,324.0,971.8,191.0,175,27,92.6,386,386,61.9,728,4.1,62,131.4,192,
1800-12-22 19:20:48,1828.0,6,1,325.0,971.5,187.0,174,27,92.5,386,385,62.2,728,4.1,62,131.7,192,
1800-12-22 19:20:50,1830.0,6,1,329.0,970.8,183.0,170,27,92.6,386,385,62.5,729,4.2,62,132.4,192,25.85
1800-12-22 19:20:52,1832.0,6,1,337.0,970.1,180.0,170,27,92.7,386,385,63.5,730,4.2,62,133.1,192,
1800-12-22 19:20:54,1834.0,6,1,344.0,969.4,178.0,166,27,92.7,386,385,63.2,729,4.2,62,132.3,192,
1800-12-22 19:20:56,1836.0,6,1,350.0,968.6,174.0,166,27,92.7,386,385,63.8,729,4.2,62,133.7,192,
1800-12-22 19:20:58,1838.0,6,1,358.0,967.7,172.0,162,27,92.9,386,385,64.1,731,4.2,62,134.2,191,
1800-12-22 19:21:00,1840.0,6,1,367.0,966.7,169.0,159,27,93.0,386,385,64.8,731,4.2,62,134.6,191,25.9
1800-12-22 19:21:02,1842.0,6,1,378.0,965.8,165.0,155,27,93.1,386,385,65.2,731,4.2,62,135.5,191,
1800-12-22 19:21:04,1844.0,6,1,389.0,964.7,163.0,155,27,93.1,386,385,66.0,732,4.2,62,135.9,191,
1800-12-22 19:21:06,1846.0,6,1,398.0,963.8,161.0,151,27,93.1,386,385,66.0,732,4.2,62,135.9,191,
1800-12-22 19:21:08,1848.0,6,1,407.0,962.9,161.0,151,27,93.2,386,385,66.1,733,4.2,62,135.2,191,
1800-12-22 19:21:10,1850.0,6,1,416.0,962.0,159.0,150,27,93.1,386,385,65.9,733,4.2,62,134.9,191,25.9
1800-12-22 19:21:12,1852.0,6,1,425.0,961.1,159.0,151,27,93.1,386,385,66.0,732,4.2,62,135.4,191,
1800-12-22 19:21:14,1854.0,6,1,435.0,960.1,157.0,148,26,93.2,386,385,66.1,733,4.2,62,135.7,191,
1800-12-22 19:21:16,1856.0,6,1,445.0,959.2,157.0,146,26,93.1,386,385,66.1,733,4.2,62,135.8,191,
1800-12-22 19:21:18,1858.0,6,1,455.0,957.9,154.0,144,26,93.2,386,385,66.6,734,4.2,62,137.0,191,
1800-12-22 19:21:20,1860.0,6,1,466.0,956.8,154.0,140,26,93.3,386,385,67.1,734,4.2,62,136.6,191,25.74
1800-12-22 19:21:22,1862.0,6,1,479.0,955.6,150.0,138,26,93.4,386,385,67.4,735,4.2,62,137.0,191,
1800-12-22 19:21:24,1864.0,6,1,491.0,954.4,148.0,138,26,93.4,386,385,67.7,736,4.2,62,137.4,191,
1800-12-22 19:21:26,1866.0,6,1,503.0,953.4,148.0,135,26,93.4,386,385,67.7,737,4.2,62,137.1,191,
1800-12-22 19:21:28,1868.0,6,1,514.0,952.2,146.0,133,26,93.5,386,385,68.1,738,4.2,62,137.7,190,
1800-12-22 19:21:30,1870.0,6,1,524.0,951.2,144.0,133,26,93.5,386,385,68.2,738,4.2,62,137.8,190,25.93
1800-12-22 19:21:32,1872.0,6,1,537.0,949.9,144.0,131,26,93.6,386,385,68.1,739,4.2,62,137.4,190,
1800-12-22 19:21:34,1874.0,6,1,549.0,948.9,144.0,129,26,93.6,386,385,68.3,739,4.2,62,137.6,190,
1800-12-22 19:21:36,1876.0,6,1,562.0,947.7,144.0,129,26,93.6,386,385,68.5,739,4.2,62,138.3,190,
1800-12-22 19:21:38,1878.0,6,1,574.0,946.6,141.0,127,26,93.4,386,385,69.0,741,4.2,62,138.1,190,
1800-12-22 19:21:40,1880.0,6,1,585.0,945.6,141.0,125,26,93.5,386,385,68.7,741,4.2,62,137.7,190,25.73
1800-12-22 19:21:42,1882.0,6,1,594.0,944.4,141.0,125,26,93.6,386,385,68.8,741,4.2,62,137.6,190,
1800-12-22 19:21:44,1884.0,6,1,604.0,943.4,139.0,125,26,93.6,386,385,68.6,741,4.2,63,137.3,190,
1800-12-22 19:21:46,1886.0,6,1,614.0,942.2,139.0,124,26,93.6,386,385,68.2,742,4.2,63,137.2,190,
1800-12-22 19:21:48,1888.0,6,1,624.0,941.3,139.0,125,25,93.6,386,385,68.8,742,4.2,63,137.8,190,
1800-12-22 19:21:50,1890.0,6,1,633.0,940.3,139.0,125,25,93.6,386,386,68.8,742,4.2,63,137.2,190,26.23
1800-12-22 19:21:52,1892.0,6,1,642.0,939.4,139.0,127,25,93.6,386,385,68.8,743,4.2,63,137.0,190,
1800-12-22 19:21:54,1894.0,6,1,648.0,938.8,141.0,129,25,93.6,386,386,67.9,741,4.2,63,136.0,189,
1800-12-22 19:21:56,1896.0,6,1,653.0,938.0,143.0,133,25,93.5,386,386,67.8,741,4.1,63,136.1,189,
1800-12-22 19:21:58,1898.0,6,1,658.0,937.7,146.0,135,25,93.6,386,386,68.1,741,4.2,63,136.9,189,
1800-12-22 19:22:00,1900.0,6,1,663.0,937.0,148.0,142,25,93.5,386,386,68.3,741,4.2,63,137.0,189,25.97
1800-12-22 19:22:02,1902.0,6,1,667.0,936.5,150.0,142,25,93.7,386,386,69.0,743,4.2,63,138.1,189,
1800-12-22 19:22:04,1904.0,6,1,671.0,935.9,156.0,144,25,93.7,387,386,69.1,744,4.2,63,137.9,189,
1800-12-22 19:22:06,1906.0,6,1,675.0,935.1,157.0,148,25,93.8,387,386,68.8,744,4.2,63,137.4,189,
1800-12-22 19:22:08,1908.0,6,1,680.0,934.6,161.0,150,25,93.8,387,386,69.0,744,4.2,63,137.7,189,
1800-12-22 19:22:10,1910.0,6,1,684.0,934.0,163.0,150,25,93.8,387,386,69.1,745,4.2,64,137.7,189,25.72
1800-12-22 19:22:12,1912.0,6,1,690.0,933.2,165.0,150,25,93.9,386,386,69.2,746,4.2,64,138.2,189,
1800-12-22 19:22:14,1914.0,6,1,695.0,932.6,165.0,150,25,93.8,387,386,68.8,746,4.2,63,137.4,189,
1800-12-22 19:22:16,1916.0,6,1,702.0,932.0,167.0,150,25,93.8,387,386,68.7,746,4.2,63,137.1,189,
1800-12-22 19:22:18,1918.0,6,1,708.0,931.1,167.0,150,25,93.8,387,386,68.4,745,4.2,63,136.8,189,
1800-12-22 19:22:20,1920.0,6,1,714.0,930.5,167.0,151,25,93.8,387,386,68.7,746,4.2,63,137.0,189,25.88
1800-12-22 19:22:22,1922.0,6,1,720.0,929.7,167.0,150,25,93.8,387,386,68.9,747,4.2,63,137.7,188,
1800-12-22 19:22:24,1924.0,6,1,727.0,928.9,167.0,150,25,93.9,387,386,69.1,747,4.2,63,137.7,188,
1800-12-22 19:22:26,1926.0,6,1,733.0,928.3,167.0,151,25,93.9,387,386,69.2,747,4.2,63,137.3,188,
1800-12-22 19:22:28,1928.0,6,1,739.0,927.6,167.0,151,25,93.9,387,386,69.3,747,4.2,63,137.9,188,
1800-12-22 19:22:30,1930.0,6,1,746.0,926.8,167.0,150,25,93.9,387,386,69.1,748,4.2,63,137.4,188,25.91
1800-12-22 19:22:32,1932.0,6,1,753.0,926.0,167.0,153,25,93.9,387,386,68.7,747,4.2,63,137.3,188,
1800-12-22 19:22:34,1934.0,6,1,761.0,925.3,169.0,151,25,94.0,387,386,69.4,748,4.2,63,137.7,188,
1800-12-22 19:22:36,1936.0,6,1,768.0,924.6,169.0,151,25,93.9,387,386,69.1,749,4.2,63,137.4,188,
1800-12-22 19:22:38,1938.0,6,1,774.0,923.8,169.0,151,24,93.9,387,386,69.0,749,4.2,63,137.2,188,
1800-12-22 19:22:40,1940.0,6,1,781.0,923.0,169.0,151,24,93.9,387,387,69.0,748,4.2,63,137.3,188,26.53
1800-12-22 19:22:42,1942.0,6,1,788.0,922.2,169.0,153,24,93.8,387,387,68.2,746,4.2,63,135.5,188,
1800-12-22 19:22:44,1944.0,6,1,796.0,921.4,169.0,153,24,93.8,387,387,67.9,746,4.2,63,135.6,188,
1800-12-22 19:22:46,1946.0,6,1,803.0,920.7,169.0,155,24,93.8,387,387,67.7,747,4.2,63,135.1,188,
1800-12-22 19:22:48,1948.0,6,1,811.0,919.9,169.0,155,24,93.8,387,387,67.7,746,4.2,63,135.1,188,
1800-12-22 19:22:50,1950.0,6,1,819.0,919.2,169.0,153,24,93.7,387,387,67.5,746,4.2,63,134.4,187,25.81
1800-12-22 19:22:52,1952.0,6,1,826.0,918.4,169.0,153,24,93.5,387,387,67.3,745,4.2,63,134.9,187,
1800-12-22 19:22:54,1954.0,6,1,834.0,917.7,169.0,155,24,93.7,387,387,67.5,745,4.2,63,134.7,187,
1800-12-22 19:22:56,1956.0,6,1,842.0,916.9,169.0,155,24,93.6,387,387,66.8,744,4.2,63,133.4,187,
1800-12-22 19:22:58,1958.0,6,1,850.0,916.1,169.0,155,24,93.5,387,387,67.0,744,4.2,63,134.1,187,
1800-12-22 19:23:00,1960.0,6,1,858.0,915.5,167.0,153,24,93.7,387,387,67.0,745,4.2,63,133.5,187,25.98
1800-12-22 19:23:02,1962.0,6,1,866.0,914.7,167.0,155,24,93.7,387,387,66.8,744,4.2,62,133.7,187,
1800-12-22 19:23:04,1964.0,6,1,874.0,914.0,165.0,155,24,93.5,387,387,65.9,743,4.2,62,132.0,187,
1800-12-22 19:23:06,1966.0,6,1,881.0,913.2,165.0,151,24,93.5,387,387,66.0,743,4.2,62,132.8,187,
1800-12-22 19:23:08,1968.0,6,1,889.0,912.4,163.0,150,24,93.6,387,387,66.2,742,4.2,62,132.3,187,
1800-12-22 19:23:10,1970.0,6,1,898.0,911.6,163.0,146,24,93.6,387,387,66.7,742,4.2,62,133.1,187,25.45
1800-12-22 19:23:12,1972.0,6,1,905.0,910.8,163.0,146,24,93.6,387,387,67.0,743,4.2,62,133.7,187,
1800-12-22 19:23:14,1974.0,6,1,914.0,909.9,161.0,148,24,93.4,387,387,65.9,740,4.2,62,131.4,187,
1800-12-22 19:23:16,1976.0,6,1,923.0,909.0,159.0,146,24,93.4,387,387,65.9,741,4.2,62,131.8,187,
1800-12-22 19:23:18,1978.0,6,1,932.0,908.1,157.0,144,24,93.5,387,387,66.2,741,4.2,62,132.3,186,
1800-12-22 19:23:20,1980.0,6,1,940.0,907.4,157.0,142,23,93.5,387,387,66.2,742,4.2,62,131.9,186,25.71
1800-12-22 19:23:22,1982.0,6,1,948.0,906.6,157.0,144,23,93.6,387,387,66.4,742,4.2,62,132.3,186,
1800-12-22 19:23:24,1984.0,6,1,954.0,905.9,157.0,144,23,93.5,387,387,66.1,741,4.2,62,131.6,186,
1800-12-22 19:23:26,1986.0,6,1,959.0,905.3,157.0,144,23,93.4,387,387,66.1,741,4.2,62,131.6,186,
1800-12-22 19:23:28,1988.0,6,1,965.0,904.6,157.0,144,23,93.5,387,387,65.8,741,4.2,62,131.1,186,
1800-12-22 19:23:30,1990.0,6,1,970.0,904.0,157.0,146,23,93.4,387,387,65.7,740,4.1,62,130.5,186,25.86
1800-12-22 19:23:32,1992.0,6,1,976.0,903.4,159.0,148,23,93.4,387,387,65.3,739,4.1,62,131.1,186,
1800-12-22 19:23:34,1994.0,6,1,980.0,903.0,159.0,150,23,93.5,387,387,65.5,740,4.2,62,130.7,186,
1800-12-22 19:23:36,1996.0,6,1,985.0,902.7,161.0,148,23,93.3,388,387,64.7,738,4.1,62,129.3,186,
1800-12-22 19:23:38,1998.0,6,1,989.0,902.2,163.0,150,23,93.1,387,387,64.2,737,4.1,62,128.4,186,
1800-12-22 19:23:40,2000.0,6,1,993.0,902.0,165.0,153,23,93.0,388,387,63.1,735,4.1,62,127.8,186,25.49
1800-12-22 19:23:42,2002.0,6,1,994.0,901.7,165.0,153,23,93.0,387,387,63.0,735,4.1,62,127.6,186,
1800-12-22 19:23:44,2004.0,6,1,996.0,901.3,169.0,153,23,92.8,388,387,61.9,731,4.1,62,124.9,186,
1800-12-22 19:23:46,2006.0,6,1,997.0,900.9,169.0,155,23,92.7,387,387,61.1,730,4.1,62,124.8,186,
1800-12-22 19:23:48,2008.0,6,1,998.0,900.7,170.0,157,23,92.5,388,387,60.6,729,4.1,62,123.4,185,
1800-12-22 19:23:50,2010.0,7,1,999.0,900.4,170.0,157,23,92.2,388,387,58.9,725,4.0,62,122.3,185,25.39
1800-12-22 19:23:52,2012.0,7,1,1000.0,900.0,170.0,153,23,92.2,388,387,58.4,724,4.1,62,121.0,185,
1800-12-22 19:23:54,2014.0,7,1,1001.0,899.3,167.0,153,23,92.2,388,387,58.3,722,4.1,62,120.8,185,
1800-12-22 19:23:56,2016.0,7,1,1004.0,898.7,165.0,151,22,92.1,388,387,58.2,722,4.1,62,121.2,185,
1800-12-22 19:23:58,2018.0,7,1,1010.0,898.2,165.0,150,22,92.2,387,387,59.0,723,4.1,62,122.4,185,
1800-12-22 19:24:00,2020.0,7,1,1015.0,897.6,163.0,146,22,92.4,387,387,60.3,724,4.1,62,124.1,185,25.82
1800-12-22 19:24:02,2022.0,7,1,1022.0,896.9,161.0,146,22,92.6,387,387,60.6,727,4.1,62,124.6,185,
1800-12-22 19:24:04,2024.0,7,1,1028.0,896.7,161.0,148,22,92.6,387,387,60.6,726,4.1,62,124.0,185,
1800-12-22 19:24:06,2026.0,7,1,1033.0,896.4,161.0,151,22,92.6,387,387,60.5,726,4.1,62,124.5,185,
1800-12-22 19:24:08,2028.0,7,1,1038.0,896.2,163.0,151,22,92.8,387,387,61.2,728,4.1,62,125.2,185,
1800-12-22 19:24:10,2030.0,7,1,1041.0,895.9,165.0,151,22,92.8,388,387,61.8,728,4.1,62,127.4,185,25.66
1800-12-22 19:24:12,2032.0,7,1,1044.0,895.8,165.0,155,22,93.1,388,387,63.8,732,4.1,62,129.3,185,
1800-12-22 19:24:14,2034.0,7,1,1045.0,895.9,169.0,157,22,93.3,388,387,63.9,736,4.2,62,129.0,185,
1800-12-22 19:24:16,2036.0,7,1,1045.0,895.8,172.0,162,22,93.3,388,387,64.2,738,4.2,62,129.3,184,
1800-12-22 19:24:18,2038.0,7,1,1045.0,896.0,176.0,168,22,93.3,388,387,63.8,739,4.2,62,129.0,184,
1800-12-22 19:24:20,2040.0,7,1,1043.0,896.2,180.0,168,22,93.4,388,387,63.9,739,4.2,62,129.3,184,25.85
1800-12-22 19:24:22,2042.0,7,1,1041.0,896.7,181.0,172,22,93.4,388,388,63.6,740,4.2,62,129.1,184,
1800-12-22 19:24:24,2044.0,7,1,1040.0,896.8,187.0,172,22,93.2,388,388,62.9,739,4.1,61,128.3,184,
1800-12-22 19:24:26,2046.0,7,1,1039.0,897.1,189.0,174,22,93.3,388,388,63.2,739,4.2,61,128.8,184,
1800-12-22 19:24:28,2048.0,7,1,1038.0,897.2,191.0,175,22,93.3,388,387,63.5,740,4.2,61,128.7,184,
1800-12-22 19:24:30,2050.0,7,1,1037.0,897.4,193.0,177,22,93.2,388,388,62.8,740,4.2,61,128.0,184,25.84
1800-12-22 19:24:32,2052.0,7,1,1035.0,897.5,194.0,181,22,93.2,388,387,62.9,740,4.1,61,127.5,184,
1800-12-22 19:24:34,2054.0,7,1,1032.0,898.0,196.0,181,23,92.3,388,387,57.0,730,4.1,61,118.2,184,
1800-12-22 19:24:36,2056.0,7,1,1028.0,898.5,198.0,181,23,91.5,388,387,53.2,720,4.0,61,114.7,184,
1800-12-22 19:24:38,2058.0,7,1,1021.0,899.1,200.0,183,23,91.0,388,387,50.6,714,4.0,61,113.3,184,
1800-12-22 19:24:40,2060.0,7,1,1014.0,900.0,200.0,185,23,91.2,388,387,51.1,715,4.0,61,114.2,184,25.77
1800-12-22 19:24:42,2062.0,7,1,1007.0,900.8,202.0,185,23,91.3,388,387,50.7,714,4.0,61,113.9,184,
1800-12-22 19:24:44,2064.0,7,1,998.0,901.6,204.0,188,23,91.0,388,387,50.5,712,4.0,61,113.4,184,
1800-12-22 19:24:46,2066.0,7,1,989.0,902.7,206.0,188,23,91.0,387,387,51.1,711,4.0,61,115.0,183,
1800-12-22 19:24:48,2068.0,7,1,978.0,903.7,209.0,192,23,91.1,387,387,50.3,710,4.0,60,113.6,183,
1800-12-22 19:24:50,2070.0,7,1,968.0,904.8,211.0,194,23,91.1,387,387,50.3,709,4.0,60,114.3,183,25.85
1800-12-22 19:24:52,2072.0,7,1,957.0,905.9,211.0,196,23,90.9,387,387,49.7,706,4.0,60,112.5,183,
1800-12-22 19:24:54,2074.0,7,1,945.0,907.3,215.0,201,23,90.8,388,387,48.7,704,4.0,60,111.7,183,
1800-12-22 19:24:56,2076.0,7,1,931.0,908.9,219.0,203,23,90.7,388,387,48.7,703,4.0,60,111.7,183,
1800-12-22 19:24:58,2078.0,7,1,917.0,910.4,220.0,205,23,90.7,388,387,48.6,702,4.0,60,111.8,183,
1800-12-22 19:25:00,2080.0,7,1,902.0,911.7,222.0,205,23,90.8,388,387,48.8,701,4.0,60,112.7,183,25.8
1800-12-22 19:25:02,2082.0,7,1,888.0,913.0,222.0,207,23,90.9,388,387,49.1,702,4.0,60,112.7,183,
1800-12-22 19:25:04,2084.0,7,1,873.0,914.6,224.0,209,24,90.9,387,387,50.0,702,4.0,60,115.1,183,
1800-12-22 19:25:06,2086.0,7,1,859.0,916.0,226.0,207,24,91.0,388,387,49.8,705,4.0,60,114.7,183,
1800-12-22 19:25:08,2088.0,7,1,844.0,917.3,226.0,209,24,90.9,388,387,49.7,704,4.0,59,114.1,183,
1800-12-22 19:25:10,2090.0,7,1,830.0,918.7,226.0,207,24,90.9,387,387,49.4,703,4.0,59,113.8,183,25.85
1800-12-22 19:25:12,2092.0,7,1,816.0,920.2,226.0,212,24,90.9,387,387,49.2,702,4.0,59,113.6,182,
1800-12-22 19:25:14,2094.0,7,1,803.0,921.5,228.0,211,24,90.8,387,387,49.1,701,4.0,59,113.9,182,
1800-12-22 19:25:16,2096.0,7,1,788.0,923.0,228.0,211,25,91.0,387,387,50.0,702,4.0,59,115.4,182,
1800-12-22 19:25:18,2098.0,7,1,774.0,924.5,228.0,212,25,90.6,387,387,48.7,698,4.0,59,111.8,182,
1800-12-22 19:25:20,2100.0,7,1,760.0,926.1,230.0,212,24,90.2,388,387,46.7,693,4.0,59,109.8,182,25.67
1800-12-22 19:25:22,2102.0,7,1,746.0,927.7,232.0,214,24,90.2,387,387,46.4,691,4.0,59,110.0,182,
1800-12-22 19:25:24,2104.0,7,1,732.0,929.3,232.0,214,24,89.9,387,387,45.6,687,4.0,59,108.5,182,
1800-12-22 19:25:26,2106.0,7,1,717.0,930.7,228.0,212,23,90.5,387,387,49.5,695,4.0,59,117.6,182,
1800-12-22 19:25:28,2108.0,7,1,703.0,932.1,228.0,214,23,91.4,387,387,51.8,705,4.1,58,118.8,182,
1800-12-22 19:25:30,2110.0,7,1,692.0,933.2,228.0,209,23,91.4,387,387,52.3,707,4.1,58,118.7,182,26.32
1800-12-22 19:25:32,2112.0,7,1,681.0,934.1,226.0,212,23,91.6,387,387,52.7,708,4.1,58,119.6,182,
1800-12-22 19:25:34,2114.0,7,1,670.0,935.1,224.0,211,23,91.7,387,386,53.7,709,4.1,58,121.1,182,
1800-12-22 19:25:36,2116.0,7,1,661.0,936.1,222.0,207,23,91.9,387,386,54.3,712,4.2,58,121.6,182,
1800-12-22 19:25:38,2118.0,7,1,652.0,937.1,222.0,211,24,91.9,387,386,54.3,712,4.2,58,121.2,182,
1800-12-22 19:25:40,2120.0,7,1,640.0,938.6,224.0,205,24,91.7,387,386,53.7,711,4.1,58,120.2,182,26.09
1800-12-22 19:25:42,2122.0,7,1,628.0,939.5,224.0,209,24,91.7,387,387,53.8,711,4.2,58,121.0,182,
1800-12-22 19:25:44,2124.0,7,1,617.0,940.5,224.0,211,25,91.4,387,386,53.1,709,4.1,58,118.6,182,
1800-12-22 19:25:46,2126.0,7,1,605.0,942.0,224.0,207,25,90.8,387,387,50.3,702,4.1,58,114.6,182,
1800-12-22 19:25:48,2128.0,7,1,594.0,943.3,224.0,209,25,90.4,387,387,48.1,696,4.0,58,112.5,181,
1800-12-22 19:25:50,2130.0,7,1,583.0,944.5,224.0,209,26,90.1,387,387,47.1,692,4.0,58,111.6,181,26.25
1800-12-22 19:25:52,2132.0,7,1,572.0,945.8,224.0,209,26,90.3,387,386,48.2,692,4.0,58,113.8,181,
1800-12-22 19:25:54,2134.0,7,1,559.0,947.5,224.0,212,26,90.2,387,386,47.6,692,4.0,58,111.9,181,
1800-12-22 19:25:56,2136.0,7,1,544.0,949.1,226.0,212,26,89.7,387,387,45.5,685,4.0,58,110.3,181,
1800-12-22 19:25:58,2138.0,7,1,528.0,951.0,226.0,214,26,89.6,387,387,45.1,683,4.0,58,108.9,181,
1800-12-22 19:26:00,2140.0,7,1,512.0,952.6,226.0,212,26,89.4,387,387,43.9,679,4.0,58,108.7,181,25.69
1800-12-22 19:26:02,2142.0,7,1,497.0,954.1,224.0,212,26,89.2,387,387,43.5,676,4.0,58,106.9,181,
1800-12-22 19:26:04,2144.0,7,1,482.0,955.7,222.0,209,27,88.4,387,387,40.0,669,3.9,58,100.6,181,
1800-12-22 19:26:06,2146.0,7,1,467.0,957.4,220.0,211,27,86.8,388,387,34.5,653,3.8,58,93.8,181,
1800-12-22 19:26:08,2148.0,7,1,453.0,959.1,217.0,205,27,85.5,388,387,30.5,636,3.7,58,89.0,181,
1800-12-22 19:26:10,2150.0,7,1,438.0,960.9,215.0,201,27,84.9,388,388,28.6,628,3.6,58,88.2,181,25.91
1800-12-22 19:26:12,2152.0,7,1,423.0,962.4,211.0,198,27,84.6,388,388,28.0,624,3.6,58,89.2,181,
1800-12-22 19:26:14,2154.0,7,1,409.0,963.8,207.0,198,27,84.8,388,388,28.4,624,3.7,58,88.4,181,
1800-12-22 19:26:16,2156.0,7,1,396.0,965.2,206.0,196,27,84.8,388,388,28.1,623,3.6,58,88.1,181,
1800-12-22 19:26:18,2158.0,7,1,383.0,966.8,202.0,190,27,84.3,389,388,26.8,618,3.6,58,87.4,181,
1800-12-22 19:26:20,2160.0,7,1,372.0,968.2,202.0,188,27,84.3,389,388,27.1,617,3.6,58,86.8,181,24.95
1800-12-22 19:26:22,2162.0,7,1,360.0,969.4,196.0,185,27,84.2,389,389,27.3,614,3.6,58,89.5,181,
1800-12-22 19:26:24,2164.0,7,1,350.0,970.7,194.0,181,28,85.3,389,388,31.0,624,3.7,58,94.4,181,
1800-12-22 19:26:26,2166.0,7,1,340.0,971.7,193.0,177,28,86.1,389,388,32.7,631,3.8,58,96.1,180,
1800-12-22 19:26:28,2168.0,7,1,331.0,972.6,189.0,174,28,86.6,388,388,34.1,635,3.8,58,98.0,180,
1800-12-22 19:26:30,2170.0,7,1,324.0,973.4,189.0,172,28,86.9,388,388,35.3,637,3.8,58,98.6,180,25.8
1800-12-22 19:26:32,2172.0,7,1,318.0,974.3,187.0,170,28,86.9,388,388,34.8,638,3.8,58,98.1,180,
1800-12-22 19:26:34,2174.0,7,1,310.0,975.3,187.0,168,28,86.8,388,387,34.9,636,3.8,58,98.0,180,
1800-12-22 19:26:36,2176.0,7,1,299.0,976.5,187.0,170,28,86.6,388,387,34.3,635,3.8,58,95.9,180,
1800-12-22 19:26:38,2178.0,7,1,287.0,977.9,185.0,168,28,85.9,388,388,31.6,627,3.7,58,93.9,180,
1800-12-22 19:26:40,2180.0,7,1,273.0,979.2,187.0,168,28,85.6,389,388,30.6,624,3.7,58,90.9,180,25.58
1800-12-22 19:26:42,2182.0,7,1,262.0,980.2,183.0,164,28,83.6,389,388,23.3,606,3.5,58,80.2,180,
1800-12-22 19:26:44,2184.0,7,1,252.0,981.2,178.0,151,28,82.0,390,390,19.9,591,3.4,58,78.0,180,
1800-12-22 19:26:46,2186.0,7,1,250.0,981.9,169.0,144,28,82.7,390,390,22.0,593,3.4,58,84.3,180,
1800-12-22 19:26:48,2188.0,7,1,250.0,982.0,156.0,131,28,83.4,389,389,23.8,600,3.5,58,83.0,180,
1800-12-22 19:26:50,2190.0,7,1,251.0,981.8,144.0,112,28,83.1,390,390,22.2,594,3.5,58,82.7,180,26.24
1800-12-22 19:26:52,2192.0,7,1,255.0,981.8,128.0,98,28,83.4,389,389,24.2,597,3.5,59,86.8,180,
1800-12-22 19:26:54,2194.0,7,1,259.0,981.8,106.0,88,28,85.1,387,387,29.8,610,3.6,59,95.9,180,
1800-12-22 19:26:56,2196.0,7,1,264.0,982.1,93.0,85,28,87.7,385,385,41.4,637,3.8,59,114.6,180,
1800-12-22 19:26:58,2198.0,7,1,265.0,982.4,91.0,90,28,91.0,384,384,55.3,676,4.0,59,131.6,180,
1800-12-22 19:27:00,2200.0,7,1,258.0,983.1,94.0,103,28,92.3,384,383,61.6,698,4.2,59,132.6,180,26.21
1800-12-22 19:27:02,2202.0,7,1,249.0,983.7,106.0,116,28,92.3,385,384,61.7,699,4.2,59,131.3,180,
1800-12-22 19:27:04,2204.0,7,1,243.0,984.4,124.0,127,28,92.1,385,384,61.0,701,4.2,60,130.1,180,
1800-12-22 19:27:06,2206.0,7,1,241.0,984.3,131.0,133,28,92.0,385,384,61.1,701,4.2,60,130.2,180,
1800-12-22 19:27:08,2208.0,7,1,241.0,984.2,137.0,135,28,92.1,384,384,59.3,702,4.2,60,129.7,179,
1800-12-22 19:27:10,2210.0,7,1,242.0,984.0,141.0,137,28,92.0,384,384,57.6,707,4.1,60,127.4,179,25.32
1800-12-22 19:27:12,2212.0,7,1,244.0,983.8,137.0,129,28,91.0,385,384,52.8,698,4.0,61,117.8,179,
1800-12-22 19:27:14,2214.0,7,1,249.0,983.5,133.0,124,28,89.7,385,385,47.5,682,3.9,61,113.2,179,
1800-12-22 19:27:16,2216.0,7,1,254.0,983.3,130.0,127,28,89.6,384,384,49.1,681,3.9,61,117.0,179,
1800-12-22 19:27:18,2218.0,7,1,256.0,983.6,130.0,127,28,89.5,385,384,46.9,680,3.9,61,111.8,179,
1800-12-22 19:27:20,2220.0,7,1,254.0,983.8,131.0,129,28,89.5,385,384,47.8,677,3.9,62,114.2,179,25.24
1800-12-22 19:27:22,2222.0,7,1,249.0,984.4,133.0,129,28,88.9,385,385,44.4,673,3.8,62,108.3,179,
1800-12-22 19:27:24,2224.0,7,1,245.0,984.8,137.0,129,28,88.1,386,386,40.7,661,3.8,62,104.5,179,
1800-12-22 19:27:26,2226.0,7,1,240.0,985.2,139.0,127,28,88.1,386,386,42.2,660,3.8,62,109.0,179,
1800-12-22 19:27:28,2228.0,7,1,237.0,985.5,139.0,127,28,89.0,385,385,45.8,669,3.8,62,114.2,179,
1800-12-22 19:27:30,2230.0,7,1,235.0,985.8,141.0,127,28,89.7,386,385,47.1,678,3.9,62,115.0,179,25.86
1800-12-22 19:27:32,2232.0,7,1,234.0,986.2,143.0,127,28,89.9,385,385,48.9,680,3.9,62,118.2,179,
1800-12-22 19:27:34,2234.0,7,1,231.0,986.4,144.0,129,28,90.4,385,385,52.1,687,3.9,62,122.3,179,
1800-12-22 19:27:36,2236.0,7,1,227.0,986.6,144.0,133,28,91.1,385,385,54.8,696,4.0,62,126.9,179,
1800-12-22 19:27:38,2238.0,7,1,226.0,986.6,150.0,137,28,92.0,385,384,59.2,708,4.1,62,132.2,179,
1800-12-22 19:27:40,2240.0,7,1,226.0,986.4,154.0,140,28,92.6,384,384,60.2,716,4.1,62,132.7,178,26.26
1800-12-22 19:27:42,2242.0,7,1,226.0,986.2,156.0,142,28,92.4,384,384,59.8,718,4.1,63,130.6,178,
1800-12-22 19:27:44,2244.0,7,1,227.0,985.8,159.0,146,28,92.4,384,384,59.8,716,4.1,63,131.6,178,
1800-12-22 19:27:46,2246.0,7,1,231.0,985.6,161.0,148,28,92.4,385,384,60.0,718,4.1,63,132.3,178,
1800-12-22 19:27:48,2248.0,7,1,233.0,985.3,161.0,150,28,92.7,385,384,64.2,721,4.1,63,137.3,178,
1800-12-22 19:27:50,2250.0,7,1,236.0,985.2,165.0,155,28,92.4,386,385,63.9,719,4.2,63,132.6,178,25.87
1800-12-22 19:27:52,2252.0,7,1,238.0,985.0,169.0,155,28,92.2,386,385,61.1,717,4.1,63,132.6,178,
1800-12-22 19:27:54,2254.0,7,1,240.0,984.4,172.0,155,28,92.5,385,385,64.2,721,4.2,63,136.7,178,
1800-12-22 19:27:56,2256.0,7,1,243.0,984.2,170.0,157,28,92.9,385,385,65.9,726,4.2,63,136.9,178,
1800-12-22 19:27:58,2258.0,7,1,244.0,984.3,172.0,162,28,92.7,386,385,64.5,726,4.2,63,134.8,178,
1800-12-22 19:28:00,2260.0,7,1,243.0,984.2,176.0,166,28,92.7,385,385,64.6,726,4.2,63,137.1,178,25.92
1800-12-22 19:28:02,2262.0,7,1,242.0,984.2,180.0,168,29,93.1,385,385,66.3,730,4.2,63,137.5,178,
1800-12-22 19:28:04,2264.0,7,1,242.0,984.0,183.0,168,29,93.0,385,385,65.7,732,4.2,62,136.5,178,
1800-12-22 19:28:06,2266.0,7,1,243.0,983.5,183.0,164,29,92.8,386,385,64.4,729,4.2,62,134.6,178,
1800-12-22 19:28:08,2268.0,7,1,248.0,982.9,183.0,162,29,92.7,386,385,64.1,729,4.2,62,134.5,178,
1800-12-22 19:28:10,2270.0,7,1,256.0,982.4,181.0,162,29,92.7,386,385,63.9,729,4.2,62,134.0,177,24.93
1800-12-22 19:28:12,2272.0,7,1,261.0,981.9,180.0,161,29,92.6,386,385,63.6,728,4.1,62,133.8,177,
1800-12-22 19:28:14,2274.0,7,1,263.0,981.8,180.0,164,29,92.8,385,385,64.7,729,4.1,62,136.1,177,
1800-12-22 19:28:16,2276.0,7,1,263.0,981.6,180.0,166,29,92.8,385,385,65.1,730,4.2,62,136.4,177,
1800-12-22 19:28:18,2278.0,7,1,265.0,981.7,181.0,170,29,93.0,386,385,66.6,731,4.2,62,138.7,177,
1800-12-22 19:28:20,2280.0,7,1,264.0,981.8,181.0,174,29,93.3,386,385,68.2,737,4.2,62,141.5,177,26.15
1800-12-22 19:28:22,2282.0,7,1,262.0,981.9,185.0,174,29,93.6,386,385,68.8,742,4.3,62,141.3,177,
1800-12-22 19:28:24,2284.0,7,1,259.0,981.9,191.0,177,29,93.7,386,385,69.6,742,4.3,62,142.3,177,
1800-12-22 19:28:26,2286.0,7,1,257.0,982.1,196.0,179,29,93.7,386,385,69.4,744,4.3,62,142.2,177,
1800-12-22 19:28:28,2288.0,7,1,254.0,982.2,198.0,181,29,93.7,386,386,69.3,746,4.3,62,141.6,177,
1800-12-22 19:28:30,2290.0,6,1,252.0,982.2,202.0,185,29,93.7,386,386,69.4,748,4.3,62,143.0,177,26.0
1800-12-22 19:28:32,2292.0,6,1,251.0,982.2,204.0,190,29,93.9,386,386,70.8,749,4.3,62,145.1,177,
1800-12-22 19:28:34,2294.0,6,1,250.0,982.2,206.0,187,29,94.0,386,386,70.6,752,4.3,62,143.7,177,
1800-12-22 19:28:36,2296.0,6,1,250.0,982.1,207.0,192,29,94.0,386,386,70.7,752,4.3,62,144.1,176,
1800-12-22 19:28:38,2298.0,6,1,250.0,982.1,207.0,188,29,94.0,386,386,70.4,753,4.3,62,143.1,176,
1800-12-22 19:28:40,2300.0,6,1,252.0,981.4,207.0,190,29,93.9,386,386,70.2,752,4.3,62,143.1,176,24.98
1800-12-22 19:28:42,2302.0,6,1,255.0,981.3,207.0,188,29,93.9,386,386,70.4,752,4.3,62,143.6,176,
1800-12-22 19:28:44,2304.0,6,1,258.0,981.1,207.0,188,29,93.9,386,386,70.1,753,4.3,62,143.1,176,
1800-12-22 19:28:46,2306.0,6,1,261.0,980.9,206.0,190,29,93.9,386,386,70.5,753,4.3,62,143.6,176,
1800-12-22 19:28:48,2308.0,6,1,263.0,981.0,207.0,188,29,93.9,386,386,70.5,753,4.3,61,143.4,176,
1800-12-22 19:28:50,2310.0,6,1,263.0,980.9,207.0,194,28,93.9,386,386,69.9,751,4.3,61,142.5,176,25.65
1800-12-22 19:28:52,2312.0,6,1,262.0,981.1,209.0,194,28,93.9,386,386,70.2,753,4.3,61,142.8,176,
1800-12-22 19:28:54,2314.0,6,1,261.0,981.1,211.0,194,28,93.9,386,386,69.7,753,4.3,61,141.9,176,
1800-12-22 19:28:56,2316.0,6,1,261.0,981.1,211.0,198,28,93.8,386,386,69.4,752,4.3,61,141.8,176,
1800-12-22 19:28:58,2318.0,6,1,260.0,981.3,213.0,198,28,93.4,386,386,67.3,748,4.2,61,137.6,176,
1800-12-22 19:29:00,2320.0,6,1,258.0,981.4,213.0,198,28,93.1,386,385,64.9,744,4.2,61,136.5,175,25.83
1800-12-22 19:29:02,2322.0,6,1,255.0,981.6,213.0,198,28,93.2,386,385,65.9,744,4.2,61,138.2,175,
1800-12-22 19:29:04,2324.0,6,1,253.0,981.7,213.0,198,29,93.3,386,386,66.3,745,4.2,61,138.1,175,
1800-12-22 19:29:06,2326.0,6,1,252.0,981.7,213.0,200,29,93.3,386,385,66.1,745,4.2,61,137.7,175,
1800-12-22 19:29:08,2328.0,6,1,252.0,981.7,211.0,198,29,93.3,386,385,65.9,744,4.2,61,137.7,175,
1800-12-22 19:29:10,2330.0,6,1,252.0,981.8,211.0,198,29,93.2,386,386,65.5,743,4.2,61,136.6,175,27.0
1800-12-22 19:29:12,2332.0,6,1,252.0,981.9,211.0,194,29,93.2,386,385,65.6,743,4.2,61,137.0,175,
1800-12-22 19:29:14,2334.0,6,1,253.0,982.0,209.0,196,29,93.3,386,385,65.4,743,4.2,61,136.6,175,
1800-12-22 19:29:16,2336.0,6,1,252.0,982.2,209.0,196,29,93.2,386,386,65.4,742,4.2,61,136.9,175,
1800-12-22 19:29:18,2338.0,6,1,252.0,982.2,209.0,194,29,93.1,386,386,65.2,742,4.3,61,136.6,175,
1800-12-22 19:29:20,2340.0,6,1,251.0,982.4,209.0,196,29,93.2,386,386,65.4,742,4.2,61,136.7,175,25.73
1800-12-22 19:29:22,2342.0,6,1,250.0,982.6,209.0,196,29,93.2,386,385,65.7,742,4.2,61,137.1,175,
1800-12-22 19:29:24,2344.0,6,1,249.0,982.7,209.0,194,29,93.2,386,385,65.6,742,4.2,61,137.0,175,
1800-12-22 19:29:26,2346.0,6,1,248.0,982.8,209.0,196,29,93.2,386,385,65.6,741,4.3,61,136.5,175,
1800-12-22 19:29:28,2348.0,6,1,247.0,982.9,209.0,194,29,93.2,386,385,65.3,742,4.2,60,136.2,174,
1800-12-22 19:29:30,2350.0,6,1,247.0,983.0,211.0,194,29,93.2,386,385,65.3,742,4.2,60,137.1,174,25.74
1800-12-22 19:29:32,2352.0,6,1,246.0,983.0,209.0,192,29,93.2,386,385,65.7,742,4.2,60,137.7,174,
1800-12-22 19:29:34,2354.0,6,1,246.0,983.0,209.0,194,29,93.3,386,385,66.0,743,4.3,60,137.7,174,
1800-12-22 19:29:36,2356.0,6,1,247.0,983.1,209.0,192,29,93.2,386,385,65.7,742,4.3,60,137.0,174,
1800-12-22 19:29:38,2358.0,6,1,247.0,983.0,207.0,190,29,93.2,386,385,65.9,742,4.3,60,137.7,174,
1800-12-22 19:29:40,2360.0,6,1,248.0,983.1,207.0,194,29,93.3,386,385,66.0,742,4.2,60,137.6,174,24.96
1800-12-22 19:29:42,2362.0,6,1,247.0,983.1,207.0,192,29,93.2,386,385,66.0,741,4.3,60,138.1,174,
1800-12-22 19:29:44,2364.0,6,1,246.0,983.3,206.0,194,29,93.3,386,385,65.9,742,4.3,60,137.3,174,
1800-12-22 19:29:46,2366.0,6,1,244.0,983.4,206.0,196,29,93.2,386,386,66.0,742,4.3,60,138.6,174,
1800-12-22 19:29:48,2368.0,6,1,241.0,983.7,209.0,196,29,93.5,386,385,67.1,744,4.3,60,140.0,174,
1800-12-22 19:29:50,2370.0,6,1,239.0,984.0,209.0,194,29,93.6,386,386,67.5,746,4.3,60,140.6,174,25.82
1800-12-22 19:29:52,2372.0,6,1,238.0,983.9,209.0,196,29,93.6,386,385,67.7,747,4.3,60,140.7,174,
1800-12-22 19:29:54,2374.0,6,1,238.0,983.9,209.0,196,29,93.7,386,385,68.0,748,4.3,60,140.7,173,
1800-12-22 19:29:56,2376.0,6,1,238.0,984.0,209.0,194,29,93.7,386,385,68.2,747,4.3,60,141.0,173,
1800-12-22 19:29:58,2378.0,6,1,238.0,983.9,209.0,196,29,93.7,386,385,68.4,748,4.3,60,141.3,173,
1800-12-22 19:30:00,2380.0,6,1,237.0,983.9,209.0,194,29,93.8,386,385,68.8,750,4.3,60,142.4,173,26.11
1800-12-22 19:30:02,2382.0,6,1,237.0,983.8,209.0,194,29,93.9,386,386,69.6,751,4.3,60,142.9,173,
1800-12-22 19:30:04,2384.0,6,1,237.0,983.8,209.0,196,29,94.0,386,386,69.7,751,4.3,60,143.3,173,
1800-12-22 19:30:06,2386.0,6,1,237.0,983.9,209.0,194,29,94.0,386,386,69.6,753,4.3,60,142.9,173,
1800-12-22 19:30:08,2388.0,6,1,237.0,983.8,209.0,196,29,93.9,386,385,69.7,753,4.3,60,142.7,173,
1800-12-22 19:30:10,2390.0,6,1,238.0,983.7,209.0,192,29,93.7,386,386,68.6,750,4.3,60,140.6,173,25.71
1800-12-22 19:30:12,2392.0,6,1,239.0,983.7,209.0,194,29,93.7,386,386,68.4,750,4.3,60,140.7,173,
1800-12-22 19:30:14,2394.0,6,1,240.0,983.7,209.0,196,29,93.7,386,386,68.2,750,4.3,60,140.4,173,
1800-12-22 19:30:16,2396.0,6,1,241.0,983.7,209.0,192,29,93.7,386,386,68.3,749,4.3,60,140.6,173,
1800-12-22 19:30:18,2398.0,6,1,241.0,983.9,209.0,194,29,93.6,386,386,68.1,749,4.3,60,140.2,173,
1800-12-22 19:30:20,2400.0,6,1,242.0,984.0,209.0,192,29,93.6,386,385,67.7,749,4.3,60,139.9,173,25.95
1800-12-22 19:30:22,2402.0,6,1,243.0,983.8,207.0,190,29,93.6,386,385,67.8,748,4.3,60,139.9,172,
1800-12-22 19:30:24,2404.0,6,1,245.0,983.7,207.0,190,29,93.6,386,385,67.8,748,4.3,60,139.6,172,
1800-12-22 19:30:26,2406.0,6,1,246.0,983.6,209.0,192,29,93.5,386,385,67.6,747,4.3,60,139.2,172,
1800-12-22 19:30:28,2408.0,6,1,248.0,983.7,207.0,192,29,93.5,386,385,67.4,748,4.3,60,139.4,172,
1800-12-22 19:30:30,2410.0,6,1,249.0,983.4,207.0,190,29,93.5,386,385,67.5,747,4.3,60,139.0,172,25.87
1800-12-22 19:30:32,2412.0,6,1,249.0,983.4,207.0,192,29,93.4,386,385,66.9,746,4.3,60,138.4,172,
1800-12-22 19:30:34,2414.0,6,1,249.0,983.4,207.0,190,29,93.4,386,385,66.7,745,4.3,60,138.2,172,
1800-12-22 19:30:36,2416.0,6,1,251.0,983.2,207.0,190,29,93.2,386,385,65.7,743,4.3,60,136.3,172,
1800-12-22 19:30:38,2418.0,6,1,252.0,983.2,206.0,190,29,93.1,386,385,65.0,741,4.3,60,135.5,172,
1800-12-22 19:30:40,2420.0,6,1,253.0,983.1,206.0,190,29,93.0,386,385,64.2,739,4.2,60,133.9,172,25.59
1800-12-22 19:30:42,2422.0,6,1,253.0,983.2,206.0,188,29,93.0,386,385,64.0,738,4.2,60,134.4,172,
1800-12-22 19:30:44,2424.0,6,1,253.0,983.3,204.0,187,29,92.8,386,385,63.3,736,4.2,60,132.7,172,
1800-12-22 19:30:46,2426.0,7,1,253.0,983.4,204.0,187,29,92.7,386,385,62.9,734,4.2,60,132.6,172,
1800-12-22 19:30:48,2428.0,7,1,254.0,983.3,204.0,187,29,92.5,385,385,61.7,731,4.2,60,131.2,171,
1800-12-22 19:30:50,2430.0,7,1,254.0,983.2,204.0,188,29,92.6,385,385,60.7,731,4.2,60,132.0,171,25.04
1800-12-22 19:30:52,2432.0,7,1,254.0,983.3,202.0,179,29,92.3,385,385,59.2,729,4.2,60,127.3,171,
1800-12-22 19:30:54,2434.0,7,1,254.0,982.9,200.0,174,29,90.6,386,385,49.5,710,4.0,60,113.4,171,
1800-12-22 19:30:56,2436.0,7,1,255.0,982.7,196.0,175,29,90.6,384,384,51.4,701,4.0,60,121.5,171,
1800-12-22 19:30:58,2438.0,7,1,255.0,982.4,189.0,172,29,91.2,384,384,53.3,709,4.0,60,120.1,171,
1800-12-22 19:31:00,2440.0,7,1,257.0,982.4,187.0,170,29,90.8,385,385,52.8,705,4.0,60,121.3,171,25.75
1800-12-22 19:31:02,2442.0,7,1,256.0,982.5,185.0,170,29,90.9,385,385,52.6,707,4.0,60,120.8,171,
1800-12-22 19:31:04,2444.0,7,1,254.0,982.6,183.0,170,29,91.1,385,385,54.5,708,4.0,60,124.6,171,
1800-12-22 19:31:06,2446.0,7,1,252.0,982.7,183.0,170,29,91.7,385,384,56.6,714,4.1,60,128.2,171,
1800-12-22 19:31:08,2448.0,7,1,249.0,983.1,183.0,170,29,92.2,385,384,58.5,720,4.1,60,130.3,171,
1800-12-22 19:31:10,2450.0,7,1,247.0,983.2,185.0,174,29,92.5,385,384,60.2,725,4.2,60,131.6,171,25.15
1800-12-22 19:31:12,2452.0,7,1,247.0,983.2,187.0,172,28,92.8,385,384,61.1,728,4.2,60,133.0,171,
1800-12-22 19:31:14,2454.0,7,1,244.0,983.4,191.0,174,28,92.5,385,385,60.1,726,4.2,60,130.8,171,
1800-12-22 19:31:16,2456.0,7,1,243.0,983.4,191.0,174,28,92.2,385,385,58.5,722,4.2,61,128.6,171,
1800-12-22 19:31:18,2458.0,7,1,241.0,983.4,193.0,177,28,92.3,385,384,58.8,723,4.2,61,129.1,171,
1800-12-22 19:31:20,2460.0,7,1,238.0,983.8,194.0,177,28,92.0,385,385,57.0,719,4.1,61,126.8,170,25.84
1800-12-22 19:31:22,2462.0,7,1,235.0,984.0,194.0,170,28,91.5,385,385,54.4,715,4.1,61,122.4,170,
1800-12-22 19:31:24,2464.0,7,1,234.0,983.7,194.0,172,28,91.3,384,385,54.9,712,4.1,61,124.5,170,
1800-12-22 19:31:26,2466.0,7,1,234.0,983.5,193.0,172,28,92.1,384,383,56.5,713,4.1,61,125.6,170,
1800-12-22 19:31:28,2468.0,7,1,234.0,983.4,189.0,170,28,91.5,385,384,54.7,709,4.1,61,123.1,170,
1800-12-22 19:31:30,2470.0,7,1,236.0,983.5,189.0,177,29,91.5,385,385,54.7,712,4.0,61,124.1,170,25.68
1800-12-22 19:31:32,2472.0,7,1,237.0,983.6,191.0,175,29,91.6,385,385,55.0,713,4.1,61,124.0,170,
1800-12-22 19:31:34,2474.0,7,1,237.0,983.7,193.0,175,29,91.4,385,385,54.4,711,4.1,61,123.3,170,
1800-12-22 19:31:36,2476.0,7,1,236.0,983.7,191.0,172,29,91.5,385,385,54.7,711,4.1,61,124.2,170,
1800-12-22 19:31:38,2478.0,7,1,236.0,983.7,191.0,177,29,91.6,385,385,55.4,713,4.1,61,125.1,170,
1800-12-22 19:31:40,2480.0,7,1,237.0,983.7,191.0,175,29,91.6,385,385,55.1,714,4.1,61,124.6,170,25.87
1800-12-22 19:31:42,2482.0,7,1,239.0,983.7,189.0,174,29,91.6,385,385,55.4,713,4.1,61,125.2,170,
1800-12-22 19:31:44,2484.0,7,1,241.0,983.7,189.0,174,29,91.6,385,385,55.4,714,4.1,61,124.6,170,
1800-12-22 19:31:46,2486.0,7,1,245.0,983.6,187.0,174,29,91.5,385,385,54.5,711,4.1,61,122.6,170,
1800-12-22 19:31:48,2488.0,7,1,247.0,983.6,185.0,175,29,91.2,385,385,53.3,708,4.0,61,122.5,169,
1800-12-22 19:31:50,2490.0,7,1,250.0,983.6,185.0,172,29,91.3,385,384,54.0,709,4.1,61,123.0,169,25.1
1800-12-22 19:31:52,2492.0,7,1,253.0,983.7,183.0,172,29,91.2,385,385,53.6,708,4.1,61,122.5,169,
1800-12-22 19:31:54,2494.0,7,1,255.0,983.8,183.0,172,29,91.2,385,385,53.5,707,4.0,61,121.9,169,
1800-12-22 19:31:56,2496.0,7,1,255.0,983.9,183.0,172,29,91.1,385,385,53.2,706,4.0,61,121.5,169,
1800-12-22 19:31:58,2498.0,7,1,254.0,984.1,183.0,172,29,90.9,385,385,52.2,703,4.0,61,119.6,169,
1800-12-22 19:32:00,2500.0,7,1,253.0,984.2,183.0,172,29,90.8,385,385,51.7,701,4.0,61,119.6,169,26.13
1800-12-22 19:32:02,2502.0,7,1,251.0,984.2,181.0,174,29,90.9,385,385,53.2,703,4.0,61,125.0,169,
1800-12-22 19:32:04,2504.0,7,1,251.0,983.9,181.0,170,29,92.3,385,385,61.3,718,4.1,61,134.5,169,
1800-12-22 19:32:06,2506.0,6,1,252.0,983.5,180.0,172,29,92.9,385,385,63.7,726,4.2,61,135.6,169,
1800-12-22 19:32:08,2508.0,6,1,253.0,983.0,180.0,172,29,93.1,385,385,65.4,727,4.2,61,136.8,169,
1800-12-22 19:32:10,2510.0,6,1,256.0,982.4,180.0,172,29,93.1,385,385,65.5,730,4.2,61,137.2,169,25.86
1800-12-22 19:32:12,2512.0,6,1,261.0,981.7,180.0,168,29,93.1,385,385,65.5,731,4.2,61,135.9,169,
1800-12-22 19:32:14,2514.0,6,1,267.0,981.2,180.0,168,29,93.1,385,385,65.8,731,4.2,61,136.6,169,
1800-12-22 19:32:16,2516.0,6,1,273.0,981.0,178.0,168,29,93.2,385,385,65.7,732,4.2,61,137.0,168,
1800-12-22 19:32:18,2518.0,6,1,277.0,980.5,178.0,170,29,93.0,386,385,65.3,733,4.2,61,135.8,168,
1800-12-22 19:32:20,2520.0,6,1,280.0,980.2,178.0,172,29,92.8,386,385,64.3,730,4.2,61,133.9,168,26.41
1800-12-22 19:32:22,2522.0,6,1,283.0,979.8,178.0,172,29,92.8,386,385,63.9,730,4.2,61,133.5,168,
1800-12-22 19:32:24,2524.0,6,1,286.0,979.6,178.0,172,29,92.8,386,385,63.7,730,4.2,61,133.3,168,
1800-12-22 19:32:26,2526.0,6,1,288.0,979.2,178.0,170,29,92.8,386,385,64.1,729,4.2,61,134.6,168,
1800-12-22 19:32:28,2528.0,6,1,290.0,978.9,178.0,174,29,92.8,386,385,63.4,729,4.2,61,132.4,168,
1800-12-22 19:32:30,2530.0,6,1,291.0,978.6,178.0,172,29,92.8,385,385,63.7,729,4.2,61,133.9,168,25.71
1800-12-22 19:32:32,2532.0,6,1,292.0,978.2,178.0,174,29,92.6,386,385,63.1,728,4.2,61,132.2,168,
1800-12-22 19:32:34,2534.0,6,1,294.0,978.0,178.0,175,29,92.7,385,385,63.6,729,4.2,61,133.8,168,
1800-12-22 19:32:36,2536.0,6,1,296.0,977.5,178.0,175,29,92.6,386,385,62.7,728,4.2,61,131.9,168,
1800-12-22 19:32:38,2538.0,6,1,299.0,977.4,178.0,170,28,92.6,385,385,63.5,728,4.2,61,133.9,168,
1800-12-22 19:32:40,2540.0,6,1,301.0,977.1,180.0,174,28,92.7,386,385,62.9,730,4.2,61,132.2,168,25.64
1800-12-22 19:32:42,2542.0,6,1,303.0,977.0,180.0,175,28,92.6,386,385,63.0,730,4.2,61,132.8,167,
1800-12-22 19:32:44,2544.0,6,1,305.0,976.7,180.0,175,29,92.6,386,385,62.7,729,4.2,61,131.6,167,
1800-12-22 19:32:46,2546.0,6,1,306.0,976.6,181.0,175,29,92.7,386,385,62.8,729,4.2,61,132.3,167,
1800-12-22 19:32:48,2548.0,6,1,307.0,976.7,181.0,179,29,92.7,386,385,62.7,730,4.2,61,132.2,167,
1800-12-22 19:32:50,2550.0,6,1,308.0,976.8,183.0,183,29,92.7,386,385,62.4,730,4.2,61,131.6,167,25.87
1800-12-22 19:32:52,2552.0,6,1,304.0,977.2,185.0,187,29,92.6,386,385,62.2,730,4.2,61,132.0,167,
1800-12-22 19:32:54,2554.0,6,1,299.0,977.5,189.0,190,29,92.8,386,385,62.5,730,4.2,61,132.4,167,
1800-12-22 19:32:56,2556.0,6,1,290.0,978.4,193.0,188,29,92.7,386,385,62.0,731,4.2,61,132.3,167,
1800-12-22 19:32:58,2558.0,6,1,285.0,978.7,198.0,188,29,92.5,386,385,61.9,731,4.2,61,131.5,167,
1800-12-22 19:33:00,2560.0,6,1,282.0,978.7,198.0,188,29,92.6,386,386,62.7,731,4.2,61,133.1,167,25.86
1800-12-22 19:33:02,2562.0,6,1,281.0,978.2,196.0,181,29,92.7,386,386,62.8,732,4.2,61,132.7,166,
1800-12-22 19:33:04,2564.0,6,1,283.0,977.1,193.0,177,29,92.9,386,385,63.9,733,4.2,61,135.1,166,
1800-12-22 19:33:06,2566.0,6,1,289.0,975.9,185.0,170,29,93.1,386,385,65.1,736,4.2,61,136.4,166,
1800-12-22 19:33:08,2568.0,6,1,299.0,974.3,178.0,162,29,93.2,386,385,65.7,736,4.2,61,136.7,166,
1800-12-22 19:33:10,2570.0,6,1,312.0,973.1,170.0,157,29,93.2,385,385,66.3,736,4.2,61,137.6,166,25.72
1800-12-22 19:33:12,2572.0,6,1,325.0,972.2,167.0,159,28,93.3,385,385,66.8,736,4.2,61,137.0,166,
1800-12-22 19:33:14,2574.0,6,1,337.0,971.3,165.0,155,28,93.4,385,385,67.2,736,4.2,61,137.6,166,
1800-12-22 19:33:16,2576.0,6,1,348.0,970.6,165.0,155,28,93.1,385,385,65.8,734,4.2,61,135.2,166,
1800-12-22 19:33:18,2578.0,6,1,358.0,970.0,165.0,155,28,93.1,386,385,65.6,735,4.2,61,135.2,166,
1800-12-22 19:33:20,2580.0,6,1,366.0,969.3,167.0,151,28,93.2,386,385,65.5,735,4.2,61,135.3,166,25.83
1800-12-22 19:33:22,2582.0,6,1,374.0,968.6,167.0,155,28,93.2,385,385,65.9,735,4.2,61,136.2,166,
1800-12-22 19:33:24,2584.0,6,1,380.0,967.9,167.0,155,28,93.2,386,385,66.1,736,4.2,61,136.2,166,
1800-12-22 19:33:26,2586.0,6,1,385.0,967.3,167.0,155,28,93.1,385,385,65.9,735,4.2,61,135.2,166,
1800-12-22 19:33:28,2588.0,6,1,389.0,966.9,167.0,155,28,93.1,385,385,65.4,735,4.2,61,134.5,166,
1800-12-22 19:33:30,2590.0,6,1,394.0,966.2,167.0,155,28,92.9,386,385,64.5,732,4.2,61,133.1,165,25.02
1800-12-22 19:33:32,2592.0,6,1,398.0,965.7,167.0,157,28,93.0,386,385,65.1,732,4.2,61,134.7,165,
1800-12-22 19:33:34,2594.0,6,1,403.0,964.9,167.0,155,28,93.1,386,385,65.5,734,4.2,62,134.6,165,
1800-12-22 19:33:36,2596.0,6,1,409.0,964.2,167.0,155,28,93.1,386,385,65.4,734,4.2,62,134.6,165,
1800-12-22 19:33:38,2598.0,6,1,415.0,963.5,167.0,155,28,93.2,386,385,65.7,735,4.2,62,135.3,165,
1800-12-22 19:33:40,2600.0,6,1,422.0,962.8,165.0,153,28,93.2,386,385,65.7,735,4.2,62,135.0,165,25.7
1800-12-22 19:33:42,2602.0,6,1,429.0,962.2,165.0,153,28,93.0,386,385,64.5,733,4.2,62,132.6,165,
1800-12-22 19:33:44,2604.0,6,1,436.0,961.3,165.0,155,28,92.9,386,385,64.7,732,4.2,62,133.4,165,
1800-12-22 19:33:46,2606.0,6,1,444.0,960.9,165.0,155,28,93.0,386,385,64.7,733,4.2,62,133.0,165,
1800-12-22 19:33:48,2608.0,6,1,451.0,960.3,167.0,155,28,92.9,386,385,64.5,732,4.2,62,132.6,165,
1800-12-22 19:33:50,2610.0,6,1,458.0,959.9,167.0,159,27,92.9,386,385,64.4,732,4.2,62,132.7,165,25.82
1800-12-22 19:33:52,2612.0,6,1,463.0,959.4,167.0,157,27,92.9,386,385,63.8,731,4.2,62,132.1,165,
1800-12-22 19:33:54,2614.0,6,1,467.0,959.1,169.0,161,28,92.8,386,385,63.7,732,4.2,62,131.6,164,
1800-12-22 19:33:56,2616.0,6,1,471.0,958.7,170.0,157,28,92.8,386,385,63.5,732,4.2,62,131.7,164,
1800-12-22 19:33:58,2618.0,6,1,475.0,958.5,170.0,162,28,92.8,386,385,63.1,732,4.2,62,131.0,164,
1800-12-22 19:34:00,2620.0,6,1,479.0,958.3,172.0,159,28,92.7,386,386,62.5,730,4.2,62,129.8,164,25.87
1800-12-22 19:34:02,2622.0,6,1,483.0,957.9,172.0,162,28,92.7,386,386,62.4,730,4.1,62,129.8,164,
1800-12-22 19:34:04,2624.0,6,1,488.0,957.7,174.0,164,28,92.6,386,386,62.1,729,4.1,62,129.3,164,
1800-12-22 19:34:06,2626.0,6,1,490.0,957.5,174.0,164,28,92.5,386,386,61.6,729,4.1,62,129.2,164,
1800-12-22 19:34:08,2628.0,6,1,493.0,957.1,174.0,164,28,92.5,386,385,61.5,729,4.1,62,129.3,164,
1800-12-22 19:34:10,2630.0,6,1,495.0,956.9,174.0,164,28,92.5,386,385,61.7,729,4.1,62,129.2,164,25.79
1800-12-22 19:34:12,2632.0,6,1,495.0,956.6,174.0,166,28,92.6,386,385,61.9,729,4.1,62,129.6,164,
1800-12-22 19:34:14,2634.0,6,1,495.0,956.7,176.0,168,28,92.6,386,386,61.7,729,4.1,62,129.6,164,
1800-12-22 19:34:16,2636.0,6,1,495.0,956.6,178.0,168,28,92.5,386,386,61.3,729,4.1,62,128.3,164,
1800-12-22 19:34:18,2638.0,6,1,493.0,956.7,180.0,172,28,92.5,386,386,61.0,728,4.1,62,128.6,163,
1800-12-22 19:34:20,2640.0,6,1,491.0,956.9,181.0,174,28,92.5,386,386,60.6,728,4.1,62,128.5,163,25.57
1800-12-22 19:34:22,2642.0,6,1,489.0,957.0,181.0,177,28,92.5,386,386,60.6,729,4.1,62,128.4,163,
1800-12-22 19:34:24,2644.0,6,1,486.0,957.3,185.0,181,28,92.5,386,386,61.8,729,4.1,62,131.2,163,
1800-12-22 19:34:26,2646.0,6,1,483.0,957.5,187.0,179,28,92.9,386,386,63.0,734,4.2,62,132.3,163,
1800-12-22 19:34:28,2648.0,6,1,481.0,957.6,189.0,183,28,93.0,386,386,63.3,735,4.2,62,132.7,163,
1800-12-22 19:34:30,2650.0,6,1,481.0,957.7,191.0,185,28,93.1,386,386,63.7,736,4.2,62,132.7,163,26.3
1800-12-22 19:34:32,2652.0,6,1,479.0,957.7,191.0,183,28,93.1,386,386,64.0,737,4.2,62,132.8,163,
1800-12-22 19:34:34,2654.0,6,1,476.0,958.0,191.0,185,28,93.1,386,386,63.8,737,4.2,62,132.5,163,
1800-12-22 19:34:36,2656.0,6,1,472.0,958.3,193.0,187,28,93.1,386,386,63.5,737,4.2,62,133.1,163,
1800-12-22 19:34:38,2658.0,6,1,468.0,958.5,194.0,188,28,93.1,386,386,63.7,738,4.2,62,132.7,162,
1800-12-22 19:34:40,2660.0,6,1,466.0,958.7,196.0,190,28,93.0,386,386,63.2,737,4.2,62,132.3,162,26.13
1800-12-22 19:34:42,2662.0,6,1,465.0,958.9,196.0,192,28,93.0,386,386,63.1,736,4.2,62,132.6,162,
1800-12-22 19:34:44,2664.0,6,1,463.0,959.1,196.0,188,28,93.1,386,386,63.4,737,4.2,62,133.1,162,
1800-12-22 19:34:46,2666.0,6,1,463.0,959.1,196.0,190,28,93.1,386,386,64.1,739,4.2,62,134.4,162,
1800-12-22 19:34:48,2668.0,6,1,461.0,959.1,196.0,192,28,93.3,386,386,64.6,740,4.2,61,134.8,162,
1800-12-22 19:34:50,2670.0,6,1,459.0,959.3,196.0,188,28,93.3,386,386,64.9,740,4.2,61,135.0,162,26.61
1800-12-22 19:34:52,2672.0,6,1,459.0,959.4,196.0,190,28,93.2,386,386,64.6,741,4.2,61,133.9,162,
1800-12-22 19:34:54,2674.0,6,1,459.0,959.4,196.0,190,28,93.2,386,386,64.6,740,4.2,61,135.1,162,
1800-12-22 19:34:57,2677.0,7,1,459.0,959.5,196.0,188,28,93.3,386,386,65.0,743,4.2,61,135.1,162,
1800-12-22 19:34:59,2679.0,7,1,458.0,959.5,194.0,190,28,93.3,386,386,64.7,742,4.2,61,134.7,162,
1800-12-22 19:35:01,2681.0,7,1,458.0,959.6,194.0,188,28,93.3,386,386,65.0,743,4.2,61,134.7,161,25.79
1800-12-22 19:35:03,2683.0,7,1,456.0,959.6,194.0,188,28,93.4,386,386,65.1,742,4.2,61,134.7,161,
1800-12-22 19:35:05,2685.0,7,1,455.0,960.1,194.0,192,28,93.2,386,386,64.6,741,4.2,61,134.1,161,
1800-12-22 19:35:07,2687.0,7,1,452.0,960.3,196.0,192,28,93.2,386,386,64.5,741,4.2,61,134.1,161,
1800-12-22 19:35:09,2689.0,7,1,450.0,960.4,196.0,194,28,93.2,386,386,64.7,741,4.2,61,134.9,161,
1800-12-22 19:35:11,2691.0,7,1,446.0,960.8,196.0,192,28,93.3,386,386,64.7,741,4.2,61,135.1,161,25.66
1800-12-22 19:35:13,2693.0,7,1,443.0,961.0,196.0,192,28,93.3,386,386,64.6,742,4.2,61,134.1,161,
1800-12-22 19:35:15,2695.0,7,1,441.0,961.2,198.0,194,28,93.2,386,386,64.5,742,4.2,61,134.4,161,
1800-12-22 19:35:17,2697.0,7,1,439.0,961.4,198.0,190,28,93.2,386,386,64.8,742,4.2,61,134.9,161,
1800-12-22 19:35:19,2699.0,7,1,436.0,961.6,200.0,194,28,93.2,386,386,64.9,743,4.2,61,134.8,161,
1800-12-22 19:35:21,2701.0,7,1,432.0,962.2,200.0,194,28,93.3,386,386,64.5,743,4.2,61,134.2,161,25.85
1800-12-22 19:35:23,2703.0,7,1,428.0,962.6,202.0,196,28,93.2,386,386,64.2,743,4.2,61,134.1,160,
1800-12-22 19:35:25,2705.0,7,1,425.0,962.9,204.0,196,28,93.1,386,386,64.1,742,4.2,61,133.8,160,
1800-12-22 19:35:27,2707.0,7,1,421.0,963.2,206.0,198,28,93.3,386,386,64.3,742,4.2,61,134.4,160,
1800-12-22 19:35:29,2709.0,7,1,418.0,963.4,206.0,196,28,93.3,386,386,64.2,742,4.2,61,134.7,160,
1800-12-22 19:35:31,2711.0,7,1,416.0,963.6,206.0,200,28,93.1,386,386,63.9,741,4.2,61,133.7,160,25.46
1800-12-22 19:35:33,2713.0,7,1,414.0,963.9,206.0,196,28,93.1,386,386,64.1,741,4.2,61,134.3,160,
1800-12-22 19:35:35,2715.0,7,1,413.0,964.0,206.0,196,28,93.1,386,386,64.1,742,4.2,60,133.9,160,
1800-12-22 19:35:37,2717.0,7,1,412.0,964.0,204.0,196,28,93.2,386,386,64.0,740,4.2,60,134.1,160,
1800-12-22 19:35:39,2719.0,7,1,411.0,964.1,202.0,194,28,93.2,386,386,64.2,741,4.2,60,134.4,160,
1800-12-22 19:35:41,2721.0,7,1,410.0,964.2,202.0,194,28,93.1,386,386,64.0,741,4.2,60,133.5,160,24.67
1800-12-22 19:35:43,2723.0,7,1,410.0,964.1,202.0,190,28,93.1,386,386,64.2,741,4.2,60,134.6,160,
1800-12-22 19:35:45,2725.0,7,1,410.0,964.0,202.0,190,28,93.1,386,386,63.8,739,4.2,60,133.1,159,
1800-12-22 19:35:47,2727.0,7,1,410.0,964.2,202.0,192,28,93.1,386,386,63.7,739,4.2,60,133.1,159,
1800-12-22 19:35:49,2729.0,7,1,409.0,964.2,202.0,190,28,93.1,386,386,63.6,738,4.2,60,132.8,159,
1800-12-22 19:35:51,2731.0,7,1,407.0,964.3,202.0,192,28,93.0,386,386,63.6,738,4.2,60,132.6,159,25.85
1800-12-22 19:35:53,2733.0,7,1,405.0,964.5,200.0,192,28,92.9,386,386,63.2,737,4.2,60,131.9,159,
1800-12-22 19:35:55,2735.0,7,1,402.0,964.7,200.0,190,28,93.0,386,386,63.0,737,4.2,60,132.3,159,
1800-12-22 19:35:57,2737.0,7,1,398.0,964.9,200.0,188,28,92.9,386,386,62.9,736,4.2,60,132.2,159,
1800-12-22 19:35:59,2739.0,7,1,393.0,965.0,200.0,187,28,92.9,386,386,62.9,737,4.2,60,132.3,159,
1800-12-22 19:36:01,2741.0,7,1,392.0,965.0,200.0,190,28,93.0,386,385,63.1,737,4.2,60,132.7,159,25.69
1800-12-22 19:36:03,2743.0,7,1,391.0,965.3,200.0,188,28,92.9,386,386,62.4,735,4.2,60,131.4,159,
1800-12-22 19:36:05,2745.0,7,1,390.0,965.5,200.0,188,28,92.9,386,386,62.5,735,4.2,60,131.6,159,
1800-12-22 19:36:07,2747.0,7,1,388.0,965.7,202.0,188,28,92.9,386,386,62.5,735,4.2,60,131.4,159,
1800-12-22 19:36:09,2749.0,7,1,388.0,965.7,202.0,190,28,92.7,386,386,62.1,734,4.2,60,130.7,158,
1800-12-22 19:36:11,2751.0,7,1,387.0,965.8,202.0,190,28,92.7,386,386,61.9,733,4.2,60,130.7,158,25.68
1800-12-22 19:36:13,2753.0,7,1,386.0,966.0,200.0,190,28,92.6,386,386,61.3,732,4.2,60,129.9,158,
1800-12-22 19:36:15,2755.0,7,1,385.0,966.0,200.0,188,28,92.4,386,385,60.0,729,4.2,60,127.8,158,
1800-12-22 19:36:17,2757.0,6,1,383.0,966.4,200.0,188,28,92.3,385,385,57.4,726,4.1,60,125.9,158,
1800-12-22 19:36:19,2759.0,6,1,378.0,966.9,200.0,187,28,92.1,385,385,56.2,722,4.1,60,124.5,158,
1800-12-22 19:36:21,2761.0,6,1,374.0,967.6,200.0,190,28,92.0,385,385,56.1,722,4.1,60,124.6,158,25.26
1800-12-22 19:36:23,2763.0,6,1,368.0,968.3,200.0,192,28,91.9,386,385,55.5,720,4.1,60,124.1,158,
1800-12-22 19:36:25,2765.0,6,1,363.0,969.1,204.0,194,28,91.9,386,385,55.7,719,4.1,60,124.0,158,
1800-12-22 19:36:27,2767.0,6,1,357.0,969.9,206.0,194,28,91.6,386,385,54.2,716,4.1,60,121.6,158,
1800-12-22 19:36:29,2769.0,6,1,349.0,970.6,206.0,198,28,91.4,386,385,53.6,713,4.1,60,122.2,158,
1800-12-22 19:36:31,2771.0,6,1,344.0,971.2,206.0,198,28,91.6,386,385,54.2,714,4.1,60,123.2,157,26.37
1800-12-22 19:36:33,2773.0,6,1,339.0,972.0,206.0,196,28,91.6,386,385,53.9,714,4.1,60,122.1,157,
1800-12-22 19:36:35,2775.0,6,1,334.0,972.7,204.0,192,28,91.6,386,385,54.4,714,4.1,60,123.7,157,
1800-12-22 19:36:37,2777.0,6,1,330.0,973.1,204.0,194,28,91.8,385,385,56.9,716,4.1,60,127.8,157,
1800-12-22 19:36:39,2779.0,6,1,324.0,973.7,204.0,196,28,92.3,386,385,57.7,723,4.1,60,128.0,157,
1800-12-22 19:36:41,2781.0,6,1,318.0,974.2,204.0,192,28,92.3,385,385,57.9,723,4.1,60,128.6,157,25.66
1800-12-22 19:36:43,2783.0,6,1,312.0,974.9,204.0,198,28,92.5,385,385,59.2,725,4.2,60,130.7,157,
1800-12-22 19:36:45,2785.0,6,1,306.0,975.5,204.0,194,28,92.8,385,385,60.4,729,4.2,60,133.0,157,
1800-12-22 19:36:47,2787.0,6,1,302.0,976.0,206.0,196,28,93.0,385,385,60.7,731,4.2,60,132.2,157,
1800-12-22 19:36:49,2789.0,6,1,300.0,976.2,206.0,190,28,93.0,385,385,60.9,732,4.2,60,133.1,157,
1800-12-22 19:36:51,2791.0,6,1,300.0,976.2,204.0,192,28,92.6,386,385,61.8,728,4.2,60,130.8,157,26.78
1800-12-22 19:36:53,2793.0,6,1,300.0,976.3,200.0,190,28,92.5,386,385,61.5,728,4.2,60,130.8,157,
1800-12-22 19:36:55,2795.0,6,1,302.0,976.4,200.0,187,28,92.5,385,385,60.5,727,4.2,60,130.0,157,
1800-12-22 19:36:57,2797.0,6,1,304.0,976.6,198.0,187,28,92.7,385,385,60.0,727,4.2,60,130.8,157,
1800-12-22 19:36:59,2799.0,6,1,305.0,976.7,198.0,187,28,92.5,385,385,59.3,727,4.2,60,129.5,156,
1800-12-22 19:37:01,2801.0,6,1,306.0,976.8,198.0,187,28,92.6,385,385,59.4,727,4.2,60,130.0,156,25.67
1800-12-22 19:37:03,2803.0,6,1,307.0,977.0,196.0,187,28,92.4,385,385,58.5,725,4.2,60,128.5,156,
1800-12-22 19:37:05,2805.0,6,1,307.0,977.3,196.0,187,28,92.3,385,385,58.1,724,4.2,60,128.3,156,
1800-12-22 19:37:07,2807.0,6,1,308.0,977.6,196.0,185,28,92.5,385,385,59.1,725,4.2,60,130.1,156,
1800-12-22 19:37:09,2809.0,6,1,306.0,977.9,196.0,187,28,92.2,385,385,58.3,724,4.2,60,127.3,156,
1800-12-22 19:37:11,2811.0,6,1,305.0,978.1,196.0,188,28,92.2,385,385,57.5,723,4.2,60,127.8,156,25.65
1800-12-22 19:37:13,2813.0,6,1,303.0,978.4,196.0,187,28,92.2,385,385,58.1,724,4.2,60,129.0,156,
1800-12-22 19:37:15,2815.0,6,1,301.0,978.6,196.0,185,28,92.4,385,385,58.7,725,4.2,60,129.5,156,
1800-12-22 19:37:17,2817.0,6,1,300.0,978.8,198.0,185,28,92.5,385,385,58.7,726,4.2,60,129.3,156,
1800-12-22 19:37:19,2819.0,6,1,299.0,978.9,198.0,185,29,92.5,385,385,58.9,725,4.2,60,130.0,156,
1800-12-22 19:37:21,2821.0,6,1,298.0,979.1,196.0,185,29,92.6,385,385,60.0,727,4.2,60,131.6,156,26.66
1800-12-22 19:37:23,2823.0,6,1,298.0,978.8,194.0,181,28,92.7,385,385,60.2,729,4.2,60,131.5,155,
1800-12-22 19:37:25,2825.0,6,1,301.0,978.7,193.0,183,28,92.5,385,385,61.2,728,4.2,60,131.6,155,
1800-12-22 19:37:27,2827.0,6,1,304.0,978.8,193.0,177,28,92.5,385,385,60.1,725,4.2,60,132.0,155,
1800-12-22 19:37:29,2829.0,6,1,306.0,978.5,193.0,181,28,92.8,385,385,60.7,729,4.2,60,132.4,155,
1800-12-22 19:37:31,2831.0,6,1,308.0,978.6,193.0,183,28,92.8,385,384,61.4,730,4.2,60,132.5,155,24.51
1800-12-22 19:37:33,2833.0,6,1,307.0,978.8,193.0,183,28,92.4,385,385,61.0,725,4.2,60,129.9,155,
1800-12-22 19:37:35,2835.0,6,1,305.0,978.9,194.0,187,28,92.5,385,385,60.1,725,4.2,60,131.6,155,
1800-12-22 19:37:37,2837.0,6,1,301.0,979.2,194.0,188,28,92.8,385,385,60.7,728,4.2,60,132.1,155,
1800-12-22 19:37:39,2839.0,6,1,297.0,979.4,196.0,187,28,92.8,385,385,60.6,729,4.2,60,131.7,155,
1800-12-22 19:37:41,2841.0,6,1,294.0,979.8,198.0,190,28,92.6,385,385,59.7,727,4.2,60,130.6,155,25.9
1800-12-22 19:37:43,2843.0,6,1,293.0,980.1,198.0,188,28,92.6,385,385,60.1,728,4.2,60,131.7,155,
1800-12-22 19:37:45,2845.0,6,1,292.0,980.2,200.0,187,28,92.6,385,385,60.0,728,4.2,60,131.2,154,
1800-12-22 19:37:47,2847.0,6,1,293.0,980.1,198.0,183,28,92.5,385,385,61.3,728,4.2,60,132.3,154,
1800-12-22 19:37:49,2849.0,6,1,295.0,979.8,196.0,181,28,92.5,385,385,60.9,725,4.2,60,131.0,154,
1800-12-22 19:37:51,2851.0,6,1,298.0,979.7,196.0,183,28,92.6,385,385,60.4,726,4.2,60,132.0,154,25.73
1800-12-22 19:37:53,2853.0,6,1,300.0,979.5,194.0,183,28,92.7,385,385,60.8,730,4.2,60,131.3,154,
1800-12-22 19:37:55,2855.0,6,1,301.0,979.5,194.0,183,28,92.5,385,385,59.4,727,4.2,60,129.5,154,
1800-12-22 19:37:57,2857.0,6,1,301.0,979.2,194.0,183,28,92.5,385,385,60.1,726,4.2,60,131.8,154,
1800-12-22 19:37:59,2859.0,6,1,303.0,979.2,193.0,181,28,92.7,385,385,60.3,728,4.2,60,131.2,154,
1800-12-22 19:38:01,2861.0,6,1,303.0,979.2,193.0,179,28,92.5,385,385,59.4,727,4.2,60,129.7,154,25.64
1800-12-22 19:38:03,2863.0,6,1,303.0,979.1,193.0,179,28,92.4,385,385,59.0,725,4.2,60,129.3,154,
1800-12-22 19:38:05,2865.0,6,1,306.0,978.7,191.0,175,28,92.4,385,385,58.9,725,4.2,60,129.6,154,
1800-12-22 19:38:07,2867.0,6,1,310.0,978.3,187.0,174,28,92.4,385,385,58.7,724,4.1,60,129.1,154,
1800-12-22 19:38:09,2869.0,6,1,317.0,977.3,183.0,166,28,92.5,385,385,60.4,725,4.2,60,131.7,154,
1800-12-22 19:38:11,2871.0,6,1,328.0,976.2,183.0,159,28,92.7,385,385,61.3,728,4.2,60,132.6,154,25.91
1800-12-22 19:38:13,2873.0,6,1,341.0,974.6,178.0,155,28,92.6,385,385,63.3,725,4.2,60,133.1,154,
1800-12-22 19:38:15,2875.0,6,1,359.0,973.3,170.0,151,28,92.7,385,385,64.2,726,4.2,60,133.7,154,
1800-12-22 19:38:17,2877.0,6,1,378.0,972.2,163.0,150,28,92.7,385,385,64.2,725,4.2,60,133.9,154,
1800-12-22 19:38:19,2879.0,6,1,394.0,971.4,159.0,150,27,92.8,385,385,64.8,726,4.2,60,134.0,153,
1800-12-22 19:38:21,2881.0,6,1,407.0,971.0,159.0,151,27,92.6,385,385,63.7,724,4.2,60,132.2,153,25.72
1800-12-22 19:38:23,2883.0,6,1,416.0,970.5,161.0,155,27,92.6,386,385,63.3,724,4.2,60,131.8,153,
1800-12-22 19:38:25,2885.0,6,1,424.0,970.0,163.0,153,27,92.5,386,385,62.7,723,4.2,60,131.1,153,
1800-12-22 19:38:27,2887.0,6,1,432.0,969.4,163.0,155,27,92.5,385,385,63.3,723,4.2,61,132.5,153,
1800-12-22 19:38:29,2889.0,6,1,439.0,968.9,165.0,151,27,92.7,385,385,64.3,726,4.2,61,134.2,153,
1800-12-22 19:38:31,2891.0,6,1,444.0,968.4,167.0,155,27,92.8,385,385,64.5,726,4.2,61,133.3,153,25.86
1800-12-22 19:38:33,2893.0,6,1,450.0,968.0,167.0,157,27,92.5,386,385,63.3,724,4.2,61,132.4,153,
1800-12-22 19:38:35,2895.0,6,1,454.0,967.6,169.0,161,27,92.8,385,385,64.5,726,4.2,61,133.8,153,
1800-12-22 19:38:37,2897.0,6,1,456.0,967.7,170.0,162,27,92.6,386,385,63.6,725,4.2,61,131.4,153,
1800-12-22 19:38:39,2899.0,6,1,454.0,967.7,174.0,166,27,92.5,386,385,62.1,724,4.2,61,130.0,153,
1800-12-22 19:38:41,2901.0,6,1,452.0,967.8,178.0,172,27,92.4,385,385,61.1,723,4.1,61,130.2,153,25.61
1800-12-22 19:38:43,2903.0,6,1,450.0,968.0,181.0,174,27,92.3,385,385,60.5,724,4.1,61,129.8,152,
1800-12-22 19:38:45,2905.0,6,1,450.0,967.8,183.0,174,27,92.4,385,385,60.7,725,4.2,61,129.4,152,
1800-12-22 19:38:47,2907.0,6,1,450.0,967.8,187.0,175,27,92.5,385,385,59.7,725,4.2,61,129.8,152,
1800-12-22 19:38:49,2909.0,6,1,451.0,967.6,187.0,174,27,92.5,385,385,60.6,728,4.2,61,129.5,152,
1800-12-22 19:38:51,2911.0,6,1,452.0,967.4,189.0,174,27,92.5,385,385,59.7,726,4.1,61,130.3,152,25.59
1800-12-22 19:38:53,2913.0,6,1,453.0,966.9,185.0,172,27,92.4,385,385,61.0,727,4.2,61,129.9,152,
1800-12-22 19:38:55,2915.0,6,1,453.0,966.5,183.0,170,27,92.3,386,385,61.1,724,4.2,61,129.9,152,
1800-12-22 19:38:57,2917.0,6,1,452.0,966.0,181.0,166,27,92.5,386,385,62.2,725,4.2,61,130.8,152,
1800-12-22 19:38:59,2919.0,6,1,451.0,965.6,180.0,166,27,92.5,386,385,62.3,725,4.2,61,130.8,152,
1800-12-22 19:39:01,2921.0,6,1,448.0,965.4,180.0,166,27,92.5,386,386,61.6,724,4.2,61,129.5,152,25.76
1800-12-22 19:39:03,2923.0,6,1,446.0,965.1,180.0,164,27,92.3,386,386,60.8,721,4.1,61,128.3,151,
1800-12-22 19:39:05,2925.0,6,1,444.0,965.2,181.0,164,27,92.3,385,385,60.2,721,4.1,61,128.4,151,
1800-12-22 19:39:07,2927.0,6,1,441.0,965.1,181.0,170,27,92.5,385,385,59.6,723,4.1,61,129.8,151,
1800-12-22 19:39:09,2929.0,6,1,438.0,965.1,183.0,170,27,92.6,385,385,60.1,727,4.2,61,129.2,151,
1800-12-22 19:39:11,2931.0,6,1,434.0,965.1,185.0,170,27,92.5,386,385,60.2,726,4.2,61,131.0,151,26.52
1800-12-22 19:39:13,2933.0,6,1,431.0,965.1,185.0,168,27,92.6,386,385,62.4,727,4.2,61,131.6,151,
1800-12-22 19:39:15,2935.0,6,1,430.0,965.0,187.0,168,27,92.6,386,386,62.4,726,4.2,61,131.9,151,
1800-12-22 19:39:17,2937.0,6,1,430.0,964.4,187.0,166,27,92.6,386,386,63.0,727,4.2,61,131.7,151,
1800-12-22 19:39:19,2939.0,6,1,430.0,963.8,185.0,164,27,92.7,386,386,63.1,727,4.2,61,131.6,151,
1800-12-22 19:39:21,2941.0,6,1,433.0,962.9,185.0,166,27,92.7,386,386,63.0,727,4.2,61,131.7,151,25.47
1800-12-22 19:39:23,2943.0,6,1,438.0,962.1,181.0,168,27,92.7,386,386,63.3,727,4.2,61,132.4,151,
1800-12-22 19:39:25,2945.0,6,1,444.0,961.4,178.0,164,27,92.8,386,385,63.8,730,4.2,61,132.9,150,
1800-12-22 19:39:27,2947.0,6,1,451.0,960.5,178.0,164,27,92.8,386,385,63.3,730,4.2,61,131.8,150,
1800-12-22 19:39:29,2949.0,6,1,456.0,959.6,174.0,159,27,92.8,386,386,63.5,729,4.2,61,132.3,150,
1800-12-22 19:39:31,2951.0,6,1,463.0,958.8,174.0,161,27,92.8,386,385,63.9,729,4.2,61,133.2,150,25.63
1800-12-22 19:39:33,2953.0,6,1,470.0,958.3,172.0,159,27,92.9,386,385,64.3,731,4.2,61,132.8,150,
1800-12-22 19:39:35,2955.0,6,1,475.0,957.6,172.0,157,27,92.9,386,386,64.0,731,4.2,61,132.2,150,
1800-12-22 19:39:37,2957.0,6,1,480.0,957.0,172.0,157,27,92.8,386,386,64.0,730,4.2,61,132.3,150,
1800-12-22 19:39:39,2959.0,6,1,485.0,956.5,170.0,157,27,92.9,386,386,63.9,729,4.2,61,131.6,150,
1800-12-22 19:39:41,2961.0,6,1,489.0,955.7,170.0,157,27,92.8,386,385,64.1,729,4.2,61,133.0,150,25.98
1800-12-22 19:39:43,2963.0,6,1,494.0,955.1,169.0,155,27,92.9,386,385,64.5,731,4.2,61,132.6,150,
1800-12-22 19:39:45,2965.0,6,1,500.0,954.3,169.0,153,27,92.9,386,385,64.2,731,4.2,61,132.4,150,
1800-12-22 19:39:47,2967.0,6,1,505.0,953.9,169.0,153,27,93.0,386,386,64.5,731,4.2,61,133.0,150,
1800-12-22 19:39:49,2969.0,6,1,510.0,953.4,169.0,155,27,93.0,386,386,64.4,731,4.2,61,132.5,150,
1800-12-22 19:39:51,2971.0,6,1,515.0,952.9,170.0,157,27,92.8,386,386,63.8,730,4.2,61,131.6,150,25.2
1800-12-22 19:39:53,2973.0,6,1,520.0,952.6,170.0,155,26,92.9,386,386,64.0,730,4.2,61,132.3,149,
1800-12-22 19:39:55,2975.0,6,1,523.0,952.2,172.0,161,26,92.9,386,386,64.2,730,4.2,61,131.8,149,
1800-12-22 19:39:57,2977.0,6,1,525.0,951.9,174.0,161,26,93.0,386,386,64.7,731,4.2,61,133.1,149,
1800-12-22 19:39:59,2979.0,6,1,528.0,951.6,176.0,161,26,92.9,386,386,64.4,732,4.2,61,132.2,149,
1800-12-22 19:40:01,2981.0,6,1,530.0,951.4,178.0,164,26,93.0,386,386,64.1,732,4.2,61,132.8,149,25.79
1800-12-22 19:40:03,2983.0,6,1,531.0,951.3,180.0,166,26,93.1,386,386,64.6,734,4.2,61,133.0,149,
1800-12-22 19:40:05,2985.0,6,1,532.0,951.1,181.0,168,26,92.9,386,386,63.9,733,4.2,61,131.1,149,
1800-12-22 19:40:07,2987.0,6,1,534.0,951.1,183.0,172,26,92.2,386,385,58.2,723,4.1,61,123.6,149,
1800-12-22 19:40:09,2989.0,6,1,534.0,951.1,185.0,168,26,91.5,386,385,54.9,715,4.0,61,118.9,149,
1800-12-22 19:40:11,2991.0,7,1,534.0,951.0,183.0,166,26,90.2,386,386,49.4,703,3.9,61,112.2,148,25.53
1800-12-22 19:40:13,2993.0,7,1,535.0,951.1,181.0,166,26,90.0,386,386,47.9,694,3.9,61,111.9,148,
1800-12-22 19:40:15,2995.0,7,1,535.0,951.0,180.0,162,26,90.1,386,385,49.3,694,3.9,61,116.1,148,
1800-12-22 19:40:17,2997.0,7,1,536.0,951.0,178.0,161,26,91.3,386,385,54.8,708,4.0,61,124.1,148,
1800-12-22 19:40:19,2999.0,7,1,537.0,950.5,176.0,157,26,92.0,386,385,57.3,717,4.1,61,126.6,148,
1800-12-22 19:40:21,3001.0,7,1,539.0,950.1,176.0,159,26,92.5,385,385,59.4,721,4.1,61,128.0,148,26.34
1800-12-22 19:40:23,3003.0,7,1,543.0,949.7,174.0,155,26,92.2,386,385,60.5,720,4.1,61,127.5,148,
1800-12-22 19:40:25,3005.0,7,1,547.0,949.0,170.0,153,25,92.2,386,386,60.7,719,4.1,61,128.7,148,
1800-12-22 19:40:27,3007.0,7,1,552.0,948.4,169.0,151,25,92.6,386,386,62.8,721,4.2,61,130.8,148,
1800-12-22 19:40:29,3009.0,7,1,559.0,947.5,165.0,151,25,92.7,386,385,62.7,724,4.2,61,129.7,148,
1800-12-22 19:40:31,3011.0,7,1,565.0,947.0,165.0,150,25,92.4,386,386,61.7,720,4.2,61,130.0,148,25.65
1800-12-22 19:40:33,3013.0,7,1,571.0,946.5,163.0,146,25,92.8,386,385,64.5,724,4.2,61,133.0,148,
1800-12-22 19:40:35,3015.0,7,1,576.0,945.5,161.0,150,25,92.8,386,386,63.8,726,4.2,61,131.9,148,
1800-12-22 19:40:37,3017.0,7,1,584.0,944.5,157.0,148,25,92.8,386,385,64.3,726,4.2,61,132.1,148,
1800-12-22 19:40:39,3019.0,7,1,593.0,943.4,156.0,144,26,92.7,386,386,63.4,726,4.2,61,129.9,148,
1800-12-22 19:40:41,3021.0,7,1,602.0,942.6,156.0,142,26,92.5,386,386,62.8,725,4.1,61,129.0,148,25.89
1800-12-22 19:40:43,3023.0,7,1,610.0,941.8,154.0,142,26,92.5,386,386,62.1,724,4.2,61,127.7,147,
1800-12-22 19:40:45,3025.0,7,1,618.0,941.2,152.0,144,25,92.4,386,386,61.5,723,4.1,61,127.7,147,
1800-12-22 19:40:47,3027.0,7,1,625.0,940.4,152.0,140,25,92.3,386,386,61.3,721,4.1,61,127.9,147,
1800-12-22 19:40:49,3029.0,7,1,632.0,939.6,152.0,140,25,92.3,386,386,61.5,721,4.1,61,127.1,147,
1800-12-22 19:40:51,3031.0,7,1,639.0,939.0,154.0,144,25,92.4,386,386,61.6,722,4.1,61,127.3,147,25.81
1800-12-22 19:40:53,3033.0,7,1,646.0,938.5,154.0,142,25,92.3,386,386,61.3,721,4.1,61,126.9,147,
1800-12-22 19:40:55,3035.0,7,1,653.0,937.9,156.0,137,25,92.4,386,386,62.0,722,4.1,62,128.7,147,
1800-12-22 19:40:57,3037.0,7,1,659.0,937.3,157.0,140,25,92.5,386,386,62.0,723,4.1,62,126.9,147,
1800-12-22 19:40:59,3039.0,7,1,665.0,936.6,157.0,142,25,92.2,386,386,60.6,720,4.1,62,126.1,147,
1800-12-22 19:41:01,3041.0,7,1,671.0,935.9,159.0,142,25,91.9,386,386,58.6,716,4.1,62,123.4,147,24.68
1800-12-22 19:41:03,3043.0,7,1,678.0,935.3,157.0,137,25,91.6,386,385,55.9,714,4.0,62,120.0,147,
1800-12-22 19:41:05,3045.0,7,1,686.0,934.5,157.0,137,25,91.5,385,385,54.2,711,4.0,62,119.2,147,
1800-12-22 19:41:07,3047.0,7,1,693.0,934.0,156.0,135,25,91.4,385,385,56.2,711,4.0,62,123.0,146,
1800-12-22 19:41:09,3049.0,7,1,700.0,933.2,156.0,138,25,92.0,385,385,56.8,716,4.1,62,122.5,146,
1800-12-22 19:41:11,3051.0,7,1,706.0,932.9,156.0,137,25,91.8,386,385,55.9,714,4.1,62,122.3,146,25.71
1800-12-22 19:41:13,3053.0,7,1,710.0,932.2,152.0,133,24,92.1,386,385,56.9,717,4.1,62,124.0,146,
1800-12-22 19:41:15,3055.0,7,1,715.0,931.5,148.0,133,24,92.4,386,385,57.6,719,4.1,62,124.1,146,
1800-12-22 19:41:17,3057.0,7,1,722.0,930.7,146.0,129,24,91.7,386,385,55.3,713,4.0,62,119.6,146,
1800-12-22 19:41:19,3059.0,7,1,729.0,929.8,143.0,127,24,91.8,386,385,55.0,713,4.0,62,121.1,146,
1800-12-22 19:41:21,3061.0,7,1,736.0,929.0,143.0,122,24,92.0,386,386,56.6,715,4.0,62,123.5,146,25.8
1800-12-22 19:41:23,3063.0,7,1,743.0,928.1,137.0,122,24,92.3,386,385,58.5,719,4.1,62,125.2,146,
1800-12-22 19:41:25,3065.0,7,1,751.0,927.6,137.0,120,24,91.9,387,386,58.4,715,4.0,62,122.2,146,
1800-12-22 19:41:27,3067.0,7,1,757.0,927.3,137.0,116,24,91.8,386,386,55.6,714,4.0,62,118.7,146,
1800-12-22 19:41:29,3069.0,7,1,762.0,927.2,137.0,118,24,89.4,387,386,44.0,690,3.8,62,102.1,145,
1800-12-22 19:41:31,3071.0,7,1,761.0,927.5,139.0,116,24,89.2,387,387,44.3,678,3.8,62,108.1,145,26.3
1800-12-22 19:41:33,3073.0,7,1,757.0,928.1,135.0,122,24,90.2,387,387,48.7,687,3.9,62,114.3,145,
1800-12-22 19:41:35,3075.0,7,1,751.0,928.6,135.0,129,24,90.8,387,387,51.5,698,3.9,63,117.5,145,
1800-12-22 19:41:37,3077.0,7,1,745.0,929.5,143.0,138,24,91.2,387,387,51.3,702,4.0,63,116.5,145,
1800-12-22 19:41:39,3079.0,7,1,737.0,930.5,144.0,146,24,91.3,387,387,52.7,703,4.0,63,119.0,145,
1800-12-22 19:41:41,3081.0,7,1,727.0,931.8,146.0,155,24,91.5,386,386,54.2,705,4.0,63,119.8,145,25.66
1800-12-22 19:41:43,3083.0,7,1,716.0,932.8,156.0,162,24,91.4,386,386,53.9,705,4.0,63,121.6,145,
1800-12-22 19:41:45,3085.0,7,1,702.0,934.1,163.0,172,24,92.0,386,386,55.5,712,4.0,63,121.9,145,
1800-12-22 19:41:47,3087.0,7,1,689.0,935.1,172.0,177,25,91.4,387,386,52.8,707,4.0,63,117.8,145,
1800-12-22 19:41:49,3089.0,7,1,676.0,936.3,180.0,183,25,91.1,387,386,51.9,704,4.0,63,118.7,144,
1800-12-22 19:41:51,3091.0,7,1,666.0,937.2,185.0,183,25,91.6,386,386,54.4,708,4.0,63,121.6,144,24.4
1800-12-22 19:41:53,3093.0,7,1,656.0,938.0,187.0,187,25,91.8,386,386,54.3,711,4.0,63,121.1,144,
1800-12-22 19:41:55,3095.0,7,1,648.0,938.5,191.0,187,25,91.8,386,386,54.5,712,4.0,63,121.1,144,
1800-12-22 19:41:57,3097.0,7,1,640.0,939.1,193.0,192,25,91.8,387,386,54.4,712,4.0,63,121.1,144,
1800-12-22 19:41:59,3099.0,7,1,632.0,939.8,194.0,190,25,91.8,387,386,54.5,712,4.0,63,121.7,144,
1800-12-22 19:42:01,3101.0,7,1,625.0,940.4,194.0,192,25,91.9,386,386,56.4,713,4.0,63,125.5,144,26.49
1800-12-22 19:42:03,3103.0,7,1,618.0,941.1,196.0,188,25,92.5,386,386,57.6,720,4.1,62,126.0,144,
1800-12-22 19:42:05,3105.0,7,1,611.0,941.7,196.0,190,25,92.5,386,386,57.8,722,4.1,62,126.4,144,
1800-12-22 19:42:07,3107.0,7,1,605.0,942.3,198.0,190,25,92.3,387,386,57.2,721,4.1,62,124.5,143,
1800-12-22 19:42:09,3109.0,7,1,600.0,942.5,198.0,190,25,92.2,386,386,57.9,719,4.1,62,125.9,143,
1800-12-22 19:42:11,3111.0,7,1,596.0,943.0,200.0,190,25,92.2,386,386,56.7,718,4.1,62,124.9,143,25.63
1800-12-22 19:42:13,3113.0,7,1,594.0,943.3,200.0,188,25,91.9,387,386,55.6,716,4.1,62,122.4,143,
1800-12-22 19:42:15,3115.0,7,1,592.0,943.3,200.0,188,25,92.0,387,386,56.7,716,4.1,62,125.2,143,
1800-12-22 19:42:17,3117.0,7,1,591.0,943.2,198.0,185,25,92.4,386,386,57.5,720,4.1,61,126.1,143,
1800-12-22 19:42:19,3119.0,7,1,591.0,943.0,194.0,179,25,92.5,386,386,58.5,722,4.1,61,127.6,143,
1800-12-22 19:42:21,3121.0,7,1,592.0,942.7,194.0,177,24,92.4,386,386,58.1,723,4.1,61,125.7,143,25.65
1800-12-22 19:42:23,3123.0,7,1,594.0,942.6,191.0,175,25,91.9,387,386,56.4,717,4.1,61,122.4,143,
1800-12-22 19:42:25,3125.0,7,1,596.0,942.4,189.0,172,25,91.4,386,386,53.2,708,4.0,61,118.7,143,
1800-12-22 19:42:27,3127.0,7,1,598.0,942.1,187.0,174,25,91.3,386,386,54.0,708,4.0,61,120.1,143,
1800-12-22 19:42:29,3129.0,7,1,600.0,942.1,187.0,172,25,91.0,386,386,52.5,706,4.0,61,117.4,143,
1800-12-22 19:42:31,3131.0,7,1,603.0,942.1,187.0,170,25,90.9,386,386,51.1,703,4.0,61,116.6,143,26.09
1800-12-22 19:42:33,3133.0,7,1,603.0,942.1,185.0,168,25,91.0,386,386,51.4,702,4.0,61,117.6,143,
1800-12-22 19:42:35,3135.0,7,1,603.0,942.2,185.0,166,25,90.8,386,386,50.9,700,4.0,61,116.1,143,
1800-12-22 19:42:37,3137.0,7,1,603.0,942.2,185.0,168,25,91.1,386,386,53.6,701,4.0,61,122.1,143,
1800-12-22 19:42:39,3139.0,7,1,602.0,941.9,185.0,166,25,91.8,386,386,55.8,710,4.1,61,123.2,142,
1800-12-22 19:42:41,3141.0,7,1,602.0,941.7,185.0,166,25,91.9,386,386,55.8,712,4.1,61,122.8,142,26.18
1800-12-22 19:42:43,3143.0,7,1,602.0,941.4,183.0,164,24,92.0,386,386,56.6,713,4.1,61,124.8,142,
1800-12-22 19:42:45,3145.0,7,1,603.0,941.3,181.0,161,24,92.1,386,386,56.5,715,4.1,61,123.4,142,
1800-12-22 19:42:47,3147.0,7,1,607.0,940.8,178.0,157,24,91.8,386,386,55.9,713,4.1,61,122.9,142,
1800-12-22 19:42:49,3149.0,7,1,611.0,940.4,176.0,157,24,91.8,386,385,56.9,713,4.1,61,125.5,142,
1800-12-22 19:42:51,3151.0,7,1,615.0,940.0,174.0,153,24,92.0,387,386,59.0,713,4.1,61,124.8,142,24.43
1800-12-22 19:42:53,3153.0,7,1,622.0,939.1,170.0,151,24,92.0,386,386,60.4,714,4.2,61,128.0,142,
1800-12-22 19:42:55,3155.0,7,1,631.0,938.1,167.0,148,24,92.5,386,386,62.7,719,4.2,61,130.7,142,
1800-12-22 19:42:57,3157.0,7,1,641.0,937.1,161.0,142,24,92.8,386,386,63.7,721,4.2,61,131.7,142,
1800-12-22 19:42:59,3159.0,7,1,652.0,935.8,157.0,135,24,92.9,386,386,64.9,725,4.2,61,133.4,142,
1800-12-22 19:43:01,3161.0,7,1,665.0,934.4,154.0,131,24,93.4,386,386,68.7,731,4.3,61,138.5,142,26.15
1800-12-22 19:43:03,3163.0,7,1,678.0,933.0,150.0,129,24,93.7,386,386,69.1,736,4.3,61,138.1,142,
1800-12-22 19:43:05,3165.0,7,1,692.0,931.4,144.0,127,24,93.7,386,386,69.4,737,4.3,61,138.1,142,
1800-12-22 19:43:07,3167.0,7,1,706.0,929.9,141.0,125,24,93.7,386,386,69.6,738,4.3,61,138.1,142,
1800-12-22 19:43:09,3169.0,7,1,720.0,928.5,141.0,122,24,93.7,386,386,69.7,739,4.3,61,138.4,142,
1800-12-22 19:43:11,3171.0,7,1,735.0,927.2,139.0,122,24,93.7,386,386,69.6,739,4.2,61,137.5,142,25.8
1800-12-22 19:43:13,3173.0,7,1,748.0,926.0,139.0,120,24,93.7,386,386,69.4,739,4.2,61,137.4,142,
1800-12-22 19:43:15,3175.0,7,1,760.0,924.7,141.0,124,24,93.6,386,386,69.3,740,4.2,61,137.1,142,
1800-12-22 19:43:17,3177.0,7,1,771.0,923.9,141.0,127,24,93.6,387,386,68.9,739,4.2,61,136.1,142,
1800-12-22 19:43:19,3179.0,7,1,778.0,923.5,144.0,133,24,93.7,387,386,68.6,740,4.2,61,136.2,141,
1800-12-22 19:43:21,3181.0,7,1,785.0,923.2,150.0,142,24,93.6,387,386,68.0,739,4.2,61,135.3,141,24.82
1800-12-22 19:43:23,3183.0,7,1,788.0,922.7,156.0,146,24,93.4,387,386,67.2,739,4.2,61,133.8,141,
1800-12-22 19:43:25,3185.0,7,1,790.0,922.3,161.0,148,24,93.3,387,387,67.0,737,4.2,61,134.2,141,
1800-12-22 19:43:27,3187.0,7,1,793.0,921.5,165.0,150,24,93.3,387,387,66.2,737,4.2,62,133.1,141,
1800-12-22 19:43:29,3189.0,7,1,798.0,921.1,167.0,151,24,93.2,387,387,66.1,736,4.2,62,131.9,141,
1800-12-22 19:43:31,3191.0,7,1,802.0,920.9,169.0,153,24,93.1,387,387,64.7,734,4.2,62,130.7,141,26.78
1800-12-22 19:43:33,3193.0,7,1,805.0,920.7,170.0,155,24,93.0,387,387,63.7,733,4.2,62,129.3,141,
1800-12-22 19:43:35,3195.0,7,1,807.0,920.3,174.0,157,24,92.8,387,387,63.2,732,4.2,62,128.6,140,
1800-12-22 19:43:37,3197.0,7,1,809.0,920.1,176.0,159,24,92.5,387,387,62.2,729,4.1,62,126.8,140,
1800-12-22 19:43:39,3199.0,7,1,810.0,920.0,178.0,161,24,92.4,387,387,60.5,727,4.1,62,125.5,140,
1800-12-22 19:43:41,3201.0,7,1,813.0,919.8,180.0,159,24,92.2,387,387,59.8,725,4.1,62,123.8,140,25.19
1800-12-22 19:43:43,3203.0,7,1,816.0,919.6,178.0,162,24,92.1,387,387,59.1,723,4.1,62,123.6,140,
1800-12-22 19:43:45,3205.0,7,1,818.0,919.6,180.0,162,24,92.2,387,387,59.2,723,4.1,62,123.5,140,
1800-12-22 19:43:47,3207.0,7,1,819.0,919.6,181.0,166,24,92.2,387,387,59.8,724,4.1,62,125.5,140,
1800-12-22 19:43:49,3209.0,7,1,816.0,919.7,185.0,168,24,92.5,387,387,60.1,727,4.1,62,125.5,140,
1800-12-22 19:43:51,3211.0,7,1,812.0,920.1,189.0,174,24,92.4,387,387,59.7,727,4.1,62,124.8,140,26.63
1800-12-22 19:43:53,3213.0,7,1,806.0,920.7,191.0,179,24,92.4,387,387,59.8,727,4.1,61,125.5,139,
1800-12-22 19:43:55,3215.0,7,1,801.0,921.1,194.0,181,24,92.3,387,387,58.9,727,4.1,61,123.0,139,
1800-12-22 19:43:57,3217.0,7,1,794.0,921.8,198.0,185,25,92.2,387,386,56.1,723,4.1,61,121.4,139,
1800-12-22 19:43:59,3219.0,7,1,787.0,922.6,202.0,194,25,91.6,387,386,53.9,717,4.1,61,117.8,139,
1800-12-22 19:44:01,3221.0,7,1,780.0,923.1,206.0,192,25,91.4,386,386,53.3,715,4.0,61,118.4,139,26.21
1800-12-22 19:44:03,3223.0,7,1,773.0,924.1,206.0,196,25,91.0,387,386,50.2,707,4.0,61,113.3,139,
1800-12-22 19:44:05,3225.0,7,1,766.0,924.8,207.0,196,25,90.9,387,387,50.7,706,4.0,61,116.3,138,
1800-12-22 19:44:07,3227.0,7,1,758.0,925.6,207.0,194,25,91.3,387,386,52.2,710,4.0,61,117.5,138,
1800-12-22 19:44:09,3229.0,7,1,751.0,926.4,207.0,200,25,91.1,387,387,50.7,707,4.0,61,115.2,138,
1800-12-22 19:44:11,3231.0,7,1,743.0,927.1,207.0,200,25,90.9,387,387,49.9,704,4.0,61,114.2,138,25.57
1800-12-22 19:44:13,3233.0,7,1,735.0,928.1,207.0,200,25,90.7,387,386,49.2,702,4.0,61,113.1,138,
1800-12-22 19:44:15,3235.0,7,1,726.0,929.2,207.0,198,25,90.3,387,387,47.4,696,4.0,60,110.9,138,
1800-12-22 19:44:17,3237.0,7,1,716.0,930.2,207.0,200,25,90.2,387,387,47.2,695,4.0,60,110.7,138,
1800-12-22 19:44:19,3239.0,7,1,706.0,931.4,207.0,198,25,89.9,388,387,46.0,690,3.9,60,109.7,138,
1800-12-22 19:44:21,3241.0,7,1,698.0,932.1,206.0,196,25,90.2,387,387,48.0,692,4.0,60,113.9,138,25.86
1800-12-22 19:44:23,3243.0,7,1,690.0,933.0,206.0,192,25,90.5,387,386,48.4,696,4.0,60,113.7,138,
1800-12-22 19:44:25,3245.0,7,1,683.0,933.8,204.0,198,25,91.0,387,387,51.5,700,4.0,60,118.9,138,
1800-12-22 19:44:27,3247.0,7,1,678.0,934.3,204.0,192,25,91.6,387,386,54.2,708,4.1,60,122.7,138,
1800-12-22 19:44:29,3249.0,7,1,673.0,934.7,202.0,192,26,92.2,386,386,56.7,715,4.1,60,125.5,137,
1800-12-22 19:44:31,3251.0,7,1,670.0,935.1,200.0,192,26,92.5,387,386,57.4,721,4.2,60,125.8,137,24.98
1800-12-22 19:44:33,3253.0,7,1,667.0,935.3,198.0,192,26,92.6,386,386,57.8,723,4.2,60,126.1,137,
1800-12-22 19:44:35,3255.0,7,1,666.0,935.4,196.0,187,26,92.6,386,386,58.9,723,4.2,60,127.5,137,
1800-12-22 19:44:37,3257.0,7,1,666.0,935.4,196.0,190,25,92.4,387,386,60.3,723,4.2,60,127.7,137,
1800-12-22 19:44:39,3259.0,7,1,664.0,935.6,196.0,194,25,92.5,387,387,60.1,725,4.2,60,127.3,137,
1800-12-22 19:44:41,3261.0,7,1,663.0,935.7,198.0,192,26,92.5,387,387,60.6,726,4.2,59,128.2,137,26.15
1800-12-22 19:44:43,3263.0,7,1,661.0,935.9,198.0,192,26,92.6,387,387,60.7,726,4.2,59,127.8,137,
1800-12-22 19:44:45,3265.0,7,1,658.0,936.4,198.0,192,26,92.4,387,386,60.0,724,4.2,59,126.3,137,
1800-12-22 19:44:47,3267.0,7,1,656.0,936.2,200.0,194,26,92.4,386,386,60.2,724,4.2,59,128.5,137,
1800-12-22 19:44:49,3269.0,7,1,654.0,936.6,202.0,196,26,92.5,387,386,60.5,726,4.2,59,126.2,137,
1800-12-22 19:44:51,3271.0,7,1,650.0,937.2,204.0,196,26,92.3,386,386,57.9,723,4.2,59,125.2,137,26.14
1800-12-22 19:44:53,3273.0,7,1,643.0,937.8,206.0,201,26,92.5,386,386,57.8,725,4.1,59,126.2,137,
1800-12-22 19:44:55,3275.0,7,1,637.0,938.6,207.0,201,26,92.6,386,386,57.9,727,4.2,59,125.5,136,
1800-12-22 19:44:57,3277.0,7,1,633.0,938.9,207.0,201,26,92.5,386,386,58.4,727,4.2,59,127.1,136,
1800-12-22 19:44:59,3279.0,7,1,628.0,939.2,207.0,201,26,92.6,386,386,59.0,728,4.2,59,127.8,136,
1800-12-22 19:45:01,3281.0,7,1,624.0,939.8,207.0,200,26,92.4,387,386,59.8,727,4.2,59,126.6,136,25.92
1800-12-22 19:45:03,3283.0,7,1,619.0,940.5,207.0,198,26,92.4,387,386,59.7,727,4.2,59,127.5,136,
1800-12-22 19:45:05,3285.0,7,1,614.0,940.9,206.0,200,26,92.5,387,386,60.2,728,4.2,59,127.8,136,
1800-12-22 19:45:07,3287.0,7,1,610.0,941.6,207.0,200,26,92.3,387,386,58.9,725,4.2,59,126.4,136,
1800-12-22 19:45:09,3289.0,7,1,605.0,942.2,207.0,196,26,92.5,386,386,59.8,726,4.2,59,127.9,136,
1800-12-22 19:45:11,3291.0,7,1,601.0,942.5,207.0,194,26,92.4,386,386,61.1,728,4.2,59,130.2,136,25.73
1800-12-22 19:45:13,3293.0,7,1,596.0,943.1,207.0,198,26,92.6,387,386,60.9,730,4.2,59,127.9,136,
1800-12-22 19:45:15,3295.0,7,1,592.0,943.5,209.0,200,26,92.7,387,386,61.7,730,4.2,59,130.8,136,
1800-12-22 19:45:17,3297.0,7,1,586.0,943.9,209.0,201,26,92.9,387,386,63.1,732,4.2,59,132.3,136,
1800-12-22 19:45:19,3299.0,7,1,581.0,944.5,211.0,200,26,93.0,387,386,63.1,736,4.2,59,132.4,136,
1800-12-22 19:45:21,3301.0,7,1,575.0,945.1,211.0,200,26,92.9,387,386,62.9,735,4.3,59,131.8,135,25.64
1800-12-22 19:45:23,3303.0,7,1,569.0,945.6,213.0,200,26,93.1,387,386,64.2,735,4.3,59,134.2,135,
1800-12-22 19:45:25,3305.0,7,1,563.0,946.3,213.0,203,26,93.3,387,386,64.7,740,4.3,59,134.8,135,
1800-12-22 19:45:27,3307.0,7,1,559.0,946.5,215.0,209,26,93.5,387,386,67.0,742,4.3,59,138.9,135,
1800-12-22 19:45:29,3309.0,7,1,553.0,946.8,217.0,209,26,94.0,387,387,68.3,747,4.3,59,139.6,135,
1800-12-22 19:45:31,3311.0,7,1,549.0,947.1,217.0,212,27,93.8,387,387,66.9,749,4.3,59,137.3,135,25.64
1800-12-22 19:45:33,3313.0,7,1,544.0,947.7,217.0,207,27,93.8,387,387,67.7,749,4.3,58,139.1,135,
1800-12-22 19:45:35,3315.0,7,1,540.0,948.0,217.0,209,27,93.8,387,387,67.8,750,4.3,58,139.1,135,
1800-12-22 19:45:37,3317.0,7,1,537.0,948.2,215.0,209,27,93.8,387,387,67.7,750,4.3,58,139.5,135,
1800-12-22 19:45:39,3319.0,7,1,534.0,948.6,213.0,209,27,93.9,387,387,68.2,751,4.4,58,139.5,135,
1800-12-22 19:45:41,3321.0,7,1,531.0,949.0,213.0,207,27,93.8,387,387,68.3,753,4.3,58,139.3,134,26.78
1800-12-22 19:45:43,3323.0,7,1,529.0,949.1,211.0,209,27,93.9,387,387,68.3,753,4.3,58,139.0,134,
1800-12-22 19:45:45,3325.0,7,1,527.0,949.2,211.0,207,27,93.9,387,387,68.0,751,4.3,58,138.6,134,
1800-12-22 19:45:47,3327.0,7,1,524.0,949.6,211.0,205,27,93.9,387,386,68.6,752,4.3,58,139.8,134,
1800-12-22 19:45:49,3329.0,7,1,521.0,950.0,211.0,205,27,93.9,387,387,67.9,753,4.3,58,138.8,134,
1800-12-22 19:45:51,3331.0,7,1,516.0,950.5,213.0,207,27,93.9,387,387,68.1,753,4.3,58,139.7,134,24.52
1800-12-22 19:45:53,3333.0,7,1,513.0,951.0,215.0,211,27,93.9,387,387,67.6,753,4.3,58,138.7,134,
1800-12-22 19:45:55,3335.0,7,1,510.0,951.1,217.0,209,27,93.8,387,387,67.5,753,4.3,58,138.8,134,
1800-12-22 19:45:57,3337.0,7,1,506.0,951.5,217.0,203,27,93.5,387,387,66.4,750,4.3,58,134.6,134,
1800-12-22 19:45:59,3339.0,7,1,505.0,951.4,217.0,207,27,93.2,386,386,64.8,744,4.3,58,135.2,134,
1800-12-22 19:46:01,3341.0,7,1,503.0,951.6,219.0,211,27,93.1,387,386,64.5,744,4.2,58,133.2,134,25.66
1800-12-22 19:46:03,3343.0,7,1,500.0,951.8,219.0,211,27,93.2,386,386,64.7,744,4.3,58,135.7,133,
1800-12-22 19:46:05,3345.0,7,1,495.0,952.7,219.0,212,27,93.2,387,386,64.4,745,4.3,58,132.2,133,
1800-12-22 19:46:07,3347.0,7,1,491.0,953.0,219.0,211,27,92.6,387,386,61.3,736,4.2,58,128.4,133,
1800-12-22 19:46:09,3349.0,7,1,485.0,953.6,219.0,212,27,92.5,386,386,59.4,732,4.2,58,129.2,133,
1800-12-22 19:46:11,3351.0,7,1,481.0,953.8,219.0,214,27,92.7,386,386,60.7,734,4.2,58,129.5,133,25.82
1800-12-22 19:46:13,3353.0,7,1,476.0,954.4,220.0,216,27,92.8,387,386,62.1,735,4.2,58,131.3,133,
1800-12-22 19:46:15,3355.0,7,1,471.0,955.0,220.0,214,27,92.9,387,386,62.0,736,4.2,58,130.4,133,
1800-12-22 19:46:17,3357.0,7,1,466.0,955.7,220.0,212,27,92.8,387,386,62.2,736,4.3,58,131.5,133,
1800-12-22 19:46:19,3359.0,7,1,460.0,956.5,220.0,209,27,92.4,386,386,60.0,731,4.2,58,127.1,133,
1800-12-22 19:46:21,3361.0,7,1,454.0,957.4,220.0,211,27,92.5,386,386,57.6,729,4.2,58,126.5,133,25.86
1800-12-22 19:46:23,3363.0,7,1,446.0,958.3,220.0,218,27,92.5,386,386,58.6,729,4.2,58,128.8,133,
1800-12-22 19:46:25,3365.0,7,1,438.0,959.1,222.0,220,27,92.5,386,386,57.7,730,4.2,58,126.5,132,
1800-12-22 19:46:27,3367.0,7,1,430.0,959.9,222.0,218,28,92.4,386,386,57.0,726,4.2,58,125.3,132,
1800-12-22 19:46:29,3369.0,7,1,421.0,961.1,222.0,214,28,92.3,386,386,57.3,725,4.2,58,127.8,132,
1800-12-22 19:46:31,3371.0,7,1,413.0,962.1,224.0,212,28,92.6,386,386,58.4,729,4.2,58,128.4,132,25.58
1800-12-22 19:46:33,3373.0,7,1,403.0,963.1,224.0,214,28,92.4,386,386,57.9,728,4.2,58,128.5,132,
1800-12-22 19:46:35,3375.0,7,1,395.0,964.0,224.0,218,28,92.8,386,386,59.4,732,4.2,58,131.0,132,
1800-12-22 19:46:37,3377.0,7,1,387.0,964.6,226.0,214,28,92.9,386,386,61.6,734,4.3,58,132.5,132,
1800-12-22 19:46:39,3379.0,7,1,381.0,965.2,226.0,218,28,92.9,386,386,62.6,735,4.3,58,133.3,132,
1800-12-22 19:46:41,3381.0,7,1,375.0,966.0,226.0,216,28,93.0,387,386,63.1,737,4.3,58,133.0,132,25.58
1800-12-22 19:46:43,3383.0,7,1,368.0,966.9,226.0,214,28,92.8,387,386,62.2,734,4.3,58,131.6,132,
1800-12-22 19:46:45,3385.0,7,1,361.0,967.7,224.0,214,28,92.9,387,386,62.7,735,4.3,58,132.7,131,
1800-12-22 19:46:47,3387.0,7,1,355.0,968.3,224.0,218,29,93.0,386,386,63.4,736,4.3,58,133.8,131,
1800-12-22 19:46:49,3389.0,7,1,348.0,969.4,226.0,214,29,93.0,387,386,62.6,736,4.3,58,132.2,131,
1800-12-22 19:46:51,3391.0,7,1,340.0,970.4,224.0,212,29,92.5,386,386,59.3,729,4.2,58,127.7,131,25.63
1800-12-22 19:46:53,3393.0,7,1,331.0,971.5,224.0,212,29,92.2,386,385,57.2,726,4.2,58,126.0,131,
1800-12-22 19:46:55,3395.0,7,1,322.0,972.6,222.0,211,29,92.2,386,386,56.4,724,4.2,58,125.6,131,
1800-12-22 19:46:57,3397.0,7,1,311.0,973.7,222.0,216,29,92.1,386,385,55.6,724,4.2,58,123.7,131,
1800-12-22 19:46:59,3399.0,7,1,301.0,974.7,220.0,216,29,91.4,386,386,52.8,717,4.1,58,121.3,131,
1800-12-22 19:47:01,3401.0,7,1,291.0,975.6,220.0,214,29,91.3,386,385,52.5,713,4.1,58,121.1,131,25.61
1800-12-22 19:47:03,3403.0,7,1,283.0,976.7,219.0,211,29,91.4,386,385,53.7,714,4.1,58,123.3,131,
1800-12-22 19:47:05,3405.0,7,1,274.0,977.5,217.0,209,29,92.0,386,386,56.3,719,4.2,58,128.0,131,
1800-12-22 19:47:07,3407.0,7,1,266.0,978.3,215.0,207,30,92.6,386,385,59.5,726,4.2,58,131.9,131,
1800-12-22 19:47:09,3409.0,7,1,261.0,978.5,215.0,209,30,92.9,385,385,61.3,731,4.3,58,133.8,130,
1800-12-22 19:47:11,3411.0,7,1,254.0,979.7,215.0,207,30,92.7,386,386,61.7,731,4.2,58,131.9,130,25.4
1800-12-22 19:47:13,3413.0,7,1,246.0,980.4,213.0,205,30,92.7,386,386,61.7,733,4.2,58,132.3,130,
1800-12-22 19:47:15,3415.0,7,1,239.0,981.2,213.0,207,30,92.7,386,385,61.6,731,4.2,58,133.1,130,
1800-12-22 19:47:17,3417.0,7,1,232.0,982.1,213.0,205,30,92.1,386,385,57.1,724,4.2,58,125.4,130,
1800-12-22 19:47:19,3419.0,7,1,225.0,982.8,211.0,207,30,91.8,386,385,55.3,720,4.2,58,124.6,130,
1800-12-22 19:47:21,3421.0,7,1,217.0,983.9,209.0,205,30,91.8,386,385,54.5,719,4.2,58,123.9,130,26.2
1800-12-22 19:47:23,3423.0,7,1,210.0,984.6,207.0,203,30,91.2,386,385,52.8,713,4.1,58,119.0,130,
1800-12-22 19:47:25,3425.0,7,1,203.0,985.7,206.0,203,30,90.0,386,386,47.6,699,4.0,59,111.7,130,
1800-12-22 19:47:27,3427.0,7,1,195.0,986.8,204.0,194,30,88.8,386,386,42.5,683,3.9,59,108.1,130,
1800-12-22 19:47:29,3429.0,7,1,187.0,987.8,202.0,194,30,87.6,386,386,36.9,671,3.7,59,94.6,130,
1800-12-22 19:47:31,3431.0,7,1,179.0,988.7,198.0,190,30,84.3,387,386,26.5,633,3.5,59,82.3,130,25.09
1800-12-22 19:47:33,3433.0,7,1,171.0,990.3,194.0,183,30,82.3,387,387,21.5,614,3.4,59,78.5,130,
1800-12-22 19:47:35,3435.0,7,1,161.0,991.3,191.0,177,30,81.5,388,389,18.5,609,3.3,59,77.3,129,
1800-12-22 19:47:37,3437.0,7,1,152.0,992.6,185.0,174,31,81.9,387,387,21.4,610,3.3,59,83.1,129,
1800-12-22 19:47:39,3439.0,7,1,143.0,993.6,180.0,168,31,82.7,388,388,22.8,614,3.4,59,85.5,129,
1800-12-22 19:47:41,3441.0,7,1,133.0,994.6,174.0,162,31,83.8,388,387,25.7,620,3.5,59,87.0,129,26.27
1800-12-22 19:47:43,3443.0,7,1,125.0,995.5,169.0,162,31,83.9,387,387,26.0,620,3.5,59,88.2,129,
1800-12-22 19:47:45,3445.0,7,1,118.0,996.4,163.0,153,31,84.2,387,386,27.2,621,3.6,59,89.8,129,
1800-12-22 19:47:47,3447.0,7,1,111.0,997.0,161.0,153,31,84.7,386,386,28.0,621,3.6,59,89.7,129,
1800-12-22 19:47:49,3449.0,7,1,104.0,997.9,157.0,150,31,83.7,387,386,24.2,612,3.5,59,83.3,129,
1800-12-22 19:47:51,3451.0,7,1,98.0,998.5,154.0,144,31,83.1,387,387,23.5,605,3.5,59,82.9,129,25.53
1800-12-22 19:47:53,3453.0,7,1,93.0,999.3,146.0,135,31,81.6,387,386,19.6,595,3.3,59,79.8,129,
1800-12-22 19:47:55,3455.0,7,1,87.0,999.8,141.0,133,31,81.7,386,386,19.9,597,3.3,59,78.0,130,
1800-12-22 19:47:57,3457.0,7,1,83.0,1000.7,135.0,127,31,81.7,386,386,20.8,597,3.4,60,82.3,130,
1800-12-22 19:47:59,3459.0,7,1,79.0,1001.5,130.0,120,31,80.2,386,386,16.4,586,3.2,60,74.1,130,
1800-12-22 19:48:01,3461.0,7,1,74.0,1002.0,126.0,109,31,82.0,386,386,22.1,601,3.2,60,83.5,130,26.66
1800-12-22 19:48:03,3463.0,7,1,69.0,1002.7,119.0,105,31,81.8,386,386,20.5,597,3.4,60,79.9,130,
1800-12-22 19:48:05,3465.0,7,1,64.0,1003.3,111.0,96,31,81.3,386,386,18.8,593,3.3,60,78.0,130,
1800-12-22 19:48:07,3467.0,7,1,60.0,1003.9,106.0,88,31,79.7,386,385,15.4,582,3.2,60,72.4,130,
1800-12-22 19:48:09,3469.0,7,1,56.0,1004.5,98.0,85,31,81.1,386,386,19.7,594,3.2,60,81.8,130,
1800-12-22 19:48:11,3471.0,7,1,53.0,1004.8,93.0,77,31,81.3,385,384,18.9,593,3.3,61,77.9,130,24.72
1800-12-22 19:48:13,3473.0,7,1,50.0,1005.3,83.0,61,31,81.1,385,385,19.3,587,3.3,61,80.9,130,
1800-12-22 19:48:15,3475.0,7,1,46.0,1005.8,74.0,42,31,83.4,385,385,24.8,603,3.4,61,89.3,130,
1800-12-22 19:48:17,3477.0,7,1,43.0,1006.3,63.0,27,31,84.5,385,384,29.0,613,3.5,61,93.7,130,
1800-12-22 19:48:19,3479.0,7,1,40.0,1006.7,56.0,18,31,86.0,383,384,34.2,621,3.6,62,103.5,130,
1800-12-22 19:48:21,3481.0,7,1,38.0,1007.1,48.0,3,31,88.9,383,383,46.0,650,3.8,62,118.7,130,26.19
1800-12-22 19:48:23,3483.0,7,1,37.0,1007.2,35.0,0,31,90.9,383,382,54.2,677,4.0,62,129.7,130,
1800-12-22 19:48:25,3485.0,7,1,36.0,1006.9,24.0,0,32,92.6,384,383,65.5,704,4.1,63,144.1,130,
1800-12-22 19:48:27,3487.0,7,1,36.0,1007.9,15.0,0,32,93.8,387,386,70.7,720,4.2,63,149.3,130,
1800-12-22 19:48:29,3489.0,7,1,37.0,1008.2,6.0,0,32,94.7,389,389,73.6,732,4.3,64,148.5,130,
1800-12-22 19:48:31,3491.0,7,1,37.0,1008.2,2.0,0,32,93.3,392,392,65.9,718,4.2,64,140.0,130,25.65
1800-12-22 19:48:33,3493.0,7,1,38.0,1008.3,2.0,0,32,92.8,394,394,64.2,714,4.1,65,137.6,129,
1800-12-22 19:48:35,3495.0,7,1,38.0,1008.2,4.0,0,32,93.4,393,393,66.5,719,4.1,66,140.3,129,
1800-12-22 19:48:37,3497.0,7,1,38.0,1008.2,9.0,0,32,93.1,393,393,64.7,719,4.1,66,138.8,129,
1800-12-22 19:48:39,3499.0,10,1,38.0,1008.3,13.0,0,32,93.5,393,393,67.2,720,4.1,67,142.6,129,
1800-12-22 19:48:41,3501.0,10,1,39.0,1008.0,15.0,0,32,93.4,394,393,66.9,729,4.1,67,142.0,129,25.75
1800-12-22 19:48:43,3503.0,10,1,39.0,1008.0,17.0,0,32,93.5,394,394,68.5,731,4.1,68,144.7,129,
1800-12-22 19:48:45,3505.0,10,1,38.0,1008.3,19.0,0,32,92.8,395,395,63.8,731,4.0,69,137.0,129,
1800-12-22 19:48:47,3507.0,10,1,37.0,1008.1,17.0,0,32,93.2,394,394,67.6,733,4.0,69,143.9,129,
1800-12-22 19:48:49,3509.0,10,1,37.0,1008.0,15.0,0,32,93.4,394,394,67.9,734,4.0,70,143.8,129,
1800-12-22 19:48:51,3511.0,10,1,37.0,1007.9,17.0,0,32,93.1,395,395,65.6,735,4.0,71,140.0,129,25.65
1800-12-22 19:48:53,3513.0,10,1,37.0,1008.1,15.0,0,32,93.2,395,395,67.1,735,4.0,71,144.9,129,
1800-12-22 19:48:55,3515.0,10,1,37.0,1007.8,13.0,0,33,93.7,395,395,70.6,746,4.0,72,149.3,128,
1800-12-22 19:48:57,3517.0,10,1,37.0,1008.0,11.0,0,33,93.9,396,396,69.2,749,4.0,72,143.9,128,
1800-12-22 19:48:59,3519.0,10,1,38.0,1008.5,7.0,0,33,93.5,396,396,66.1,740,3.9,73,141.9,128,
1800-12-22 19:49:01,3521.0,10,1,38.0,1008.4,4.0,0,33,92.7,395,396,61.8,733,3.9,73,135.8,128,25.61
1800-12-22 19:49:03,3523.0,10,1,38.0,1008.8,0.0,0,33,92.6,394,395,60.6,729,3.9,73,135.2,128,
1800-12-22 19:49:05,3525.0,10,1,38.0,1008.8,0.0,0,33,92.8,394,394,62.4,731,3.9,74,137.3,128,
1800-12-22 19:49:07,3527.0,10,0,38.0,1008.7,0.0,0,33,92.6,394,394,57.2,729,3.8,74,124.9,128,
1800-12-22 19:49:09,3529.0,3,0,37.0,1007.5,0.0,0,33,85.7,388,390,28.1,667,3.0,74,70.8,128,
1800-12-22 19:49:11,3531.0,3,0,37.0,1007.0,0.0,0,33,76.9,372,377,12.4,586,2.5,75,49.0,128,25.56
1800-12-22 19:49:13,3533.0,3,0,37.0,1007.1,0.0,0,34,66.9,342,349,4.5,524,2.0,75,51.2,128,
1800-12-22 19:49:15,3535.0,2,0,36.0,1007.1,0.0,0,34,67.8,322,327,6.8,564,2.1,76,50.0,128,
1800-12-22 19:49:17,3537.0,2,0,35.0,1007.1,0.0,0,34,67.8,304,308,7.8,561,2.1,76,51.7,128,
1800-12-22 19:49:19,3539.0,2,0,34.0,1007.1,0.0,0,34,67.9,291,293,8.8,563,2.1,76,52.2,128,
1800-12-22 19:49:21,3541.0,2,0,33.0,1007.1,0.0,0,34,67.9,283,285,9.5,560,2.1,77,52.2,128,25.98
1800-12-22 19:49:23,3543.0,2,0,33.0,1007.0,0.0,0,34,67.9,278,279,9.8,559,2.1,77,52.2,127,
1800-12-22 19:49:25,3545.0,2,0,33.0,1006.9,0.0,0,34,67.9,274,275,10.2,558,2.1,78,52.2,127,
1800-12-22 19:49:27,3547.0,2,1,33.0,1007.0,0.0,0,34,67.9,271,272,10.4,558,2.1,78,52.7,127,
1800-12-22 19:49:29,3549.0,2,1,33.0,1007.1,0.0,0,34,67.9,269,269,10.6,558,2.0,79,52.3,127,
1800-12-22 19:49:31,3551.0,2,1,33.0,1007.0,0.0,0,34,67.9,267,267,10.7,557,2.0,80,52.4,127,25.5
1800-12-22 19:49:33,3553.0,2,1,32.0,1007.1,0.0,0,34,67.9,266,266,10.9,555,2.0,80,52.5,127,
1800-12-22 19:49:35,3555.0,2,1,32.0,1007.1,0.0,0,34,67.9,265,265,10.9,555,2.0,81,53.2,127,
1800-12-22 19:49:37,3557.0,2,1,32.0,1007.1,0.0,0,34,67.9,265,265,11.1,558,2.0,81,53.2,127,
1800-12-22 19:49:39,3559.0,2,1,33.0,1007.2,0.0,0,35,67.9,264,264,11.0,559,2.0,81,53.2,127,
1800-12-22 19:49:41,3561.0,2,1,34.0,1007.1,0.0,0,35,67.9,264,264,11.1,558,2.0,82,53.1,127,25.77
1800-12-22 19:49:43,3563.0,2,1,34.0,1007.1,0.0,0,35,67.9,263,263,11.1,558,2.0,82,53.2,127,
1800-12-22 19:49:45,3565.0,2,1,33.0,1007.1,0.0,0,35,67.9,263,263,11.1,556,2.0,82,52.7,127,
1800-12-22 19:49:47,3567.0,2,1,33.0,1007.1,0.0,0,35,67.9,263,262,11.0,556,2.0,82,52.7,127,
1800-12-22 19:49:49,3569.0,2,1,32.0,1007.1,0.0,0,35,67.9,262,262,11.1,555,2.0,82,53.2,127,
1800-12-22 19:49:51,3571.0,2,1,32.0,1007.1,0.0,0,35,67.8,262,262,11.2,556,2.0,82,53.1,127,25.78
1800-12-22 19:49:53,3573.0,2,1,32.0,1007.1,0.0,0,35,67.8,262,262,11.4,553,2.0,82,53.7,127,
1800-12-22 19:49:55,3575.0,2,1,32.0,1007.1,0.0,0,35,67.9,262,262,11.4,553,2.0,81,53.2,127,
1800-12-22 19:49:57,3577.0,2,1,31.0,1007.1,0.0,0,35,67.9,262,262,11.4,552,2.1,81,53.2,127,
1800-12-22 19:49:59,3579.0,2,1,31.0,1007.1,0.0,0,35,67.9,262,262,11.3,551,2.1,80,53.1,127,
1800-12-22 19:50:01,3581.0,2,1,30.0,1007.1,0.0,0,35,67.8,262,262,11.3,551,2.1,80,53.2,127,26.63
1800-12-22 19:50:03,3583.0,2,1,30.0,1007.1,0.0,0,35,67.9,262,262,11.2,551,2.1,79,53.1,127,
1800-12-22 19:50:05,3585.0,2,1,31.0,1007.1,0.0,0,35,67.9,262,262,11.2,551,2.1,79,53.2,127,
1800-12-22 19:50:07,3587.0,2,1,31.0,1007.1,0.0,0,35,67.9,262,261,11.2,552,2.1,78,53.2,127,
1800-12-22 19:50:09,3589.0,2,1,31.0,1007.1,0.0,0,35,67.9,262,261,11.1,551,2.1,78,53.0,127,
1800-12-22 19:50:11,3591.0,2,1,32.0,1007.2,0.0,0,35,67.9,262,261,11.2,551,2.1,77,53.4,127,26.62
1800-12-22 19:50:13,3593.0,2,0,32.0,1007.1,0.0,0,34,67.9,262,261,11.2,553,2.1,77,53.3,127,
1800-12-22 19:50:15,3595.0,2,0,33.0,1007.0,0.0,0,34,67.9,262,262,11.2,553,2.1,77,53.7,127,
1800-12-22 19:50:17,3597.0,2,0,34.0,1007.2,0.0,0,34,67.9,263,262,11.2,553,2.1,76,53.5,127,
1800-12-22 19:50:19,3599.0,2,0,34.0,1007.1,0.0,0,34,67.9,263,263,11.0,552,2.2,76,53.2,127,
1800-12-22 19:50:21,3601.0,2,0,35.0,1007.1,0.0,0,34,68.0,263,263,11.0,552,2.2,76,53.3,127,25.82
1800-12-22 19:50:23,3603.0,2,0,34.0,1007.1,0.0,0,34,67.9,263,262,10.9,551,2.2,75,52.9,127,
1800-12-22 19:50:25,3605.0,2,0,35.0,1007.2,0.0,0,34,67.9,263,262,11.1,551,2.2,75,53.7,127,
1800-12-22 19:50:27,3607.0,2,0,35.0,1007.1,0.0,0,34,67.9,263,262,11.0,549,2.2,74,53.0,126,
1800-12-22 19:50:29,3609.0,2,0,36.0,1007.1,0.0,0,34,67.9,264,263,10.8,545,2.2,74,52.7,126,
1800-12-22 19:50:31,3611.0,2,0,36.0,1007.1,0.0,0,34,67.9,265,264,10.7,545,2.2,74,52.9,126,25.83
1800-12-22 19:50:33,3613.0,2,0,36.0,1007.0,0.0,0,34,67.9,266,265,10.5,547,2.2,74,52.7,126,
1800-12-22 19:50:35,3615.0,2,0,34.0,1007.0,0.0,0,34,67.8,266,266,10.4,546,2.2,73,53.1,126,
1800-12-22 19:50:37,3617.0,2,0,31.0,1007.1,0.0,0,34,67.9,267,266,10.5,547,2.2,73,53.0,126,
1800-12-22 19:50:39,3619.0,2,0,30.0,1007.1,0.0,0,34,67.9,267,267,10.3,546,2.2,73,52.7,126,
1800-12-22 19:50:41,3621.0,9,0,29.0,1007.0,0.0,0,34,54.2,232,259,3.3,458,1.4,73,39.0,126,24.56
1800-12-22 19:50:43,3623.0,9,0,28.0,1007.0,0.0,0,34,33.4,172,244,3.0,287,0.5,72,1.6,126,
1800-12-22 19:50:45,3625.0,9,0,27.0,1007.0,0.0,0,34,23.7,132,228,3.4,222,0.3,72,1.6,126,
1800-12-22 19:50:47,3627.0,9,0,25.0,1007.1,0.0,0,34,18.2,108,213,3.2,195,0.2,72,1.6,126,
1800-12-22 19:50:49,3629.0,9,0,25.0,1007.0,0.0,0,34,14.3,88,200,0.8,179,0.1,72,1.6,126,
1800-12-22 19:50:51,3631.0,9,0,24.0,1007.1,0.0,0,34,11.8,72,188,0.8,176,0.1,72,1.6,126,23.41
1800-12-22 19:50:53,3633.0,9,0,23.0,1007.1,0.0,0,34,9.8,61,177,0.8,174,0.1,72,1.6,126,
1800-12-22 19:50:55,3635.0,9,0,22.0,1007.1,0.0,0,34,8.0,54,167,0.8,174,0.0,72,1.6,126,
1800-12-22 19:50:57,3637.0,9,0,21.0,1007.0,0.0,0,34,6.5,48,159,0.8,175,0.0,72,1.6,126,
1800-12-22 19:50:59,3639.0,9,0,21.0,1007.1,0.0,0,34,5.3,43,151,0.8,177,0.0,72,1.6,126,
1800-12-22 19:51:01,3641.0,9,0,21.0,1007.2,0.0,0,34,4.4,39,144,0.8,180,0.0,71,1.6,126,23.26
1800-12-22 19:51:03,3643.0,9,0,21.0,1007.1,0.0,0,34,3.7,36,137,0.8,183,0.0,71,1.6,126,
1800-12-22 19:51:05,3645.0,9,0,21.0,1007.1,0.0,0,34,3.2,33,131,0.8,187,0.0,71,9.0,126,
1800-12-22 19:51:07,3647.0,9,0,22.0,1007.1,0.0,0,34,2.7,30,126,0.8,190,0.0,71,57.6,126,
1800-12-22 19:51:09,3649.0,9,0,22.0,1007.0,0.0,0,33,2.3,28,120,0.8,195,0.0,71,57.6,126,
1800-12-22 19:51:11,3651.0,9,0,23.0,1007.1,0.0,0,33,1.9,26,115,0.8,199,0.0,71,57.6,126,22.06
1800-12-22 19:51:13,3653.0,9,0,23.0,1007.1,0.0,0,33,1.6,24,111,0.8,203,0.0,71,57.6,126,
1800-12-22 19:51:15,3655.0,9,0,23.0,1007.1,0.0,0,33,1.3,23,106,0.8,208,0.0,71,57.6,126,
1800-12-22 19:51:17,3657.0,9,0,24.0,1007.1,0.0,0,33,1.0,21,102,0.8,213,0.0,71,57.6,126,
1800-12-22 19:51:19,3659.0,-1,0,24.0,1007.1,0.0,0,33,0.7,20,98,0.8,219,0.0,71,57.6,126,
1800-12-22 19:51:21,3661.0,-1,0,25.0,1007.1,0.0,0,33,0.0,19,95,0.8,226,0.0,71,57.6,126,23.01
1800-12-22 19:51:23,3663.0,-1,0,26.0,1007.0,0.0,0,33,0.0,17,91,0.8,232,0.0,71,57.6,126,
1800-12-22 19:51:25,3665.0,-1,0,27.0,1007.1,0.0,0,33,0.0,16,82,0.8,240,0.0,70,57.6,126,
1800-12-22 19:51:27,3667.0,-1,0,27.0,1007.1,0.0,0,33,0.0,16,75,0.8,248,0.0,70,57.6,126,
1800-12-22 19:51:29,3669.0,-1,0,28.0,1007.1,0.0,0,33,0.0,15,67,0.8,255,0.0,70,57.6,126,
1800-12-22 19:51:31,3671.0,-1,0,29.0,1007.0,0.0,0,33,0.0,14,61,0.8,260,0.0,70,57.6,126,23.79
1800-12-22 19:51:33,3673.0,-1,0,30.0,1007.1,0.0,0,33,0.0,13,55,0.8,265,0.0,70,57.6,126,
1800-12-22 19:51:35,3675.0,-1,0,31.0,1007.0,0.0,0,33,0.0,12,49,0.8,269,0.0,70,57.6,126,
