date time,flight time,phase_no,take off switch,altitude,static pressure,ground speed,ind. air speed,oat,n1 1,n2 1,nr,torque 1,tot 1,oil pressure 1,oil temp. 1,fuel flow,fuel vol.,power
1801-12-29 22:09:31,0.0,-1,0,51.0,1011.1,0.0,0,29,0.0,0,0,1.0,30,0.0,27,58.2,246,19.89
1801-12-29 22:09:33,2.0,-1,0,50.0,1011.1,0.0,0,29,0.0,0,0,1.0,30,0.0,27,58.2,246,
1801-12-29 22:09:35,4.0,1,1,50.0,1011.1,0.0,0,29,2.3,0,0,1.0,30,0.0,27,33.2,238,
1801-12-29 22:09:37,6.0,1,1,50.0,1011.1,0.0,0,29,7.4,0,0,1.0,36,0.0,27,31.6,227,
1801-12-29 22:09:39,8.0,1,1,49.0,1011.2,0.0,0,29,11.3,0,0,1.0,108,0.0,27,19.3,225,
1801-12-29 22:09:41,10.0,1,0,48.0,1011.2,0.0,0,29,15.5,0,0,1.0,401,0.0,27,19.6,225,13.59
1801-12-29 22:09:43,12.0,1,0,47.0,1011.1,0.0,0,29,18.5,0,0,1.0,592,0.4,27,16.4,228,
1801-12-29 22:09:45,14.0,1,0,47.0,1011.1,0.0,0,29,21.4,0,0,1.0,607,0.6,27,18.2,232,
1801-12-29 22:09:47,16.0,1,0,47.0,1011.1,0.0,0,30,24.3,3,0,1.0,622,0.8,27,20.8,237,
1801-12-29 22:09:49,18.0,1,0,47.0,1011.1,0.0,0,30,27.4,11,0,1.0,633,0.9,27,22.7,239,
1801-12-29 22:09:51,20.0,1,0,47.0,1011.1,0.0,0,30,30.3,17,0,1.0,628,1.1,27,24.5,241,15.79
1801-12-29 22:09:53,22.0,1,0,47.0,1011.1,0.0,0,30,33.1,23,17,1.0,619,1.3,27,27.0,243,
1801-12-29 22:09:55,24.0,1,0,47.0,1011.1,0.0,0,30,35.8,30,26,1.0,612,1.4,27,28.7,243,
1801-12-29 22:09:57,26.0,1,0,48.0,1011.1,0.0,0,30,38.4,38,33,1.0,605,1.6,27,31.1,244,
1801-12-29 22:09:59,28.0,1,0,49.0,1011.2,0.0,0,30,41.3,47,42,1.0,602,1.8,27,34.1,244,
1801-12-29 22:10:01,30.0,1,0,49.0,1011.1,0.0,0,30,44.8,59,54,1.0,598,2.0,27,36.8,245,16.91
1801-12-29 22:10:03,32.0,1,0,48.0,1011.1,0.0,0,30,48.2,72,67,1.0,598,2.3,27,40.6,245,
1801-12-29 22:10:05,34.0,1,0,48.0,1011.2,0.0,0,30,51.7,87,82,1.0,615,2.5,27,43.6,245,
1801-12-29 22:10:07,36.0,1,0,48.0,1011.2,0.0,0,30,55.3,104,98,9.3,618,2.8,27,46.6,245,
1801-12-29 22:10:09,38.0,1,0,49.0,1011.1,0.0,0,30,59.2,124,117,18.8,608,3.1,27,51.3,245,
1801-12-29 22:10:11,40.0,1,0,49.0,1011.1,0.0,0,29,63.8,144,138,22.4,603,3.5,27,57.6,245,24.62
1801-12-29 22:10:13,42.0,1,0,49.0,1011.1,0.0,0,29,67.5,171,163,23.6,579,4.0,27,56.6,245,
1801-12-29 22:10:15,44.0,2,0,51.0,1011.1,0.0,0,29,67.9,196,190,21.6,543,4.1,27,56.2,245,
1801-12-29 22:10:17,46.0,2,0,50.0,1011.2,0.0,0,29,67.9,211,207,19.7,536,4.0,27,56.2,245,
1801-12-29 22:10:19,48.0,2,0,50.0,1011.0,0.0,0,29,67.9,222,219,18.6,536,4.0,28,56.4,245,
1801-12-29 22:10:21,50.0,2,0,51.0,1011.1,0.0,0,29,67.9,232,229,17.8,538,4.0,28,56.2,245,24.73
1801-12-29 22:10:23,52.0,2,0,51.0,1011.1,0.0,0,29,67.9,240,238,16.6,538,3.9,28,56.1,245,
1801-12-29 22:10:25,54.0,2,0,52.0,1011.2,2.0,0,29,67.9,246,244,16.5,539,3.9,28,56.1,245,
1801-12-29 22:10:27,56.0,2,0,52.0,1011.2,2.0,0,29,67.9,250,249,16.0,539,3.8,29,55.7,245,
1801-12-29 22:10:29,58.0,2,0,52.0,1011.1,2.0,0,29,67.9,254,253,15.8,540,3.8,29,56.0,245,
1801-12-29 22:10:31,60.0,2,0,53.0,1011.1,2.0,0,29,67.9,256,256,15.4,541,3.8,29,55.4,245,23.88
1801-12-29 22:10:33,62.0,2,0,53.0,1011.2,2.0,0,29,67.9,258,257,15.2,540,3.7,30,55.4,245,
1801-12-29 22:10:35,64.0,2,0,55.0,1011.2,0.0,0,29,67.8,259,259,15.1,539,3.7,30,56.3,245,
1801-12-29 22:10:37,66.0,2,0,55.0,1011.2,0.0,0,30,67.9,261,260,15.2,541,3.7,30,56.0,245,
1801-12-29 22:10:39,68.0,2,0,55.0,1011.1,2.0,0,30,67.9,262,261,15.2,541,3.6,31,56.2,245,
1801-12-29 22:10:41,70.0,2,0,56.0,1011.2,4.0,0,30,67.9,262,262,15.0,543,3.6,31,56.2,245,24.86
1801-12-29 22:10:43,72.0,2,0,57.0,1011.1,2.0,0,30,67.9,263,263,15.0,542,3.6,31,56.1,245,
1801-12-29 22:10:45,74.0,2,0,57.0,1011.2,0.0,0,30,67.9,263,263,14.9,542,3.6,32,56.2,245,
1801-12-29 22:10:47,76.0,2,0,57.0,1011.3,2.0,0,30,67.9,263,263,14.8,543,3.5,32,56.2,245,
1801-12-29 22:10:49,78.0,2,0,57.0,1011.2,2.0,0,30,67.9,264,263,14.8,543,3.5,32,56.0,245,
1801-12-29 22:10:51,80.0,2,0,57.0,1011.2,2.0,0,30,67.9,264,263,14.8,542,3.5,33,56.0,245,25.74
1801-12-29 22:10:53,82.0,2,0,57.0,1011.2,2.0,0,30,67.9,264,264,14.8,544,3.5,33,56.0,245,
1801-12-29 22:10:55,84.0,2,0,57.0,1011.2,2.0,0,30,67.9,264,264,14.7,544,3.4,33,55.7,245,
1801-12-29 22:10:57,86.0,2,0,57.0,1011.2,0.0,0,30,67.9,264,264,14.7,544,3.4,34,56.0,244,
1801-12-29 22:10:59,88.0,2,0,55.0,1011.2,0.0,0,30,67.9,264,264,14.5,544,3.4,34,55.3,244,
1801-12-29 22:11:01,90.0,2,0,54.0,1011.2,2.0,0,30,67.9,264,264,14.6,544,3.4,34,56.0,244,24.76
1801-12-29 22:11:03,92.0,2,0,53.0,1011.2,0.0,0,30,67.9,264,264,14.8,545,3.4,35,55.9,244,
1801-12-29 22:11:05,94.0,2,0,53.0,1011.1,0.0,0,29,67.9,264,264,14.5,545,3.4,35,55.6,244,
1801-12-29 22:11:07,96.0,2,0,52.0,1011.1,2.0,0,29,68.0,265,264,14.6,542,3.3,36,54.7,244,
1801-12-29 22:11:09,98.0,2,0,51.0,1011.2,0.0,0,29,67.8,265,264,14.6,542,3.3,36,55.8,244,
1801-12-29 22:11:11,100.0,2,0,50.0,1011.2,0.0,0,29,67.9,265,265,14.6,543,3.3,36,55.0,244,24.44
1801-12-29 22:11:13,102.0,2,0,48.0,1011.2,0.0,0,29,67.9,265,265,14.5,543,3.3,36,55.7,244,
1801-12-29 22:11:15,104.0,2,0,46.0,1011.1,0.0,0,29,67.9,265,265,14.6,543,3.2,37,55.4,244,
1801-12-29 22:11:17,106.0,2,0,44.0,1011.2,0.0,0,29,67.9,265,264,14.6,543,3.2,37,55.9,244,
1801-12-29 22:11:19,108.0,2,0,43.0,1011.2,0.0,0,29,67.9,265,264,14.5,544,3.2,37,54.6,244,
1801-12-29 22:11:21,110.0,2,0,41.0,1011.2,0.0,0,29,67.9,264,264,14.4,542,3.2,38,53.2,244,25.07
1801-12-29 22:11:23,112.0,2,0,39.0,1011.2,0.0,0,29,67.9,264,264,14.3,542,3.2,38,55.1,244,
1801-12-29 22:11:25,114.0,2,0,38.0,1011.4,0.0,0,30,68.0,264,264,14.3,542,3.2,38,52.5,244,
1801-12-29 22:11:27,116.0,2,0,37.0,1011.2,0.0,0,30,67.7,264,264,14.2,538,3.1,39,54.6,244,
1801-12-29 22:11:29,118.0,2,0,36.0,1011.2,0.0,0,30,67.9,264,264,14.5,542,3.1,39,53.2,244,
1801-12-29 22:11:31,120.0,2,0,35.0,1011.3,0.0,0,30,67.9,264,264,14.1,537,3.1,39,52.2,244,25.2
1801-12-29 22:11:33,122.0,2,0,35.0,1011.2,2.0,0,30,67.9,264,264,14.4,537,3.1,40,56.1,244,
1801-12-29 22:11:35,124.0,3,0,36.0,1011.3,2.0,0,30,75.3,276,271,26.6,596,3.2,40,87.8,244,
1801-12-29 22:11:37,126.0,3,0,37.0,1011.3,0.0,0,30,80.0,304,297,30.0,595,3.9,40,90.0,244,
1801-12-29 22:11:39,128.0,4,0,38.0,1011.1,0.0,0,30,82.7,333,327,32.4,593,4.1,41,98.4,244,
1801-12-29 22:11:41,130.0,4,0,39.0,1011.3,0.0,0,30,84.6,363,357,32.0,606,4.3,41,96.4,244,25.1
1801-12-29 22:11:43,132.0,4,0,40.0,1011.3,2.0,0,30,81.1,375,373,22.0,576,4.0,41,84.1,243,
1801-12-29 22:11:45,134.0,4,0,40.0,1011.3,2.0,0,30,80.7,375,375,21.6,574,3.9,42,84.1,243,
1801-12-29 22:11:47,136.0,4,0,41.0,1011.2,0.0,0,30,80.8,375,374,21.7,576,3.9,42,84.5,243,
1801-12-29 22:11:49,138.0,4,0,40.0,1011.3,0.0,0,30,80.7,375,375,21.6,578,3.9,43,84.3,243,
1801-12-29 22:11:51,140.0,4,0,39.0,1011.2,0.0,0,30,80.7,375,375,21.5,579,3.9,43,84.3,243,25.19
1801-12-29 22:11:53,142.0,4,0,39.0,1011.2,0.0,0,30,80.7,375,375,21.6,579,3.9,43,84.0,243,
1801-12-29 22:11:55,144.0,4,0,38.0,1011.2,0.0,0,30,80.6,375,375,21.5,578,3.9,44,83.8,243,
1801-12-29 22:11:57,146.0,4,0,38.0,1011.2,0.0,0,30,80.5,375,375,21.5,578,3.9,44,84.1,243,
1801-12-29 22:11:59,148.0,4,0,38.0,1011.2,0.0,0,30,80.6,375,375,21.4,579,3.9,45,84.0,243,
1801-12-29 22:12:01,150.0,4,0,38.0,1011.2,0.0,0,30,80.6,375,375,21.3,580,3.8,46,83.5,243,25.09
1801-12-29 22:12:03,152.0,4,0,38.0,1011.2,0.0,0,30,80.6,375,375,21.3,580,3.8,46,83.6,243,
1801-12-29 22:12:05,154.0,4,0,38.0,1011.3,0.0,0,30,80.5,375,375,21.3,579,3.8,47,83.3,243,
1801-12-29 22:12:07,156.0,4,0,38.0,1011.2,0.0,0,30,80.5,375,375,21.3,579,3.8,47,83.8,243,
1801-12-29 22:12:09,158.0,4,0,38.0,1011.2,0.0,0,30,80.7,375,375,21.3,580,3.8,48,83.4,243,
1801-12-29 22:12:11,160.0,4,0,38.0,1011.2,0.0,0,30,80.6,375,375,21.3,580,3.7,48,83.5,243,25.27
1801-12-29 22:12:13,162.0,4,0,38.0,1011.2,0.0,0,30,80.6,375,375,21.1,578,3.7,49,83.2,243,
1801-12-29 22:12:15,164.0,4,0,38.0,1011.2,0.0,0,30,80.6,375,375,20.9,578,3.7,50,83.3,243,
1801-12-29 22:12:17,166.0,4,0,37.0,1011.2,0.0,0,30,80.7,375,375,21.1,579,3.7,50,83.2,243,
1801-12-29 22:12:19,168.0,4,0,38.0,1011.3,0.0,0,30,80.8,375,374,21.1,578,3.7,51,83.2,242,
1801-12-29 22:12:21,170.0,4,0,38.0,1011.2,4.0,0,30,80.7,375,374,21.2,578,3.7,51,84.0,242,25.42
1801-12-29 22:12:23,172.0,4,0,40.0,1011.3,6.0,0,30,80.8,375,374,21.1,579,3.7,52,83.0,242,
1801-12-29 22:12:25,174.0,4,0,42.0,1011.3,6.0,0,30,80.9,374,374,21.2,578,3.7,52,82.7,242,
1801-12-29 22:12:27,176.0,4,0,43.0,1011.3,4.0,0,30,80.7,375,374,21.1,577,3.6,52,83.5,242,
1801-12-29 22:12:29,178.0,4,0,43.0,1011.3,4.0,0,30,80.7,375,374,21.1,577,3.6,53,83.2,242,
1801-12-29 22:12:31,180.0,4,0,42.0,1011.3,2.0,0,30,80.7,375,374,21.0,579,3.6,53,83.2,242,25.3
1801-12-29 22:12:33,182.0,4,0,41.0,1011.3,0.0,0,30,80.6,375,375,20.8,578,3.6,54,82.6,242,
1801-12-29 22:12:35,184.0,4,0,39.0,1011.4,0.0,0,30,80.6,375,374,20.9,578,3.6,55,83.2,242,
1801-12-29 22:12:37,186.0,4,0,38.0,1011.4,0.0,0,30,80.8,375,374,20.9,580,3.6,55,82.9,242,
1801-12-29 22:12:39,188.0,4,0,37.0,1011.4,2.0,0,30,80.9,374,374,21.1,580,3.5,56,82.9,242,
1801-12-29 22:12:41,190.0,4,0,37.0,1011.4,2.0,0,30,80.8,375,374,21.0,579,3.5,56,82.7,242,25.16
1801-12-29 22:12:43,192.0,4,0,37.0,1011.3,4.0,0,30,80.8,374,374,20.9,578,3.5,57,82.9,242,
1801-12-29 22:12:45,194.0,4,0,36.0,1011.5,4.0,0,30,80.8,375,374,20.5,578,3.5,57,82.4,242,
1801-12-29 22:12:47,196.0,4,0,35.0,1011.4,2.0,0,30,80.6,375,374,20.6,578,3.5,58,82.8,242,
1801-12-29 22:12:49,198.0,4,0,34.0,1011.3,2.0,0,30,80.7,375,374,20.5,579,3.5,58,82.5,242,
1801-12-29 22:12:51,200.0,4,0,34.0,1011.4,2.0,0,30,80.8,374,374,20.6,580,3.5,59,82.8,242,25.34
1801-12-29 22:12:53,202.0,4,0,34.0,1011.3,0.0,0,30,80.9,374,374,20.7,579,3.5,59,82.4,242,
1801-12-29 22:12:55,204.0,4,0,34.0,1011.4,2.0,0,30,80.8,375,374,20.7,578,3.4,60,82.9,241,
1801-12-29 22:12:57,206.0,4,0,34.0,1011.4,4.0,0,30,80.8,375,374,20.7,577,3.4,60,82.5,241,
1801-12-29 22:12:59,208.0,4,0,34.0,1011.4,2.0,0,30,80.8,375,374,20.5,577,3.4,61,82.5,241,
1801-12-29 22:13:01,210.0,4,0,34.0,1011.4,0.0,0,30,80.8,375,374,20.4,577,3.4,61,81.9,241,25.34
1801-12-29 22:13:03,212.0,4,0,34.0,1011.4,0.0,0,30,80.8,374,374,20.3,577,3.4,62,81.9,241,
1801-12-29 22:13:05,214.0,4,0,34.0,1011.4,4.0,0,30,80.8,374,374,20.2,576,3.3,62,82.0,241,
1801-12-29 22:13:07,216.0,4,0,35.0,1011.3,6.0,0,31,80.8,374,374,20.3,575,3.3,63,82.1,241,
1801-12-29 22:13:09,218.0,4,0,35.0,1011.3,4.0,0,30,80.8,374,374,20.3,575,3.3,63,82.4,241,
1801-12-29 22:13:11,220.0,4,0,34.0,1011.3,2.0,0,30,80.9,374,374,20.3,577,3.3,64,82.0,241,26.57
1801-12-29 22:13:13,222.0,4,0,34.0,1011.3,2.0,0,30,80.9,374,374,20.5,578,3.3,64,82.6,241,
1801-12-29 22:13:15,224.0,4,0,34.0,1011.3,4.0,0,30,80.9,374,374,20.5,578,3.3,65,83.5,241,
1801-12-29 22:13:17,226.0,4,0,36.0,1011.3,4.0,0,30,80.9,374,374,20.8,580,3.3,65,83.9,241,
1801-12-29 22:13:19,228.0,4,0,35.0,1011.4,0.0,0,30,81.0,374,374,20.9,580,3.3,66,84.4,241,
1801-12-29 22:13:21,230.0,4,0,36.0,1011.3,4.0,0,30,80.9,374,374,20.9,583,3.3,66,83.8,241,24.84
1801-12-29 22:13:23,232.0,4,0,36.0,1011.4,4.0,0,30,81.0,374,374,20.8,583,3.3,67,83.4,241,
1801-12-29 22:13:25,234.0,4,0,36.0,1011.4,2.0,0,30,81.0,374,374,20.8,583,3.2,67,84.2,241,
1801-12-29 22:13:27,236.0,4,0,36.0,1011.5,2.0,0,30,81.2,374,374,21.0,582,3.2,67,83.2,241,
1801-12-29 22:13:29,238.0,4,0,37.0,1011.4,0.0,0,30,81.1,374,374,21.0,580,3.2,68,83.2,241,
1801-12-29 22:13:31,240.0,4,0,37.0,1011.4,0.0,0,30,81.0,374,374,20.8,580,3.2,68,83.7,240,25.29
1801-12-29 22:13:33,242.0,4,0,37.0,1011.4,0.0,0,30,81.0,374,374,20.9,582,3.2,69,83.8,240,
1801-12-29 22:13:35,244.0,4,0,38.0,1011.3,0.0,0,31,80.8,374,374,20.6,579,3.2,69,83.1,240,
1801-12-29 22:13:37,246.0,4,0,37.0,1011.4,4.0,0,31,80.8,374,374,20.4,580,3.2,70,82.8,240,
1801-12-29 22:13:39,248.0,4,0,37.0,1011.4,0.0,0,31,81.0,374,374,20.4,580,3.2,70,83.2,240,
1801-12-29 22:13:41,250.0,4,0,36.0,1011.4,0.0,0,31,81.0,374,374,20.5,580,3.2,70,82.8,240,25.32
1801-12-29 22:13:43,252.0,4,0,36.0,1011.4,0.0,0,31,81.0,374,374,20.7,580,3.2,71,84.0,240,
1801-12-29 22:13:45,254.0,4,0,37.0,1011.4,2.0,0,31,81.1,374,374,20.6,581,3.1,71,83.2,240,
1801-12-29 22:13:47,256.0,4,0,38.0,1011.4,0.0,0,31,81.1,374,374,20.8,580,3.1,72,83.2,240,
1801-12-29 22:13:49,258.0,4,0,38.0,1011.4,0.0,0,31,80.9,374,374,20.7,580,3.1,72,83.3,240,
1801-12-29 22:13:51,260.0,4,0,39.0,1011.4,2.0,0,31,81.0,374,374,20.8,580,3.1,72,84.0,240,25.47
1801-12-29 22:13:53,262.0,4,0,40.0,1011.4,4.0,0,31,81.2,374,374,20.9,583,3.1,72,83.1,240,
1801-12-29 22:13:55,264.0,4,0,41.0,1011.5,0.0,0,31,81.2,374,374,20.8,581,3.1,72,83.2,240,
1801-12-29 22:13:57,266.0,4,0,41.0,1011.5,4.0,0,31,81.0,374,374,20.7,580,3.2,72,83.5,240,
1801-12-29 22:13:59,268.0,4,0,42.0,1011.4,4.0,0,31,81.1,374,374,20.9,582,3.2,71,84.0,240,
1801-12-29 22:14:01,270.0,4,0,42.0,1011.4,4.0,0,31,81.3,374,374,20.6,582,3.2,71,82.8,240,25.08
1801-12-29 22:14:03,272.0,4,0,44.0,1011.4,4.0,0,31,81.2,374,374,20.7,582,3.2,71,83.2,240,
1801-12-29 22:14:05,274.0,4,0,44.0,1011.5,4.0,0,31,81.1,374,374,20.8,582,3.2,71,83.4,240,
1801-12-29 22:14:07,276.0,4,0,45.0,1011.5,4.0,0,31,81.2,374,374,20.5,582,3.2,71,82.9,239,
1801-12-29 22:14:09,278.0,4,0,46.0,1011.5,4.0,0,31,81.2,374,374,20.6,583,3.2,70,83.3,239,
1801-12-29 22:14:11,280.0,4,0,46.0,1011.5,4.0,0,31,81.2,374,374,20.5,583,3.2,70,83.2,239,25.79
1801-12-29 22:14:13,282.0,4,0,45.0,1011.4,4.0,0,31,81.2,374,374,20.4,582,3.2,70,82.7,239,
1801-12-29 22:14:15,284.0,4,0,44.0,1011.4,6.0,0,31,81.1,374,374,20.4,582,3.2,70,83.2,239,
1801-12-29 22:14:17,286.0,4,0,42.0,1011.4,0.0,0,31,81.2,374,374,20.5,582,3.2,70,83.7,239,
1801-12-29 22:14:19,288.0,4,0,41.0,1011.4,0.0,0,31,81.2,374,374,20.5,583,3.2,70,82.9,239,
1801-12-29 22:14:21,290.0,4,0,39.0,1011.4,4.0,0,31,81.1,374,374,20.5,582,3.2,70,82.9,239,25.26
1801-12-29 22:14:23,292.0,4,0,38.0,1011.4,4.0,0,31,81.1,374,374,20.6,582,3.2,70,83.6,239,
1801-12-29 22:14:25,294.0,4,0,38.0,1011.4,4.0,0,31,81.2,374,374,20.7,581,3.2,70,83.1,239,
1801-12-29 22:14:27,296.0,4,0,37.0,1011.4,4.0,0,31,81.2,374,374,20.7,581,3.2,70,83.3,239,
1801-12-29 22:14:29,298.0,4,0,36.0,1011.4,2.0,0,31,81.3,374,374,20.6,582,3.2,70,82.2,239,
1801-12-29 22:14:31,300.0,4,0,35.0,1011.4,0.0,0,31,81.2,374,373,20.5,581,3.2,71,83.3,239,25.32
1801-12-29 22:14:33,302.0,4,0,34.0,1011.5,0.0,0,31,81.3,374,374,20.4,583,3.2,71,82.6,239,
1801-12-29 22:14:35,304.0,4,0,33.0,1011.5,0.0,0,30,81.3,374,373,20.5,581,3.2,71,83.1,239,
1801-12-29 22:14:37,306.0,4,0,32.0,1011.5,0.0,0,30,81.2,374,373,20.8,581,3.2,71,83.8,239,
1801-12-29 22:14:39,308.0,4,0,31.0,1011.4,0.0,0,30,81.5,373,373,20.7,583,3.2,71,82.5,239,
1801-12-29 22:14:41,310.0,4,0,31.0,1011.7,0.0,0,30,81.4,373,373,21.0,582,3.2,72,84.1,239,25.22
1801-12-29 22:14:43,312.0,4,0,32.0,1011.5,4.0,0,30,81.5,374,373,20.8,584,3.2,72,83.0,238,
1801-12-29 22:14:45,314.0,4,0,32.0,1011.7,0.0,0,30,81.5,373,373,20.9,582,3.2,72,83.7,238,
1801-12-29 22:14:47,316.0,4,0,33.0,1011.7,4.0,0,30,81.5,374,373,20.8,584,3.2,72,83.4,238,
1801-12-29 22:14:49,318.0,4,0,34.0,1011.7,0.0,0,30,81.4,374,373,20.6,582,3.1,73,82.2,238,
1801-12-29 22:14:51,320.0,4,0,34.0,1011.5,0.0,0,30,81.4,374,373,20.6,582,3.1,73,82.8,238,25.17
1801-12-29 22:14:53,322.0,4,0,34.0,1011.6,0.0,0,30,81.4,374,373,20.5,582,3.1,73,82.7,238,
1801-12-29 22:14:55,324.0,4,0,34.0,1011.5,0.0,0,30,81.3,374,373,20.5,582,3.1,73,83.1,238,
1801-12-29 22:14:57,326.0,4,0,34.0,1011.5,0.0,0,30,81.3,374,373,20.5,583,3.1,73,83.6,238,
1801-12-29 22:14:59,328.0,4,0,35.0,1011.6,0.0,0,30,81.4,374,373,20.4,584,3.1,74,83.0,238,
1801-12-29 22:15:01,330.0,4,0,35.0,1011.6,0.0,0,30,81.3,374,373,20.4,581,3.1,74,82.5,238,25.96
1801-12-29 22:15:03,332.0,4,0,35.0,1011.5,0.0,0,30,81.2,374,374,20.3,580,3.1,74,82.9,238,
1801-12-29 22:15:05,334.0,4,0,35.0,1011.5,0.0,0,30,81.2,374,374,20.3,582,3.1,74,83.0,238,
1801-12-29 22:15:07,336.0,4,0,35.0,1011.5,2.0,0,30,81.4,374,373,20.5,582,3.1,74,82.9,238,
1801-12-29 22:15:09,338.0,4,0,36.0,1011.5,0.0,0,30,81.3,374,373,20.4,582,3.1,75,83.3,238,
1801-12-29 22:15:11,340.0,4,0,37.0,1011.5,0.0,0,30,81.2,374,373,20.3,582,3.1,75,83.2,238,25.37
1801-12-29 22:15:13,342.0,4,0,37.0,1011.6,0.0,0,30,81.4,373,373,20.3,583,3.1,75,82.4,238,
1801-12-29 22:15:15,344.0,4,0,38.0,1011.5,0.0,0,30,81.5,373,373,20.4,582,3.1,75,82.6,238,
1801-12-29 22:15:17,346.0,4,0,37.0,1011.5,0.0,0,30,81.4,373,373,20.5,581,3.1,75,82.6,237,
1801-12-29 22:15:19,348.0,4,0,37.0,1011.6,0.0,0,30,81.4,373,373,20.6,581,3.1,76,82.8,237,
1801-12-29 22:15:21,350.0,4,0,38.0,1011.6,0.0,0,30,81.4,374,373,20.6,581,3.1,76,83.2,237,24.66
1801-12-29 22:15:23,352.0,4,0,39.0,1011.6,0.0,0,30,81.5,374,373,20.7,581,3.1,76,83.0,237,
1801-12-29 22:15:25,354.0,4,0,39.0,1011.6,0.0,0,30,81.4,374,373,20.6,580,3.0,76,82.6,237,
1801-12-29 22:15:27,356.0,4,0,39.0,1011.5,0.0,0,30,81.5,374,373,20.4,580,3.1,76,82.4,237,
1801-12-29 22:15:29,358.0,4,0,39.0,1011.5,0.0,0,30,81.3,374,373,20.5,579,3.0,76,82.5,237,
1801-12-29 22:15:31,360.0,4,0,39.0,1011.5,0.0,0,30,81.3,374,373,20.3,579,3.0,77,82.8,237,25.44
1801-12-29 22:15:33,362.0,4,0,39.0,1011.5,0.0,0,30,81.3,374,373,20.2,580,3.0,77,82.8,237,
1801-12-29 22:15:35,364.0,4,0,38.0,1011.5,0.0,0,30,81.3,374,374,20.1,581,3.0,77,83.1,237,
1801-12-29 22:15:37,366.0,4,0,37.0,1011.5,0.0,0,30,81.3,374,374,20.1,582,3.0,77,83.2,237,
1801-12-29 22:15:39,368.0,4,0,37.0,1011.5,0.0,0,30,81.4,374,373,20.2,581,3.0,77,82.3,237,
1801-12-29 22:15:41,370.0,4,0,37.0,1011.6,0.0,0,30,81.3,374,373,20.3,580,3.0,77,82.8,237,25.27
1801-12-29 22:15:43,372.0,4,0,37.0,1011.6,0.0,0,30,81.4,374,373,20.4,582,3.0,77,83.3,237,
1801-12-29 22:15:45,374.0,4,0,36.0,1011.6,0.0,0,30,81.3,374,373,20.5,583,3.0,78,83.8,237,
1801-12-29 22:15:47,376.0,4,0,37.0,1011.7,0.0,0,30,81.3,374,373,20.4,585,3.0,78,84.0,237,
1801-12-29 22:15:49,378.0,4,0,34.0,1011.6,0.0,0,30,81.3,374,374,20.4,585,3.0,78,84.1,237,
1801-12-29 22:15:51,380.0,4,0,32.0,1011.5,0.0,0,30,81.3,374,373,20.3,587,3.0,78,84.0,237,25.52
1801-12-29 22:15:53,382.0,4,0,32.0,1011.5,0.0,0,30,81.3,374,374,20.1,586,3.0,78,83.6,237,
1801-12-29 22:15:55,384.0,4,0,32.0,1011.6,0.0,0,30,81.3,374,373,20.1,586,3.0,78,83.2,236,
1801-12-29 22:15:57,386.0,4,0,32.0,1011.4,0.0,0,30,81.4,374,373,20.1,585,3.0,78,82.3,236,
1801-12-29 22:15:59,388.0,4,0,32.0,1011.5,0.0,0,30,81.2,374,373,20.2,584,3.0,77,83.3,236,
1801-12-29 22:16:01,390.0,4,0,32.0,1011.6,2.0,0,30,81.3,374,373,20.3,584,3.1,77,83.2,236,24.92
1801-12-29 22:16:03,392.0,4,0,32.0,1011.6,0.0,0,30,81.4,373,373,20.3,584,3.1,76,83.0,236,
1801-12-29 22:16:05,394.0,4,0,33.0,1011.6,0.0,0,30,81.4,373,373,20.4,583,3.1,76,82.8,236,
1801-12-29 22:16:07,396.0,4,0,33.0,1011.6,0.0,0,30,81.3,374,373,20.5,584,3.1,75,84.2,236,
1801-12-29 22:16:09,398.0,4,0,33.0,1011.6,2.0,0,30,81.4,374,373,20.3,585,3.1,75,83.2,236,
1801-12-29 22:16:11,400.0,4,0,33.0,1011.6,0.0,0,30,81.3,374,373,20.1,584,3.1,74,83.2,236,25.29
1801-12-29 22:16:13,402.0,4,0,34.0,1011.7,0.0,0,30,81.3,374,373,20.0,583,3.1,74,83.2,236,
1801-12-29 22:16:15,404.0,4,0,35.0,1011.5,0.0,0,30,81.3,374,373,19.9,584,3.1,74,83.0,236,
1801-12-29 22:16:17,406.0,4,0,37.0,1011.5,0.0,0,30,81.3,374,373,20.1,584,3.1,73,83.0,236,
1801-12-29 22:16:19,408.0,4,0,36.0,1011.6,0.0,0,30,81.3,374,373,20.1,585,3.1,73,82.9,236,
1801-12-29 22:16:21,410.0,4,0,36.0,1011.6,2.0,0,30,81.2,374,373,20.2,585,3.1,73,84.0,236,24.84
1801-12-29 22:16:23,412.0,4,0,35.0,1011.6,2.0,0,30,81.3,374,373,20.0,586,3.1,73,83.3,236,
1801-12-29 22:16:25,414.0,4,0,35.0,1011.6,2.0,0,30,81.3,374,373,20.2,586,3.2,72,84.4,236,
1801-12-29 22:16:27,416.0,4,0,34.0,1011.6,0.0,0,30,81.4,374,373,20.1,585,3.2,72,82.5,236,
1801-12-29 22:16:29,418.0,4,0,33.0,1011.7,0.0,0,30,81.4,373,373,20.2,585,3.2,72,82.5,236,
1801-12-29 22:16:31,420.0,4,0,34.0,1011.6,0.0,0,30,81.5,373,373,20.1,583,3.2,71,81.8,236,24.26
1801-12-29 22:16:33,422.0,4,0,34.0,1011.7,0.0,0,30,81.5,373,373,20.2,583,3.2,71,82.4,235,
1801-12-29 22:16:35,424.0,4,0,35.0,1011.7,0.0,0,30,81.5,373,373,20.2,583,3.2,71,82.7,235,
1801-12-29 22:16:37,426.0,4,0,36.0,1011.7,0.0,0,30,81.4,373,373,20.3,582,3.2,71,82.8,235,
1801-12-29 22:16:39,428.0,4,0,35.0,1011.6,0.0,0,30,81.4,373,373,20.2,582,3.2,71,82.6,235,
1801-12-29 22:16:41,430.0,4,0,35.0,1011.7,0.0,0,30,81.4,374,373,20.4,581,3.2,71,82.5,235,26.38
1801-12-29 22:16:43,432.0,4,0,35.0,1011.7,2.0,0,30,81.4,374,373,20.1,580,3.2,71,82.0,235,
1801-12-29 22:16:45,434.0,4,0,34.0,1011.6,0.0,0,30,81.3,374,373,20.0,581,3.2,71,82.0,235,
1801-12-29 22:16:47,436.0,4,0,34.0,1011.8,0.0,0,30,81.5,373,373,20.0,581,3.2,71,81.5,235,
1801-12-29 22:16:49,438.0,4,0,34.0,1011.7,0.0,0,30,81.4,373,373,20.2,581,3.2,71,83.0,235,
1801-12-29 22:16:51,440.0,4,0,34.0,1011.7,0.0,0,30,81.4,373,373,19.9,581,3.1,72,82.1,235,24.73
1801-12-29 22:16:53,442.0,4,0,35.0,1011.7,0.0,0,30,81.4,373,373,20.0,580,3.1,72,82.6,235,
1801-12-29 22:16:55,444.0,4,0,35.0,1011.7,0.0,0,30,81.3,374,373,19.8,581,3.1,73,82.5,235,
1801-12-29 22:16:57,446.0,4,0,35.0,1011.7,0.0,0,30,81.3,374,373,19.8,581,3.1,73,81.8,235,
1801-12-29 22:16:59,448.0,4,0,35.0,1011.6,0.0,0,30,81.3,374,373,19.7,581,3.1,74,82.6,235,
1801-12-29 22:17:01,450.0,4,0,35.0,1011.6,0.0,0,30,81.3,373,373,19.9,581,3.1,74,83.1,235,24.08
1801-12-29 22:17:03,452.0,4,0,36.0,1011.7,0.0,0,30,81.5,373,373,20.0,583,3.1,75,82.3,235,
1801-12-29 22:17:05,454.0,4,0,37.0,1011.7,0.0,0,30,81.6,373,373,20.1,582,3.1,75,81.8,235,
1801-12-29 22:17:07,456.0,4,0,38.0,1011.6,0.0,0,30,81.4,373,373,20.1,580,3.1,76,81.9,235,
1801-12-29 22:17:09,458.0,4,0,39.0,1011.6,0.0,0,30,81.5,373,373,20.0,580,3.0,76,81.8,234,
1801-12-29 22:17:11,460.0,4,0,38.0,1011.5,0.0,0,30,81.4,373,373,19.9,580,3.0,76,81.9,234,25.3
1801-12-29 22:17:13,462.0,4,0,38.0,1011.7,0.0,0,30,81.4,373,373,19.8,579,3.0,77,82.7,234,
1801-12-29 22:17:15,464.0,4,0,37.0,1011.7,0.0,0,30,81.3,374,373,20.0,582,3.0,77,83.3,234,
1801-12-29 22:17:17,466.0,4,0,38.0,1011.7,0.0,0,30,81.3,374,373,19.9,584,3.0,77,83.1,234,
1801-12-29 22:17:19,468.0,4,0,37.0,1011.7,0.0,0,30,81.4,373,373,20.1,584,3.0,78,83.4,234,
1801-12-29 22:17:21,470.0,4,0,36.0,1011.7,0.0,0,30,81.4,374,373,20.0,584,3.0,78,82.4,234,25.77
1801-12-29 22:17:23,472.0,4,0,35.0,1011.6,0.0,0,30,81.3,373,373,20.2,583,3.0,78,84.2,234,
1801-12-29 22:17:25,474.0,4,0,35.0,1011.7,0.0,0,30,81.4,373,373,20.2,586,3.0,78,83.4,234,
1801-12-29 22:17:27,476.0,4,0,36.0,1011.7,0.0,0,30,81.4,374,373,20.0,586,3.0,78,83.2,234,
1801-12-29 22:17:29,478.0,4,0,34.0,1011.6,0.0,0,30,81.3,374,373,19.8,586,3.0,78,82.8,234,
1801-12-29 22:17:31,480.0,4,0,34.0,1011.7,0.0,0,30,81.4,373,373,19.8,587,3.0,77,82.6,234,25.11
1801-12-29 22:17:33,482.0,4,0,33.0,1011.7,0.0,0,30,81.3,374,373,19.9,586,3.0,77,83.3,234,
1801-12-29 22:17:35,484.0,4,0,34.0,1011.7,0.0,0,30,81.3,374,373,20.0,587,3.0,76,83.2,234,
1801-12-29 22:17:37,486.0,4,0,35.0,1011.7,0.0,0,30,81.3,373,373,19.9,585,3.1,76,82.6,234,
1801-12-29 22:17:39,488.0,4,0,35.0,1011.7,0.0,0,30,81.4,373,373,19.9,585,3.1,75,83.1,234,
1801-12-29 22:17:41,490.0,4,0,35.0,1011.7,0.0,0,30,81.4,373,373,19.8,586,3.1,75,82.5,233,25.2
1801-12-29 22:17:43,492.0,4,0,35.0,1011.8,0.0,0,30,81.4,373,373,20.1,586,3.1,75,83.0,233,
1801-12-29 22:17:45,494.0,4,0,35.0,1011.8,0.0,0,30,81.5,373,373,19.9,586,3.1,74,82.8,233,
1801-12-29 22:17:47,496.0,4,0,35.0,1011.8,0.0,0,30,81.5,373,373,19.9,586,3.1,74,82.4,233,
1801-12-29 22:17:49,498.0,4,0,35.0,1011.8,0.0,0,30,81.4,373,373,19.8,586,3.1,74,83.2,233,
1801-12-29 22:17:51,500.0,4,0,35.0,1011.8,0.0,0,30,81.4,374,373,19.7,586,3.1,73,82.8,233,25.93
1801-12-29 22:17:53,502.0,4,0,34.0,1011.7,0.0,0,30,81.4,373,373,19.7,585,3.1,73,81.8,233,
1801-12-29 22:17:55,504.0,4,0,34.0,1011.8,0.0,0,30,81.4,373,373,20.0,585,3.1,73,82.0,233,
1801-12-29 22:17:57,506.0,4,0,34.0,1011.7,0.0,0,30,81.3,374,373,20.0,584,3.1,73,82.8,233,
1801-12-29 22:17:59,508.0,4,0,33.0,1011.7,0.0,0,30,81.4,374,373,20.0,584,3.1,72,82.6,233,
1801-12-29 22:18:01,510.0,4,0,33.0,1011.8,0.0,0,30,81.3,374,373,20.1,584,3.1,72,83.8,233,24.94
1801-12-29 22:18:03,512.0,4,0,33.0,1011.8,0.0,0,30,81.4,373,373,20.0,586,3.1,72,82.9,233,
1801-12-29 22:18:05,514.0,4,0,33.0,1011.7,0.0,0,30,81.5,373,373,20.1,586,3.2,72,83.1,233,
1801-12-29 22:18:07,516.0,4,0,32.0,1011.7,0.0,0,30,81.4,373,373,19.9,585,3.2,72,82.7,233,
1801-12-29 22:18:09,518.0,4,0,32.0,1011.7,0.0,0,30,81.4,374,373,19.7,584,3.2,71,82.0,233,
1801-12-29 22:18:11,520.0,4,0,31.0,1011.7,0.0,0,30,81.4,373,373,19.7,582,3.2,71,81.8,233,25.88
1801-12-29 22:18:13,522.0,4,0,31.0,1011.8,0.0,0,30,81.3,373,373,19.8,581,3.2,71,81.8,233,
1801-12-29 22:18:15,524.0,4,0,31.0,1011.7,0.0,0,30,81.3,374,373,19.6,581,3.2,71,81.9,233,
1801-12-29 22:18:17,526.0,4,0,31.0,1011.6,0.0,0,30,81.3,374,373,19.8,581,3.2,71,82.0,233,
1801-12-29 22:18:19,528.0,4,0,31.0,1011.6,0.0,0,30,81.4,374,373,19.8,582,3.2,71,81.8,233,
1801-12-29 22:18:21,530.0,4,0,31.0,1011.7,0.0,0,31,81.3,373,373,19.8,583,3.2,71,82.5,232,26.27
1801-12-29 22:18:23,532.0,4,0,31.0,1011.8,0.0,0,31,81.4,373,373,19.9,582,3.2,71,82.2,232,
1801-12-29 22:18:25,534.0,4,0,31.0,1011.7,0.0,0,30,81.5,373,373,19.9,582,3.2,71,82.0,232,
1801-12-29 22:18:27,536.0,4,0,30.0,1011.8,0.0,0,30,81.5,373,373,19.9,584,3.2,71,82.7,232,
1801-12-29 22:18:29,538.0,4,0,30.0,1011.7,0.0,0,30,81.3,374,373,19.7,582,3.1,72,81.7,232,
1801-12-29 22:18:31,540.0,4,0,30.0,1011.7,0.0,0,30,81.3,374,373,19.4,582,3.1,73,81.4,232,25.94
1801-12-29 22:18:33,542.0,4,0,30.0,1011.7,0.0,0,30,81.4,373,373,19.6,582,3.1,73,81.4,232,
1801-12-29 22:18:35,544.0,4,0,30.0,1011.7,0.0,0,30,81.4,373,373,19.7,582,3.1,74,82.5,232,
1801-12-29 22:18:37,546.0,4,0,29.0,1011.7,0.0,0,30,81.4,373,373,20.0,583,3.1,74,82.1,232,
1801-12-29 22:18:39,548.0,4,0,29.0,1011.7,0.0,0,30,81.4,373,373,20.0,582,3.1,75,81.7,232,
1801-12-29 22:18:41,550.0,4,0,29.0,1011.8,0.0,0,30,81.4,374,373,19.6,580,3.0,75,81.8,232,25.17
1801-12-29 22:18:43,552.0,4,0,29.0,1011.8,0.0,0,30,81.3,374,373,19.6,580,3.0,76,82.2,232,
1801-12-29 22:18:45,554.0,4,0,30.0,1011.7,0.0,0,30,81.3,374,373,19.6,580,3.0,76,82.3,232,
1801-12-29 22:18:47,556.0,4,0,31.0,1011.8,0.0,0,30,81.3,374,373,19.7,580,3.0,77,82.1,232,
1801-12-29 22:18:49,558.0,4,0,31.0,1011.7,0.0,0,30,81.2,373,373,19.6,580,3.0,77,83.2,232,
1801-12-29 22:18:51,560.0,4,0,31.0,1011.7,0.0,0,30,81.2,374,373,19.8,583,3.0,77,82.6,232,25.36
1801-12-29 22:18:53,562.0,4,0,31.0,1011.7,0.0,0,30,81.3,374,373,19.8,584,3.0,78,83.7,232,
1801-12-29 22:18:55,564.0,4,0,33.0,1011.7,0.0,0,30,81.3,374,373,19.8,586,3.0,78,82.6,231,
1801-12-29 22:18:57,566.0,4,0,33.0,1011.7,0.0,0,30,81.3,374,373,19.6,585,3.0,78,82.8,231,
1801-12-29 22:18:59,568.0,4,0,34.0,1011.7,0.0,0,30,81.3,374,373,19.9,585,3.0,78,83.7,231,
1801-12-29 22:19:01,570.0,4,0,34.0,1011.7,0.0,0,30,81.3,374,374,19.7,586,3.0,78,83.7,231,25.2
1801-12-29 22:19:03,572.0,4,0,34.0,1011.8,0.0,0,30,81.3,374,373,19.8,584,3.0,78,82.9,231,
1801-12-29 22:19:05,574.0,4,0,35.0,1011.8,0.0,0,31,81.2,374,373,19.7,584,3.0,78,83.5,231,
1801-12-29 22:19:07,576.0,4,0,35.0,1011.9,0.0,0,31,81.3,374,373,19.8,584,3.0,78,83.2,231,
1801-12-29 22:19:09,578.0,4,0,35.0,1011.7,0.0,0,31,81.3,374,373,19.9,585,3.0,77,83.0,231,
1801-12-29 22:19:11,580.0,4,0,35.0,1011.8,0.0,0,31,81.3,374,373,19.8,585,3.0,77,82.4,231,25.26
1801-12-29 22:19:13,582.0,4,0,35.0,1011.8,0.0,0,31,81.4,374,373,19.8,585,3.0,76,82.6,231,
1801-12-29 22:19:15,584.0,4,0,35.0,1011.9,0.0,0,31,81.3,374,373,19.8,585,3.1,76,82.8,231,
1801-12-29 22:19:17,586.0,4,0,34.0,1011.8,0.0,0,31,81.3,374,373,19.7,585,3.1,75,83.1,231,
1801-12-29 22:19:19,588.0,4,0,34.0,1011.8,0.0,0,31,81.2,374,374,19.5,587,3.1,75,83.0,231,
1801-12-29 22:19:21,590.0,4,0,34.0,1011.7,0.0,0,31,81.2,374,374,19.6,588,3.1,74,83.3,231,26.22
1801-12-29 22:19:23,592.0,4,0,34.0,1011.8,0.0,0,31,81.2,374,373,19.5,587,3.1,74,83.1,231,
1801-12-29 22:19:25,594.0,4,0,34.0,1011.8,0.0,0,31,81.3,374,373,19.5,587,3.1,74,82.3,231,
1801-12-29 22:19:27,596.0,4,0,34.0,1011.7,0.0,0,31,81.3,374,373,19.6,587,3.1,74,82.6,231,
1801-12-29 22:19:29,598.0,4,0,35.0,1011.8,0.0,0,31,81.2,374,374,19.5,588,3.1,73,82.5,231,
1801-12-29 22:19:31,600.0,4,0,35.0,1011.8,0.0,0,31,81.2,374,373,19.6,586,3.1,73,82.6,231,24.12
1801-12-29 22:19:33,602.0,4,0,36.0,1011.8,0.0,0,31,81.2,373,373,19.7,587,3.1,73,82.3,230,
1801-12-29 22:19:35,604.0,4,0,37.0,1011.7,0.0,0,31,81.5,373,373,19.7,587,3.1,73,82.0,230,
1801-12-29 22:19:37,606.0,4,0,36.0,1011.7,0.0,0,31,81.4,374,373,19.6,587,3.1,72,82.2,230,
1801-12-29 22:19:39,608.0,4,0,36.0,1011.7,0.0,0,31,81.3,374,373,19.5,587,3.1,72,82.4,230,
1801-12-29 22:19:41,610.0,4,0,36.0,1011.7,0.0,0,31,81.3,374,373,19.5,587,3.1,72,82.1,230,25.32
1801-12-29 22:19:43,612.0,4,0,36.0,1011.7,0.0,0,31,81.3,374,373,19.5,587,3.1,72,82.2,230,
1801-12-29 22:19:45,614.0,4,0,35.0,1011.7,0.0,0,31,81.3,374,373,19.6,587,3.2,72,81.9,230,
1801-12-29 22:19:47,616.0,4,0,35.0,1011.7,0.0,0,31,81.3,374,373,19.6,585,3.2,72,81.5,230,
1801-12-29 22:19:49,618.0,4,0,35.0,1011.8,0.0,0,31,81.3,374,373,19.6,583,3.2,71,81.6,230,
1801-12-29 22:19:51,620.0,4,0,34.0,1011.8,0.0,0,31,81.3,373,373,19.7,583,3.2,71,81.5,230,25.73
1801-12-29 22:19:53,622.0,4,0,34.0,1011.7,0.0,0,31,81.5,373,373,19.6,582,3.2,71,81.8,230,
1801-12-29 22:19:55,624.0,4,0,34.0,1011.8,0.0,0,31,81.5,373,373,19.6,583,3.2,71,81.8,230,
1801-12-29 22:19:57,626.0,4,0,32.0,1011.8,0.0,0,31,81.4,373,373,19.7,583,3.2,71,81.5,230,
1801-12-29 22:19:59,628.0,4,0,31.0,1011.8,0.0,0,31,81.4,373,373,19.8,582,3.2,71,81.7,230,
1801-12-29 22:20:01,630.0,4,0,31.0,1011.8,0.0,0,31,81.4,373,373,19.6,582,3.2,71,81.6,230,25.37
1801-12-29 22:20:03,632.0,4,0,30.0,1011.8,0.0,0,31,81.4,373,373,19.8,582,3.2,71,81.8,230,
1801-12-29 22:20:05,634.0,4,0,30.0,1011.7,0.0,0,31,81.3,373,373,19.8,581,3.2,71,82.4,230,
1801-12-29 22:20:07,636.0,4,0,31.0,1011.7,0.0,0,31,81.4,373,373,19.6,582,3.1,72,81.0,230,
1801-12-29 22:20:09,638.0,4,0,31.0,1011.8,0.0,0,31,81.4,373,373,19.7,582,3.1,72,81.7,230,
1801-12-29 22:20:11,640.0,4,0,32.0,1011.8,0.0,0,31,81.4,373,373,19.8,580,3.1,73,81.8,229,25.21
1801-12-29 22:20:13,642.0,4,0,32.0,1011.9,0.0,0,31,81.4,373,373,19.8,581,3.1,73,83.3,229,
1801-12-29 22:20:15,644.0,4,0,33.0,1011.8,0.0,0,30,81.4,373,373,19.6,582,3.1,74,81.6,229,
1801-12-29 22:20:17,646.0,4,0,34.0,1011.7,0.0,0,30,81.4,373,373,19.8,582,3.1,74,81.7,229,
1801-12-29 22:20:19,648.0,4,0,34.0,1011.7,0.0,0,30,81.5,373,373,19.8,582,3.1,75,81.8,229,
1801-12-29 22:20:21,650.0,4,0,34.0,1011.7,0.0,0,30,81.6,373,373,20.0,582,3.1,75,81.4,229,25.5
1801-12-29 22:20:23,652.0,4,0,33.0,1011.8,0.0,0,30,81.5,373,373,20.1,582,3.0,76,82.3,229,
1801-12-29 22:20:25,654.0,4,0,33.0,1011.8,0.0,0,30,81.5,373,373,19.8,581,3.0,76,81.8,229,
1801-12-29 22:20:27,656.0,4,0,33.0,1011.8,0.0,0,30,81.5,373,373,19.8,582,3.0,77,82.8,229,
1801-12-29 22:20:29,658.0,4,0,33.0,1011.8,0.0,0,30,81.4,373,373,19.8,585,3.0,77,83.9,229,
1801-12-29 22:20:31,660.0,4,0,33.0,1011.9,0.0,0,30,81.5,373,373,19.7,588,3.0,77,82.6,229,25.31
1801-12-29 22:20:33,662.0,4,0,33.0,1011.8,0.0,0,30,81.5,373,373,19.8,586,3.0,78,82.1,229,
1801-12-29 22:20:35,664.0,4,0,34.0,1011.8,0.0,0,30,81.5,373,373,19.9,586,3.0,78,83.0,229,
1801-12-29 22:20:37,666.0,4,0,34.0,1011.7,0.0,0,30,81.5,373,373,20.0,586,3.0,78,82.7,229,
1801-12-29 22:20:39,668.0,4,0,34.0,1011.8,0.0,0,30,81.4,373,373,20.1,586,3.0,78,83.1,229,
1801-12-29 22:20:41,670.0,4,0,35.0,1011.8,0.0,0,30,81.5,373,373,19.9,586,3.0,78,82.4,229,26.3
1801-12-29 22:20:43,672.0,4,0,35.0,1011.8,0.0,0,30,81.5,373,373,19.9,586,3.0,78,82.4,229,
1801-12-29 22:20:45,674.0,4,0,35.0,1011.8,0.0,0,30,81.5,373,373,20.0,584,3.0,77,82.2,228,
1801-12-29 22:20:47,676.0,4,0,35.0,1012.0,0.0,0,30,81.5,373,373,19.8,584,3.0,77,84.4,228,
1801-12-29 22:20:49,678.0,4,0,35.0,1011.9,0.0,0,30,81.5,373,373,19.8,589,3.1,76,82.8,228,
1801-12-29 22:20:51,680.0,4,0,35.0,1011.9,0.0,0,30,81.4,373,373,19.9,588,3.1,76,83.9,228,25.28
1801-12-29 22:20:53,682.0,4,0,35.0,1011.9,0.0,0,30,81.4,373,373,19.9,588,3.1,76,83.0,228,
1801-12-29 22:20:55,684.0,4,0,35.0,1011.8,0.0,0,30,81.3,373,373,20.1,588,3.1,75,84.2,228,
1801-12-29 22:20:57,686.0,4,0,35.0,1011.8,0.0,0,30,81.3,373,373,19.9,588,3.1,75,82.7,228,
1801-12-29 22:20:59,688.0,4,0,36.0,1011.7,0.0,0,30,81.3,373,373,19.7,588,3.1,75,82.5,228,
1801-12-29 22:21:01,690.0,4,0,37.0,1011.7,0.0,0,30,81.3,374,373,19.7,588,3.1,74,83.9,228,25.74
1801-12-29 22:21:03,692.0,4,0,37.0,1011.7,0.0,0,30,81.4,373,373,19.7,590,3.1,74,82.8,228,
1801-12-29 22:21:05,694.0,4,0,38.0,1011.8,0.0,0,30,81.4,373,373,19.7,589,3.1,74,83.1,228,
1801-12-29 22:21:07,696.0,4,0,37.0,1011.8,0.0,0,30,81.3,374,373,19.7,586,3.1,73,82.5,228,
1801-12-29 22:21:09,698.0,4,0,37.0,1011.9,0.0,0,30,81.3,373,373,19.8,586,3.1,73,82.5,228,
1801-12-29 22:21:11,700.0,4,0,37.0,1011.9,0.0,0,30,81.3,373,373,19.9,586,3.1,73,82.5,228,25.29
1801-12-29 22:21:13,702.0,4,0,37.0,1012.0,0.0,0,30,81.4,373,373,19.7,584,3.1,73,81.6,228,
1801-12-29 22:21:15,704.0,4,0,37.0,1011.8,0.0,0,30,81.3,373,373,19.6,584,3.1,73,82.4,228,
1801-12-29 22:21:17,706.0,4,0,36.0,1011.8,0.0,0,30,81.3,374,373,19.5,585,3.1,72,82.7,228,
1801-12-29 22:21:19,708.0,4,0,36.0,1011.8,0.0,0,30,81.3,373,373,19.4,585,3.1,72,82.5,228,
1801-12-29 22:21:21,710.0,4,0,36.0,1011.8,0.0,0,30,81.4,373,373,19.6,585,3.2,72,81.6,228,25.19
1801-12-29 22:21:23,712.0,4,0,36.0,1011.9,0.0,0,30,81.3,373,373,19.6,585,3.2,72,82.4,227,
1801-12-29 22:21:25,714.0,4,0,35.0,1011.9,0.0,0,30,81.4,373,373,19.8,585,3.2,72,82.4,227,
1801-12-29 22:21:27,716.0,4,0,35.0,1011.9,0.0,0,30,81.5,373,373,19.8,586,3.2,71,81.6,227,
1801-12-29 22:21:29,718.0,4,0,35.0,1011.9,0.0,0,30,81.5,373,373,19.9,583,3.2,71,80.8,227,
1801-12-29 22:21:31,720.0,4,0,35.0,1011.9,0.0,0,30,81.5,373,373,19.7,582,3.2,71,81.5,227,26.22
1801-12-29 22:21:33,722.0,4,0,36.0,1011.9,0.0,0,30,81.4,373,373,19.8,581,3.2,71,81.1,227,
1801-12-29 22:21:35,724.0,4,0,36.0,1011.9,0.0,0,30,81.5,373,373,19.7,582,3.2,71,81.7,227,
1801-12-29 22:21:37,726.0,4,0,36.0,1011.8,0.0,0,30,81.3,373,373,19.7,582,3.2,71,82.3,227,
1801-12-29 22:21:39,728.0,4,0,36.0,1011.9,0.0,0,30,81.3,374,373,19.6,581,3.2,71,81.8,227,
1801-12-29 22:21:41,730.0,4,0,36.0,1011.8,0.0,0,30,81.3,373,373,19.8,581,3.2,71,82.4,227,26.48
1801-12-29 22:21:43,732.0,4,0,36.0,1011.8,0.0,0,30,81.2,374,373,19.8,581,3.2,71,82.4,227,
1801-12-29 22:21:45,734.0,4,0,36.0,1011.8,0.0,0,30,81.2,374,373,20.0,583,3.1,71,83.2,227,
1801-12-29 22:21:47,736.0,4,0,36.0,1011.9,0.0,0,30,81.3,374,373,19.8,583,3.1,72,81.9,227,
1801-12-29 22:21:49,738.0,4,0,36.0,1011.9,0.0,0,30,81.4,374,373,19.6,583,3.1,72,81.2,227,
1801-12-29 22:21:51,740.0,4,0,36.0,1011.8,0.0,0,30,81.4,373,373,19.6,582,3.1,73,81.1,227,25.33
1801-12-29 22:21:53,742.0,4,0,36.0,1012.0,0.0,0,30,81.4,373,373,19.5,580,3.1,73,81.2,227,
1801-12-29 22:21:55,744.0,4,0,36.0,1012.0,0.0,0,30,81.4,373,373,19.4,580,3.1,74,81.7,227,
1801-12-29 22:21:57,746.0,4,0,36.0,1011.9,0.0,0,31,81.5,373,373,19.8,583,3.1,75,81.9,226,
1801-12-29 22:21:59,748.0,4,0,36.0,1011.9,0.0,0,31,81.5,373,373,20.1,585,3.1,75,82.3,226,
1801-12-29 22:22:01,750.0,4,0,36.0,1011.9,0.0,0,31,81.5,373,373,19.9,586,3.0,76,82.1,226,25.59
1801-12-29 22:22:03,752.0,3,0,36.0,1011.9,0.0,0,31,80.0,368,370,15.7,577,2.8,76,62.5,226,
1801-12-29 22:22:05,754.0,3,0,36.0,1012.0,0.0,0,31,68.2,342,350,3.5,501,2.1,76,43.7,226,
1801-12-29 22:22:07,756.0,2,0,37.0,1011.9,0.0,0,31,67.8,321,327,6.8,540,2.1,77,48.8,226,
1801-12-29 22:22:09,758.0,2,0,37.0,1011.8,0.0,0,31,67.8,302,307,7.7,545,2.2,77,49.5,226,
1801-12-29 22:22:11,760.0,2,0,37.0,1011.8,0.0,0,31,67.8,289,292,8.7,546,2.2,77,49.9,226,25.37
1801-12-29 22:22:13,762.0,2,0,38.0,1012.0,0.0,0,31,67.9,280,282,9.6,548,2.2,77,50.1,226,
1801-12-29 22:22:15,764.0,2,0,37.0,1012.0,0.0,0,31,67.8,274,276,10.2,549,2.1,78,51.0,226,
1801-12-29 22:22:17,766.0,2,0,38.0,1012.0,0.0,0,31,67.8,270,271,10.9,551,2.1,78,51.1,226,
1801-12-29 22:22:19,768.0,2,0,38.0,1011.9,0.0,0,31,67.8,267,268,11.0,551,2.1,78,51.1,226,
1801-12-29 22:22:21,770.0,2,0,38.0,1011.9,0.0,0,31,67.8,265,265,11.2,550,2.1,78,51.3,226,24.95
1801-12-29 22:22:23,772.0,2,0,38.0,1011.9,0.0,0,31,67.9,263,263,11.4,551,2.1,79,51.1,226,
1801-12-29 22:22:25,774.0,2,0,38.0,1011.9,0.0,0,31,67.9,262,262,11.4,549,2.1,79,51.2,226,
1801-12-29 22:22:27,776.0,2,0,38.0,1011.8,0.0,0,31,67.9,261,261,11.5,551,2.1,79,51.1,226,
1801-12-29 22:22:29,778.0,2,0,38.0,1011.9,0.0,0,31,67.9,260,260,11.6,549,2.1,79,51.2,226,
1801-12-29 22:22:31,780.0,2,0,38.0,1011.9,0.0,0,31,67.9,259,259,11.9,550,2.1,79,51.7,226,25.29
1801-12-29 22:22:33,782.0,2,0,38.0,1011.8,0.0,0,31,67.9,259,259,11.8,552,2.2,78,51.6,226,
1801-12-29 22:22:35,784.0,2,0,37.0,1011.8,0.0,0,31,67.9,259,259,11.8,549,2.2,78,51.4,226,
1801-12-29 22:22:37,786.0,2,0,37.0,1012.0,0.0,0,31,67.9,258,258,11.7,548,2.2,77,51.2,226,
1801-12-29 22:22:39,788.0,2,0,37.0,1012.0,0.0,0,31,67.8,258,258,11.9,548,2.2,77,51.7,226,
1801-12-29 22:22:41,790.0,2,0,38.0,1011.9,0.0,0,31,67.8,258,258,11.8,549,2.2,76,51.3,226,25.83
1801-12-29 22:22:43,792.0,2,0,37.0,1011.9,0.0,0,31,67.9,258,258,11.8,549,2.2,76,51.3,226,
1801-12-29 22:22:45,794.0,2,0,38.0,1011.9,0.0,0,31,67.9,257,257,11.7,548,2.2,75,51.5,226,
1801-12-29 22:22:47,796.0,2,0,38.0,1012.0,0.0,0,31,67.8,257,257,11.8,549,2.2,75,51.8,226,
1801-12-29 22:22:49,798.0,2,0,38.0,1011.9,0.0,0,31,67.9,257,257,11.8,550,2.2,75,52.0,226,
1801-12-29 22:22:51,800.0,2,0,38.0,1011.9,0.0,0,31,67.9,258,257,11.9,549,2.3,74,51.7,226,25.24
1801-12-29 22:22:53,802.0,2,0,39.0,1011.9,0.0,0,31,67.9,258,258,12.0,549,2.3,74,51.7,225,
1801-12-29 22:22:55,804.0,2,0,39.0,1012.0,0.0,0,31,67.9,258,258,11.8,545,2.3,73,51.0,225,
1801-12-29 22:22:57,806.0,2,0,39.0,1011.8,0.0,0,31,67.9,260,259,11.5,543,2.3,73,50.7,225,
1801-12-29 22:22:59,808.0,2,0,39.0,1011.8,0.0,0,31,67.9,261,260,11.7,541,2.3,73,50.7,225,
1801-12-29 22:23:01,810.0,2,0,39.0,1011.8,0.0,0,31,67.9,261,261,11.6,541,2.3,72,50.8,225,25.5
1801-12-29 22:23:03,812.0,2,0,39.0,1011.8,0.0,0,31,67.9,262,262,11.6,541,2.3,72,51.0,225,
1801-12-29 22:23:05,814.0,2,0,38.0,1011.8,0.0,0,31,67.9,262,262,11.4,541,2.3,72,50.9,225,
1801-12-29 22:23:07,816.0,2,0,38.0,1011.8,0.0,0,31,67.9,263,262,11.3,541,2.3,72,50.8,225,
1801-12-29 22:23:09,818.0,2,0,38.0,1011.8,0.0,0,31,67.9,263,262,11.4,541,2.3,71,50.4,225,
1801-12-29 22:23:11,820.0,2,0,37.0,1011.9,0.0,0,31,67.9,263,263,11.5,539,2.3,71,50.5,225,25.29
1801-12-29 22:23:13,822.0,9,0,37.0,1011.9,0.0,0,31,62.5,251,259,6.9,510,1.9,71,55.8,225,
1801-12-29 22:23:15,824.0,9,0,37.0,1011.9,0.0,0,31,38.9,194,247,2.7,330,0.7,71,12.3,225,
1801-12-29 22:23:17,826.0,9,0,37.0,1011.8,0.0,0,31,26.4,146,229,3.7,234,0.4,70,1.6,225,
1801-12-29 22:23:19,828.0,9,0,38.0,1011.8,0.0,0,31,19.7,115,213,4.0,198,0.2,70,1.6,225,
1801-12-29 22:23:21,830.0,9,0,39.0,1011.7,0.0,0,30,15.5,95,199,1.5,178,0.2,70,1.6,225,23.53
1801-12-29 22:23:23,832.0,9,0,40.0,1011.8,0.0,0,30,12.5,77,186,0.8,171,0.1,70,1.6,225,
1801-12-29 22:23:25,834.0,9,0,41.0,1011.8,0.0,0,30,10.4,64,174,0.8,168,0.1,70,1.6,225,
1801-12-29 22:23:27,836.0,9,0,41.0,1011.7,0.0,0,30,8.5,56,164,0.8,168,0.1,69,1.6,225,
1801-12-29 22:23:29,838.0,9,0,41.0,1011.9,0.0,0,30,6.9,49,155,0.8,168,0.0,69,1.6,225,
1801-12-29 22:23:31,840.0,9,0,42.0,1011.8,0.0,0,30,5.6,44,147,0.8,169,0.0,69,1.6,225,23.34
1801-12-29 22:23:33,842.0,9,0,42.0,1011.8,0.0,0,30,4.5,40,140,0.8,171,0.0,69,1.6,225,
1801-12-29 22:23:35,844.0,9,0,42.0,1011.8,0.0,0,30,3.8,36,133,0.8,174,0.0,69,1.6,225,
1801-12-29 22:23:37,846.0,9,0,43.0,1011.8,0.0,0,30,3.2,33,126,0.8,178,0.0,69,5.9,225,
1801-12-29 22:23:39,848.0,9,0,43.0,1011.8,0.0,0,30,2.7,30,121,0.8,182,0.0,69,57.6,225,
1801-12-29 22:23:41,850.0,9,0,42.0,1011.8,0.0,0,30,2.2,28,115,0.8,186,0.0,69,57.6,225,23.35
1801-12-29 22:23:43,852.0,9,0,42.0,1011.8,0.0,0,30,1.9,26,110,0.8,190,0.0,69,57.6,225,
1801-12-29 22:23:45,854.0,9,0,42.0,1011.8,0.0,0,30,1.5,24,105,0.8,194,0.0,69,57.7,225,
1801-12-29 22:23:47,856.0,9,0,41.0,1011.8,0.0,0,30,1.2,22,101,0.8,199,0.0,69,57.6,225,
1801-12-29 22:23:49,858.0,-1,0,40.0,1011.8,0.0,0,30,0.9,21,97,0.8,204,0.0,69,57.6,225,
1801-12-29 22:23:51,860.0,-1,0,40.0,1011.8,0.0,0,30,0.7,20,92,0.8,210,0.0,69,57.6,225,23.43
1801-12-29 22:23:53,862.0,-1,0,40.0,1011.8,0.0,0,30,0.0,18,89,0.8,216,0.0,69,57.6,225,
1801-12-29 22:23:55,864.0,-1,0,40.0,1011.8,0.0,0,30,0.0,17,85,0.8,222,0.0,69,57.6,225,
1801-12-29 22:23:57,866.0,-1,0,39.0,1011.8,0.0,0,30,0.0,16,82,0.8,230,0.0,68,57.6,225,
1801-12-29 22:23:59,868.0,-1,0,38.0,1011.8,0.0,0,30,0.0,15,79,0.8,237,0.0,68,57.6,225,
1801-12-29 22:24:01,870.0,-1,0,38.0,1011.8,0.0,0,30,0.0,14,76,0.8,244,0.0,68,57.6,225,23.37
1801-12-29 22:24:03,872.0,-1,0,38.0,1011.8,0.0,0,30,0.0,14,73,0.8,250,0.0,68,57.6,225,
1801-12-29 22:24:05,874.0,-1,0,37.0,1011.8,0.0,0,30,0.0,13,70,0.8,254,0.0,68,57.6,225,
1801-12-29 22:24:07,876.0,-1,0,37.0,1011.8,0.0,0,30,0.0,12,67,0.8,258,0.0,68,57.6,225,
