date time,flight time,phase_no,take off switch,altitude,static pressure,ground speed,ind. air speed,oat,n1 1,n2 1,nr,torque 1,tot 1,oil pressure 1,oil temp. 1,fuel flow,fuel vol.,power
1800-03-01 13:19:14,0.0,-1,0,66.0,1011.1,0.0,0,32,0.0,0,0,2.3,236,0.0,57,57.1,269,22.68
1800-03-01 13:19:16,2.0,-1,0,66.0,1011.2,0.0,0,32,0.0,0,0,2.3,235,0.0,57,57.1,269,
1800-03-01 13:19:18,4.0,1,0,66.0,1011.1,0.0,0,32,2.5,0,0,2.3,231,0.0,57,31.2,261,
1800-03-01 13:19:20,6.0,1,0,66.0,1011.1,0.0,0,32,8.4,0,0,2.3,235,0.0,57,28.3,253,
1800-03-01 13:19:22,8.0,1,0,66.0,1011.1,0.0,0,32,13.3,0,0,2.3,380,0.0,57,18.5,252,
1800-03-01 13:19:24,10.0,1,0,67.0,1011.1,0.0,0,32,18.3,0,0,2.3,601,0.1,57,12.3,254,16.05
1800-03-01 13:19:26,12.0,1,0,67.0,1011.0,0.0,0,32,21.5,0,0,2.3,634,0.3,58,13.1,258,
1800-03-01 13:19:28,14.0,1,0,67.0,1011.1,0.0,0,32,24.9,1,0,2.3,640,0.4,58,17.6,261,
1800-03-01 13:19:30,16.0,1,0,66.0,1011.1,0.0,0,32,28.6,12,0,2.3,658,0.5,59,20.1,264,
1800-03-01 13:19:32,18.0,1,0,65.0,1011.0,0.0,0,32,32.0,19,0,2.3,662,0.6,59,21.5,265,
1800-03-01 13:19:34,20.0,1,0,64.0,1011.0,0.0,0,32,35.6,27,20,2.3,657,0.7,60,24.3,266,17.77
1800-03-01 13:19:36,22.0,1,0,62.0,1011.0,0.0,0,32,39.5,39,31,2.3,657,0.8,60,28.2,267,
1800-03-01 13:19:38,24.0,1,0,60.0,1011.1,0.0,0,32,44.8,55,46,2.3,657,1.0,61,33.2,267,
1800-03-01 13:19:40,26.0,1,0,58.0,1011.0,0.0,0,32,50.8,74,64,2.3,656,1.3,61,39.3,268,
1800-03-01 13:19:42,28.0,1,0,57.0,1011.0,0.0,0,32,57.0,96,85,5.1,649,1.6,61,44.9,268,
1800-03-01 13:19:44,30.0,1,0,56.0,1011.0,0.0,0,32,63.2,123,111,20.4,620,1.9,62,47.0,268,25.67
1800-03-01 13:19:46,32.0,1,0,54.0,1010.9,0.0,0,32,65.9,152,142,20.8,574,2.2,62,51.1,268,
1800-03-01 13:19:48,34.0,2,0,53.0,1011.0,0.0,1,32,67.8,182,171,20.3,549,2.4,63,50.1,268,
1800-03-01 13:19:50,36.0,2,0,52.0,1011.0,0.0,0,32,67.9,206,199,18.2,535,2.4,63,50.2,268,
1800-03-01 13:19:52,38.0,2,0,51.0,1011.1,0.0,0,32,67.9,220,215,16.5,535,2.4,64,50.2,268,
1800-03-01 13:19:54,40.0,2,0,49.0,1011.1,0.0,0,32,67.9,231,227,15.3,535,2.4,65,50.4,268,25.67
1800-03-01 13:19:56,42.0,2,0,48.0,1011.2,0.0,0,32,67.9,241,237,14.5,537,2.4,65,50.1,268,
1800-03-01 13:19:58,44.0,2,0,48.0,1011.1,0.0,0,32,67.9,248,246,13.9,537,2.4,66,50.0,268,
1800-03-01 13:20:00,46.0,2,0,48.0,1011.2,0.0,0,32,67.9,254,252,13.6,538,2.4,67,49.3,268,
1800-03-01 13:20:02,48.0,2,0,48.0,1011.2,0.0,0,32,67.9,258,257,13.3,537,2.3,67,49.5,268,
1800-03-01 13:20:04,50.0,2,0,49.0,1011.4,0.0,0,32,67.9,261,260,13.0,538,2.3,68,49.3,268,25.54
1800-03-01 13:20:06,52.0,2,0,49.0,1011.1,0.0,0,32,67.8,264,263,12.8,539,2.3,69,50.5,268,
1800-03-01 13:20:08,54.0,2,0,48.0,1011.1,0.0,0,32,67.9,265,264,13.0,542,2.3,69,50.7,268,
1800-03-01 13:20:10,56.0,2,0,48.0,1011.1,0.0,0,32,67.9,266,265,13.0,543,2.3,70,50.3,268,
1800-03-01 13:20:12,58.0,2,0,48.0,1011.1,0.0,0,32,67.9,266,266,13.0,544,2.3,70,50.9,268,
1800-03-01 13:20:14,60.0,2,0,47.0,1011.0,0.0,0,32,67.9,267,266,12.9,544,2.3,70,50.5,268,25.72
1800-03-01 13:20:16,62.0,2,0,47.0,1011.0,0.0,0,32,67.9,267,266,13.0,544,2.3,71,50.1,268,
1800-03-01 13:20:18,64.0,2,0,47.0,1011.1,0.0,0,32,67.9,267,267,12.8,545,2.3,71,50.1,268,
1800-03-01 13:20:20,66.0,2,0,48.0,1011.1,0.0,0,32,67.8,267,266,12.9,546,2.3,71,50.3,268,
1800-03-01 13:20:22,68.0,2,0,49.0,1011.0,0.0,0,32,67.9,267,266,13.0,545,2.3,71,50.1,268,
1800-03-01 13:20:24,70.0,2,0,50.0,1011.1,0.0,0,32,67.8,266,266,13.0,545,2.3,71,50.2,268,24.45
1800-03-01 13:20:26,72.0,2,0,52.0,1010.9,0.0,0,32,67.9,267,266,12.9,545,2.3,71,50.4,268,
1800-03-01 13:20:28,74.0,2,0,53.0,1010.9,0.0,0,32,67.9,266,266,12.9,546,2.3,71,50.2,268,
1800-03-01 13:20:30,76.0,2,0,54.0,1011.1,0.0,0,32,67.9,266,266,13.0,546,2.3,71,50.2,268,
1800-03-01 13:20:32,78.0,2,0,54.0,1011.1,0.0,0,32,67.9,266,266,13.0,547,2.3,71,50.8,268,
1800-03-01 13:20:34,80.0,2,0,53.0,1011.1,0.0,0,32,67.9,266,266,13.0,548,2.3,71,50.2,268,26.93
1800-03-01 13:20:36,82.0,2,0,52.0,1011.1,0.0,0,32,67.9,266,266,12.9,548,2.3,70,50.3,268,
1800-03-01 13:20:38,84.0,2,0,50.0,1011.0,0.0,0,32,67.9,266,266,13.0,548,2.3,70,50.1,267,
1800-03-01 13:20:40,86.0,2,0,50.0,1011.1,0.0,0,32,67.9,266,266,12.9,548,2.3,70,50.1,267,
1800-03-01 13:20:42,88.0,2,0,49.0,1011.2,0.0,0,32,67.9,266,266,12.8,548,2.3,70,50.3,267,
1800-03-01 13:20:44,90.0,2,0,47.0,1011.1,0.0,0,32,67.9,266,266,13.0,549,2.3,70,50.2,267,25.7
1800-03-01 13:20:46,92.0,2,0,47.0,1011.0,0.0,0,32,67.9,266,266,12.9,548,2.3,70,50.4,267,
1800-03-01 13:20:48,94.0,2,0,46.0,1011.0,0.0,0,32,67.9,266,266,13.0,549,2.3,71,50.3,267,
1800-03-01 13:20:50,96.0,2,0,46.0,1011.1,0.0,0,32,67.9,266,266,13.0,548,2.3,71,50.1,267,
1800-03-01 13:20:52,98.0,2,0,44.0,1011.1,0.0,0,32,67.9,266,266,13.0,549,2.3,71,50.1,267,
1800-03-01 13:20:54,100.0,2,0,42.0,1011.1,0.0,0,32,67.9,266,266,12.9,549,2.3,71,50.2,267,25.78
1800-03-01 13:20:56,102.0,2,0,40.0,1011.1,0.0,0,32,67.9,266,266,12.9,547,2.3,71,50.1,267,
1800-03-01 13:20:58,104.0,2,0,39.0,1011.1,0.0,0,32,67.9,266,266,13.0,547,2.3,71,50.1,267,
1800-03-01 13:21:00,106.0,2,0,38.0,1011.1,0.0,0,32,67.9,266,266,12.8,549,2.3,72,50.5,267,
1800-03-01 13:21:02,108.0,2,0,35.0,1011.1,0.0,0,32,67.9,266,266,13.0,550,2.3,72,50.1,267,
1800-03-01 13:21:04,110.0,2,0,33.0,1011.1,0.0,0,32,68.0,266,266,12.9,550,2.3,72,50.1,267,25.63
1800-03-01 13:21:06,112.0,2,0,33.0,1011.2,0.0,0,32,67.9,266,266,13.0,550,2.3,72,50.1,267,
1800-03-01 13:21:08,114.0,2,0,34.0,1011.2,0.0,0,32,67.9,266,266,12.9,550,2.3,72,50.1,267,
1800-03-01 13:21:10,116.0,2,0,33.0,1011.1,0.0,0,32,67.9,266,266,12.9,552,2.3,73,50.1,267,
1800-03-01 13:21:12,118.0,2,0,32.0,1011.0,0.0,0,32,67.9,267,266,12.9,548,2.3,73,49.3,267,
1800-03-01 13:21:14,120.0,2,0,31.0,1011.1,2.0,0,32,67.9,267,266,12.9,546,2.3,73,49.3,267,25.46
1800-03-01 13:21:16,122.0,2,0,30.0,1011.1,0.0,0,32,67.9,268,267,12.8,546,2.3,73,49.2,267,
1800-03-01 13:21:18,124.0,2,0,30.0,1011.1,0.0,0,32,67.9,269,268,12.7,547,2.3,73,49.3,267,
1800-03-01 13:21:20,126.0,2,0,30.0,1011.1,0.0,0,32,67.9,269,268,12.7,547,2.3,73,49.3,267,
1800-03-01 13:21:22,128.0,2,0,30.0,1011.1,0.0,0,32,67.8,269,269,12.7,546,2.3,74,49.5,267,
1800-03-01 13:21:24,130.0,2,0,30.0,1011.1,0.0,0,32,67.8,268,268,12.9,547,2.3,74,50.4,267,25.68
1800-03-01 13:21:26,132.0,2,0,29.0,1011.1,0.0,0,32,67.9,268,268,12.9,551,2.3,74,50.1,267,
1800-03-01 13:21:28,134.0,2,0,29.0,1011.1,0.0,0,32,67.9,267,267,12.9,551,2.3,74,50.1,267,
1800-03-01 13:21:30,136.0,2,0,30.0,1011.1,0.0,0,32,67.9,267,267,13.0,554,2.3,74,50.1,267,
1800-03-01 13:21:32,138.0,2,0,31.0,1011.0,0.0,0,32,67.9,267,267,13.1,552,2.3,75,50.1,267,
1800-03-01 13:21:34,140.0,2,0,32.0,1011.2,0.0,0,32,67.9,267,267,12.9,551,2.3,75,49.7,266,25.59
1800-03-01 13:21:36,142.0,2,0,32.0,1011.1,0.0,0,32,67.9,267,267,12.9,552,2.3,75,50.2,266,
1800-03-01 13:21:38,144.0,2,0,33.0,1011.1,0.0,0,32,67.9,267,266,12.9,552,2.3,75,50.0,266,
1800-03-01 13:21:40,146.0,2,0,33.0,1011.1,0.0,0,32,67.9,266,266,13.0,552,2.3,76,50.1,266,
1800-03-01 13:21:42,148.0,2,0,34.0,1011.2,0.0,0,32,67.9,266,266,12.9,553,2.3,76,50.2,266,
1800-03-01 13:21:44,150.0,2,0,35.0,1011.2,0.0,0,32,68.0,266,266,13.0,553,2.3,76,49.3,266,25.7
1800-03-01 13:21:46,152.0,2,0,37.0,1011.1,0.0,0,32,67.8,266,266,13.0,553,2.3,76,50.1,266,
1800-03-01 13:21:48,154.0,2,0,37.0,1011.1,0.0,0,32,67.9,266,266,13.0,554,2.3,76,50.0,266,
1800-03-01 13:21:50,156.0,2,0,38.0,1011.1,0.0,0,32,67.9,266,266,13.0,554,2.3,76,50.0,266,
1800-03-01 13:21:52,158.0,2,0,39.0,1011.2,0.0,0,32,67.9,266,266,12.9,554,2.3,76,50.0,266,
1800-03-01 13:21:54,160.0,2,0,40.0,1011.2,0.0,0,32,67.8,266,266,13.0,554,2.3,77,50.7,266,25.78
1800-03-01 13:21:56,162.0,2,0,41.0,1011.2,0.0,0,32,67.8,266,265,12.9,558,2.3,77,50.3,266,
1800-03-01 13:21:58,164.0,2,0,40.0,1011.1,0.0,0,32,67.9,266,265,13.0,559,2.3,77,50.8,266,
1800-03-01 13:22:00,166.0,2,0,40.0,1011.0,0.0,0,32,67.9,265,265,13.0,561,2.2,77,50.2,266,
1800-03-01 13:22:02,168.0,2,0,40.0,1011.1,0.0,0,32,67.9,265,265,13.2,561,2.2,77,50.7,266,
1800-03-01 13:22:04,170.0,2,0,39.0,1011.2,0.0,0,32,67.9,266,265,13.0,559,2.2,77,49.7,266,25.74
1800-03-01 13:22:06,172.0,2,0,38.0,1011.2,0.0,0,32,67.9,267,266,12.8,558,2.2,77,49.3,266,
1800-03-01 13:22:08,174.0,2,0,37.0,1011.1,0.0,0,32,67.9,267,267,12.7,559,2.3,76,49.3,266,
1800-03-01 13:22:10,176.0,2,0,37.0,1011.2,0.0,0,32,67.9,268,267,12.7,558,2.3,76,49.9,266,
1800-03-01 13:22:12,178.0,2,0,38.0,1011.1,0.0,0,32,68.2,268,268,13.8,559,2.3,76,60.5,266,
1800-03-01 13:22:14,180.0,3,0,39.0,1011.1,0.0,0,32,77.3,285,279,27.0,619,2.5,75,76.5,266,26.39
1800-03-01 13:22:16,182.0,3,0,39.0,1011.1,0.0,0,32,80.6,313,306,29.3,600,3.0,75,81.6,266,
1800-03-01 13:22:18,184.0,3,0,38.0,1011.1,0.0,0,32,83.5,343,336,31.7,600,3.3,74,89.8,266,
1800-03-01 13:22:20,186.0,3,0,37.0,1011.2,0.0,0,32,84.0,369,366,28.3,605,3.3,73,80.9,266,
1800-03-01 13:22:22,188.0,4,0,37.0,1011.2,0.0,0,32,80.6,375,375,21.4,583,3.2,73,75.2,266,
1800-03-01 13:22:24,190.0,4,0,38.0,1011.2,0.0,0,32,80.5,375,375,21.5,587,3.2,73,75.5,266,25.38
1800-03-01 13:22:26,192.0,4,0,38.0,1011.2,0.0,0,32,80.4,375,375,21.4,589,3.2,72,75.5,265,
1800-03-01 13:22:28,194.0,4,0,39.0,1011.1,0.0,0,32,80.2,376,375,20.9,587,3.2,72,73.9,265,
1800-03-01 13:22:30,196.0,4,0,40.0,1011.2,0.0,0,32,80.2,376,375,20.6,585,3.2,71,73.2,265,
1800-03-01 13:22:32,198.0,4,0,40.0,1011.1,0.0,0,32,80.3,376,375,20.7,585,3.2,71,74.5,265,
1800-03-01 13:22:34,200.0,4,0,41.0,1011.2,0.0,0,32,80.3,376,375,20.9,588,3.2,71,74.1,265,25.73
1800-03-01 13:22:36,202.0,4,0,41.0,1011.2,0.0,0,32,81.9,376,375,26.5,596,3.2,70,91.4,265,
1800-03-01 13:22:38,204.0,5,0,42.0,1011.9,0.0,0,32,86.4,383,381,39.2,632,3.5,70,108.4,265,
1800-03-01 13:22:40,206.0,5,0,43.0,1012.4,0.0,0,32,90.6,387,386,57.2,667,3.9,70,138.2,265,
1800-03-01 13:22:42,208.0,5,1,44.0,1012.0,0.0,0,32,93.4,389,387,70.4,709,4.3,70,144.2,265,
1800-03-01 13:22:44,210.0,5,1,45.0,1011.9,0.0,3,32,93.3,393,392,71.9,715,4.4,69,146.6,265,25.81
1800-03-01 13:22:46,212.0,5,1,46.0,1012.0,0.0,3,32,93.0,396,395,67.3,715,4.3,69,139.2,265,
1800-03-01 13:22:48,214.0,5,1,47.0,1012.0,4.0,0,32,93.3,396,396,66.9,718,4.3,69,138.7,265,
1800-03-01 13:22:50,216.0,5,1,50.0,1012.0,6.0,0,32,93.7,396,396,65.6,722,4.3,69,139.7,265,
1800-03-01 13:22:52,218.0,5,1,51.0,1012.1,7.0,1,32,93.4,396,396,67.1,726,4.3,69,138.2,264,
1800-03-01 13:22:54,220.0,5,1,52.0,1011.8,17.0,1,32,93.7,396,396,70.3,729,4.3,69,148.1,264,25.84
1800-03-01 13:22:56,222.0,5,1,53.0,1012.0,20.0,0,32,93.8,397,396,70.3,736,4.3,70,139.7,264,
1800-03-01 13:22:58,224.0,5,1,53.0,1012.1,24.0,0,32,93.4,398,397,71.2,728,4.3,70,145.2,264,
1800-03-01 13:23:00,226.0,5,1,54.0,1011.8,30.0,11,32,93.3,398,397,70.6,735,4.3,71,142.2,264,
1800-03-01 13:23:02,228.0,5,1,54.0,1011.8,30.0,0,32,93.8,397,397,72.6,739,4.3,71,146.6,264,
1800-03-01 13:23:04,230.0,5,1,54.0,1011.9,28.0,0,32,94.2,398,397,72.1,743,4.3,72,145.0,264,25.84
1800-03-01 13:23:06,232.0,5,1,55.0,1011.8,24.0,0,32,93.9,397,397,71.3,740,4.3,72,142.2,264,
1800-03-01 13:23:08,234.0,3,1,56.0,1011.5,19.0,1,32,93.9,397,397,71.0,737,4.3,73,141.7,264,
1800-03-01 13:23:10,236.0,3,1,58.0,1011.5,15.0,16,32,93.7,398,397,72.1,735,4.3,73,145.2,264,
1800-03-01 13:23:12,238.0,3,1,58.0,1011.3,6.0,1,32,93.9,397,397,73.6,741,4.2,74,147.5,264,
1800-03-01 13:23:14,240.0,3,1,58.0,1011.2,2.0,0,32,93.7,398,398,71.8,746,4.2,74,144.8,263,25.84
1800-03-01 13:23:16,242.0,3,1,59.0,1011.0,2.0,0,32,93.2,398,398,69.8,744,4.2,74,139.9,263,
1800-03-01 13:23:18,244.0,3,1,61.0,1011.2,6.0,1,32,93.1,398,398,65.5,742,4.1,74,140.3,263,
1800-03-01 13:23:20,246.0,3,1,64.0,1011.2,15.0,25,32,93.8,397,397,71.0,749,4.1,74,145.7,263,
1800-03-01 13:23:22,248.0,3,1,67.0,1011.0,24.0,40,32,93.4,397,397,68.0,744,4.1,75,139.3,263,
1800-03-01 13:23:24,250.0,3,1,70.0,1010.6,39.0,57,32,93.7,395,395,66.4,745,4.1,75,139.4,263,25.76
1800-03-01 13:23:26,252.0,3,1,72.0,1010.4,52.0,87,32,93.8,392,392,68.6,747,4.1,75,142.1,263,
1800-03-01 13:23:28,254.0,3,1,75.0,1009.9,63.0,90,31,93.7,390,390,67.4,746,4.2,75,138.0,263,
1800-03-01 13:23:30,256.0,3,1,78.0,1009.2,72.0,98,31,93.4,388,388,66.7,743,4.1,75,135.8,263,
1800-03-01 13:23:32,258.0,3,1,83.0,1008.4,76.0,101,31,93.2,386,386,65.5,739,4.1,75,134.5,263,
1800-03-01 13:23:34,260.0,3,1,90.0,1007.5,80.0,111,31,93.1,385,385,65.1,737,4.1,75,133.4,263,25.74
1800-03-01 13:23:36,262.0,6,1,96.0,1006.8,85.0,118,31,92.9,385,385,64.2,734,4.1,75,133.3,263,
1800-03-01 13:23:38,264.0,6,1,102.0,1006.4,89.0,116,31,92.9,385,385,64.1,734,4.1,75,132.0,263,
1800-03-01 13:23:40,266.0,6,1,104.0,1005.6,94.0,122,31,92.8,385,385,64.8,733,4.1,74,134.7,263,
1800-03-01 13:23:42,268.0,6,1,107.0,1004.7,96.0,125,31,93.2,385,385,65.4,737,4.1,74,134.6,263,
1800-03-01 13:23:44,270.0,6,1,114.0,1003.7,96.0,118,31,93.1,386,385,64.9,735,4.1,74,133.1,263,25.94
1800-03-01 13:23:46,272.0,6,1,121.0,1002.6,98.0,122,30,92.9,386,385,64.4,733,4.1,74,132.9,263,
1800-03-01 13:23:48,274.0,6,1,130.0,1001.3,96.0,129,30,92.9,386,385,64.6,733,4.1,73,132.7,263,
1800-03-01 13:23:50,276.0,6,1,139.0,1000.4,96.0,125,30,92.9,385,385,63.5,731,4.1,73,131.7,262,
1800-03-01 13:23:52,278.0,6,1,148.0,1000.0,96.0,125,30,93.1,385,385,64.7,731,4.1,73,133.1,262,
1800-03-01 13:23:54,280.0,6,1,154.0,999.1,98.0,124,30,93.0,386,385,63.8,731,4.1,73,131.4,262,26.05
1800-03-01 13:23:56,282.0,6,1,159.0,998.7,98.0,131,30,93.0,385,385,64.1,730,4.1,73,132.5,262,
1800-03-01 13:23:58,284.0,6,1,162.0,998.2,102.0,127,30,93.0,386,385,63.7,731,4.1,73,130.6,262,
1800-03-01 13:24:00,286.0,6,1,165.0,997.5,104.0,133,30,92.5,385,385,61.9,727,4.1,72,130.4,262,
1800-03-01 13:24:02,288.0,6,1,172.0,996.3,106.0,135,30,92.7,385,385,62.4,727,4.1,72,129.3,262,
1800-03-01 13:24:04,290.0,6,1,179.0,995.5,109.0,140,30,92.6,385,385,61.8,726,4.1,72,129.0,262,25.83
1800-03-01 13:24:06,292.0,6,1,187.0,994.8,109.0,142,29,92.6,386,385,61.4,725,4.1,72,128.1,262,
1800-03-01 13:24:08,294.0,6,1,192.0,993.8,109.0,138,29,92.2,386,385,59.9,722,4.1,72,126.6,262,
1800-03-01 13:24:10,296.0,6,1,200.0,992.8,109.0,142,29,92.5,385,385,61.7,722,4.1,71,128.9,262,
1800-03-01 13:24:12,298.0,6,1,208.0,992.2,107.0,144,29,92.6,386,385,61.3,723,4.1,71,129.3,262,
1800-03-01 13:24:14,300.0,6,1,215.0,991.6,106.0,144,29,92.9,385,385,65.0,726,4.1,71,134.9,262,25.47
1800-03-01 13:24:16,302.0,6,1,223.0,990.7,106.0,144,29,93.4,386,385,65.0,734,4.2,71,133.1,262,
1800-03-01 13:24:18,304.0,6,1,232.0,989.8,104.0,144,29,93.2,386,385,64.0,732,4.2,71,131.0,261,
1800-03-01 13:24:20,306.0,6,1,242.0,989.0,104.0,142,29,93.1,385,385,64.6,730,4.2,70,133.1,261,
1800-03-01 13:24:22,308.0,6,1,251.0,988.3,104.0,142,29,93.2,386,385,64.5,731,4.2,70,132.4,261,
1800-03-01 13:24:24,310.0,6,1,259.0,987.9,106.0,144,29,93.0,386,385,63.4,729,4.2,70,130.2,261,26.95
1800-03-01 13:24:26,312.0,6,1,265.0,987.2,107.0,138,29,93.1,386,385,64.8,729,4.2,70,133.1,261,
1800-03-01 13:24:28,314.0,6,1,272.0,986.6,109.0,144,29,93.3,385,385,64.8,733,4.2,70,132.8,261,
1800-03-01 13:24:30,316.0,6,1,277.0,986.1,111.0,142,28,93.0,385,385,63.8,732,4.2,70,130.9,261,
1800-03-01 13:24:32,318.0,6,1,280.0,985.4,111.0,142,28,93.0,386,385,63.1,730,4.2,69,130.5,261,
1800-03-01 13:24:34,320.0,6,1,286.0,984.2,111.0,144,28,93.2,386,385,63.3,730,4.2,69,130.7,261,26.21
1800-03-01 13:24:36,322.0,6,1,294.0,983.3,111.0,142,28,93.2,386,385,63.7,730,4.2,69,131.7,261,
1800-03-01 13:24:38,324.0,6,1,303.0,982.6,111.0,135,28,93.3,385,385,64.7,731,4.2,69,132.9,261,
1800-03-01 13:24:40,326.0,6,1,308.0,981.8,111.0,138,28,93.4,385,385,65.0,734,4.2,69,132.4,261,
1800-03-01 13:24:42,328.0,6,1,314.0,981.6,111.0,138,28,93.4,385,385,65.2,734,4.2,69,132.0,261,
1800-03-01 13:24:44,330.0,6,1,321.0,980.8,111.0,140,28,93.2,386,385,63.9,731,4.2,69,130.0,260,25.76
1800-03-01 13:24:46,332.0,6,1,328.0,980.1,109.0,142,28,92.8,386,385,62.4,727,4.2,69,129.1,260,
1800-03-01 13:24:48,334.0,6,1,337.0,979.0,107.0,142,28,93.2,386,385,63.8,729,4.2,68,130.9,260,
1800-03-01 13:24:50,336.0,6,1,346.0,978.3,107.0,144,28,93.1,385,385,63.3,730,4.2,68,128.9,260,
1800-03-01 13:24:52,338.0,6,1,354.0,977.5,109.0,146,28,92.8,386,385,61.9,726,4.2,68,127.9,260,
1800-03-01 13:24:54,340.0,6,1,360.0,976.8,109.0,148,28,92.7,386,385,61.9,724,4.2,68,127.6,260,25.83
1800-03-01 13:24:56,342.0,6,1,365.0,976.3,111.0,150,28,92.7,386,385,61.2,723,4.2,68,126.2,260,
1800-03-01 13:24:58,344.0,6,1,371.0,975.8,113.0,148,28,92.6,386,385,61.5,723,4.2,68,127.0,260,
1800-03-01 13:25:00,346.0,6,1,377.0,975.0,113.0,151,27,92.6,386,386,61.0,722,4.2,68,126.6,260,
1800-03-01 13:25:02,348.0,6,1,383.0,974.5,113.0,151,27,92.7,386,385,61.1,722,4.2,68,126.7,260,
1800-03-01 13:25:04,350.0,6,1,389.0,973.9,113.0,151,27,92.8,386,385,61.8,722,4.2,68,127.5,260,25.83
1800-03-01 13:25:06,352.0,6,1,395.0,973.3,115.0,153,27,92.8,386,386,61.3,721,4.2,68,126.2,260,
1800-03-01 13:25:08,354.0,6,1,401.0,972.5,117.0,155,27,92.7,386,386,61.2,720,4.2,68,126.6,260,
1800-03-01 13:25:10,356.0,6,1,406.0,972.4,119.0,159,27,92.7,386,385,61.1,720,4.2,67,125.5,259,
1800-03-01 13:25:12,358.0,6,1,410.0,972.1,119.0,151,27,92.6,386,386,60.5,718,4.2,67,125.1,259,
1800-03-01 13:25:14,360.0,6,1,411.0,971.8,117.0,155,27,92.5,386,386,60.1,716,4.2,67,124.3,259,26.61
1800-03-01 13:25:16,362.0,6,1,411.0,971.6,117.0,148,27,92.3,386,386,59.4,716,4.2,67,122.6,259,
1800-03-01 13:25:18,364.0,7,1,412.0,970.5,119.0,148,27,91.9,385,385,59.6,711,4.1,67,126.2,259,
1800-03-01 13:25:20,366.0,7,1,417.0,970.2,119.0,150,27,92.6,386,385,60.6,718,4.2,67,125.3,259,
1800-03-01 13:25:22,368.0,7,1,420.0,970.0,119.0,151,27,92.3,386,386,59.3,715,4.2,67,123.7,259,
1800-03-01 13:25:24,370.0,7,1,421.0,969.6,119.0,155,27,92.5,386,385,60.5,715,4.2,67,125.5,259,25.54
1800-03-01 13:25:26,372.0,7,1,423.0,969.4,119.0,155,27,92.3,386,386,59.5,715,4.2,67,123.3,259,
1800-03-01 13:25:28,374.0,7,1,424.0,969.0,119.0,150,27,92.2,385,386,59.1,713,4.2,66,124.5,259,
1800-03-01 13:25:30,376.0,7,1,426.0,969.0,119.0,148,27,92.7,386,385,61.3,716,4.2,66,125.8,259,
1800-03-01 13:25:32,378.0,7,1,427.0,968.9,119.0,148,27,91.9,387,386,56.9,711,4.1,66,118.8,259,
1800-03-01 13:25:34,380.0,7,1,428.0,968.1,120.0,150,27,92.1,386,385,59.6,708,4.1,66,126.7,259,25.62
1800-03-01 13:25:36,382.0,7,1,430.0,967.9,120.0,150,27,92.8,386,385,61.4,717,4.2,66,126.5,259,
1800-03-01 13:25:38,384.0,7,1,433.0,967.7,120.0,153,27,92.8,386,386,61.4,719,4.2,66,126.8,258,
1800-03-01 13:25:40,386.0,7,1,435.0,967.5,120.0,157,27,92.7,386,386,60.9,719,4.2,66,125.7,258,
1800-03-01 13:25:42,388.0,7,1,437.0,967.2,120.0,155,27,92.8,386,386,61.6,719,4.2,66,127.1,258,
1800-03-01 13:25:44,390.0,7,1,439.0,966.9,120.0,153,26,93.0,386,386,62.0,721,4.2,66,126.7,258,27.03
1800-03-01 13:25:46,392.0,7,1,441.0,966.7,120.0,153,27,92.7,386,386,60.5,719,4.2,66,124.6,258,
1800-03-01 13:25:48,394.0,7,1,443.0,966.0,120.0,153,27,92.2,386,386,59.1,714,4.2,66,123.1,258,
1800-03-01 13:25:50,396.0,7,1,447.0,965.1,120.0,155,26,92.6,386,386,60.2,715,4.2,66,125.2,258,
1800-03-01 13:25:52,398.0,7,1,453.0,964.4,120.0,155,27,92.5,386,386,59.9,716,4.2,65,123.6,258,
1800-03-01 13:25:54,400.0,7,1,460.0,963.6,122.0,159,27,92.5,386,386,59.7,716,4.2,65,124.1,258,25.09
1800-03-01 13:25:56,402.0,7,1,466.0,963.4,122.0,159,27,92.3,386,386,59.0,716,4.2,65,122.0,258,
1800-03-01 13:25:58,404.0,7,1,471.0,962.6,122.0,155,27,92.1,386,386,58.5,712,4.2,65,123.9,258,
1800-03-01 13:26:00,406.0,7,1,478.0,961.8,124.0,155,27,92.7,386,386,60.4,716,4.2,65,124.5,258,
1800-03-01 13:26:02,408.0,7,1,485.0,961.3,124.0,153,27,92.5,386,386,60.3,717,4.2,65,125.3,258,
1800-03-01 13:26:04,410.0,7,1,492.0,961.0,126.0,157,27,92.7,386,386,60.3,718,4.2,65,124.2,257,26.69
1800-03-01 13:26:06,412.0,7,1,498.0,960.5,126.0,155,27,92.4,386,386,59.6,716,4.2,65,123.4,257,
1800-03-01 13:26:08,414.0,7,1,503.0,960.3,126.0,155,27,92.6,386,386,60.5,717,4.2,65,124.3,257,
1800-03-01 13:26:10,416.0,7,1,506.0,959.9,126.0,161,27,92.6,386,386,60.6,716,4.2,65,125.2,257,
1800-03-01 13:26:12,418.0,7,1,507.0,959.9,126.0,155,27,92.4,387,386,59.1,714,4.2,65,122.2,257,
1800-03-01 13:26:14,420.0,7,1,508.0,959.5,124.0,151,26,92.4,386,386,60.1,713,4.2,65,125.3,257,25.73
1800-03-01 13:26:16,422.0,7,1,512.0,959.1,124.0,148,26,92.8,386,386,61.3,718,4.3,65,125.7,257,
1800-03-01 13:26:18,424.0,7,1,516.0,958.4,124.0,148,26,92.8,386,386,61.6,719,4.3,65,126.5,257,
1800-03-01 13:26:20,426.0,7,1,520.0,958.1,124.0,144,26,93.1,386,386,62.7,721,4.3,64,127.6,257,
1800-03-01 13:26:22,428.0,7,1,525.0,957.6,124.0,148,26,93.0,386,386,62.2,722,4.3,64,126.3,257,
1800-03-01 13:26:24,430.0,7,1,528.0,957.3,126.0,148,26,93.0,386,386,61.7,721,4.2,64,126.5,257,25.73
1800-03-01 13:26:26,432.0,7,1,530.0,956.9,126.0,146,26,92.7,386,386,61.5,719,4.2,64,125.2,257,
1800-03-01 13:26:28,434.0,7,1,532.0,956.3,128.0,151,26,92.8,386,386,61.8,719,4.2,64,126.3,256,
1800-03-01 13:26:30,436.0,7,1,536.0,956.1,128.0,151,26,92.9,386,386,61.8,721,4.3,64,126.2,256,
1800-03-01 13:26:32,438.0,7,1,539.0,955.9,128.0,153,26,92.9,386,386,61.3,721,4.3,64,124.8,256,
1800-03-01 13:26:34,440.0,7,1,542.0,955.9,130.0,151,26,92.7,386,386,61.3,719,4.3,64,126.2,256,26.15
1800-03-01 13:26:36,442.0,7,1,542.0,955.6,130.0,150,26,92.9,387,386,61.5,721,4.3,64,125.1,256,
1800-03-01 13:26:38,444.0,7,1,542.0,955.2,130.0,155,26,92.8,386,386,60.9,719,4.3,64,124.5,256,
1800-03-01 13:26:40,446.0,7,1,544.0,954.9,131.0,161,26,92.7,387,386,60.0,718,4.2,64,123.6,256,
1800-03-01 13:26:42,448.0,7,1,546.0,954.8,131.0,161,26,92.5,387,386,59.8,717,4.2,64,123.1,256,
1800-03-01 13:26:44,450.0,7,1,547.0,954.4,131.0,164,26,92.4,386,386,59.2,715,4.2,64,123.0,256,25.07
1800-03-01 13:26:46,452.0,7,1,549.0,954.2,131.0,164,26,92.4,386,386,59.7,716,4.2,64,122.0,256,
1800-03-01 13:26:48,454.0,7,1,550.0,954.1,130.0,166,26,92.3,387,386,58.6,713,4.2,64,122.2,256,
1800-03-01 13:26:50,456.0,7,1,551.0,953.6,130.0,166,26,92.4,387,386,58.6,714,4.2,64,121.9,256,
1800-03-01 13:26:52,458.0,7,1,552.0,953.3,130.0,164,26,92.4,387,386,58.8,714,4.2,64,122.6,256,
1800-03-01 13:26:54,460.0,7,1,553.0,953.2,130.0,166,26,92.5,387,386,59.0,714,4.2,64,122.7,256,25.86
1800-03-01 13:26:56,462.0,7,1,554.0,953.1,128.0,164,26,92.5,387,386,58.9,716,4.2,64,122.5,255,
1800-03-01 13:26:58,464.0,7,1,556.0,953.0,128.0,159,26,92.2,387,386,58.1,712,4.2,64,120.6,255,
1800-03-01 13:27:00,466.0,7,1,559.0,952.6,126.0,164,26,92.4,387,386,59.3,711,4.2,63,123.2,255,
1800-03-01 13:27:02,468.0,7,1,562.0,952.7,124.0,166,26,92.3,387,386,58.1,710,4.2,63,120.4,255,
1800-03-01 13:27:04,470.0,7,1,563.0,952.7,122.0,161,26,92.2,387,387,58.1,709,4.2,63,120.1,255,26.17
1800-03-01 13:27:06,472.0,7,1,564.0,952.6,122.0,164,26,92.0,387,387,56.6,706,4.2,63,118.4,255,
1800-03-01 13:27:08,474.0,7,1,566.0,952.4,120.0,162,26,91.4,388,387,54.7,700,4.2,63,116.1,255,
1800-03-01 13:27:10,476.0,7,1,569.0,951.9,120.0,162,26,91.6,387,387,55.6,700,4.2,63,118.7,255,
1800-03-01 13:27:12,478.0,7,1,573.0,951.7,120.0,164,26,91.8,387,387,55.6,702,4.2,63,117.2,255,
1800-03-01 13:27:14,480.0,7,1,576.0,951.5,120.0,162,26,91.4,387,387,55.0,701,4.2,63,116.6,255,26.0
1800-03-01 13:27:16,482.0,7,1,579.0,951.3,120.0,157,26,91.5,387,387,55.4,701,4.2,63,116.5,255,
1800-03-01 13:27:18,484.0,7,1,581.0,951.0,120.0,151,26,91.2,387,386,53.7,697,4.2,63,115.6,255,
1800-03-01 13:27:20,486.0,7,1,585.0,950.9,122.0,153,26,91.4,387,387,54.6,698,4.2,63,116.5,255,
1800-03-01 13:27:22,488.0,7,1,587.0,951.0,124.0,157,26,90.7,387,387,50.8,691,4.1,63,109.9,255,
1800-03-01 13:27:24,490.0,7,1,587.0,950.9,130.0,157,25,90.5,386,386,52.2,686,4.1,63,114.2,255,25.24
1800-03-01 13:27:26,492.0,7,1,585.0,951.1,131.0,164,25,90.6,387,386,51.1,687,4.1,63,110.5,255,
1800-03-01 13:27:28,494.0,7,1,583.0,951.6,135.0,166,25,90.1,387,387,48.5,681,4.1,63,107.5,254,
1800-03-01 13:27:30,496.0,7,1,580.0,951.8,135.0,170,25,90.0,387,387,49.2,678,4.1,63,110.7,254,
1800-03-01 13:27:32,498.0,7,1,577.0,952.2,133.0,166,25,90.3,387,387,48.9,681,4.1,63,109.8,254,
1800-03-01 13:27:34,500.0,7,1,573.0,952.4,131.0,166,25,90.6,387,387,50.5,683,4.1,62,111.6,254,26.58
1800-03-01 13:27:36,502.0,7,1,570.0,952.6,130.0,164,25,90.5,388,387,50.1,684,4.1,62,110.5,254,
1800-03-01 13:27:38,504.0,7,1,567.0,952.8,126.0,166,25,90.4,388,387,49.5,682,4.1,62,110.4,254,
1800-03-01 13:27:40,506.0,7,1,566.0,952.7,124.0,166,25,90.4,387,387,50.4,682,4.1,62,112.3,254,
1800-03-01 13:27:42,508.0,7,1,566.0,952.6,120.0,161,25,90.7,387,387,50.6,685,4.1,62,111.6,254,
1800-03-01 13:27:44,510.0,7,1,566.0,952.6,119.0,159,25,90.8,387,387,51.5,685,4.1,62,113.4,254,25.96
1800-03-01 13:27:46,512.0,7,1,566.0,952.6,115.0,159,26,90.9,388,387,51.9,689,4.2,62,113.8,254,
1800-03-01 13:27:48,514.0,7,1,567.0,952.4,113.0,157,26,90.9,387,387,52.5,689,4.2,62,114.3,254,
1800-03-01 13:27:50,516.0,6,1,568.0,952.2,113.0,155,26,91.1,387,387,52.5,689,4.2,62,113.3,254,
1800-03-01 13:27:52,518.0,6,1,569.0,952.2,111.0,153,26,91.1,387,387,52.6,688,4.2,62,113.9,254,
1800-03-01 13:27:54,520.0,6,1,570.0,952.3,109.0,150,26,90.9,387,386,52.6,687,4.2,62,114.8,253,25.98
1800-03-01 13:27:56,522.0,6,1,571.0,952.3,107.0,153,25,91.0,387,386,53.4,689,4.2,62,113.8,253,
1800-03-01 13:27:58,524.0,6,1,571.0,952.1,107.0,153,25,90.9,387,387,52.3,687,4.2,62,113.9,253,
1800-03-01 13:28:00,526.0,6,1,572.0,952.0,107.0,148,25,91.2,387,386,54.0,689,4.2,62,115.6,253,
1800-03-01 13:28:02,528.0,6,1,573.0,951.9,104.0,146,25,90.9,387,387,52.7,689,4.2,62,114.0,253,
1800-03-01 13:28:04,530.0,6,1,574.0,951.6,104.0,142,25,91.2,387,386,54.3,690,4.2,62,116.6,253,26.13
1800-03-01 13:28:06,532.0,6,1,577.0,951.3,104.0,140,25,91.4,386,386,54.9,694,4.2,62,117.8,253,
1800-03-01 13:28:08,534.0,6,1,580.0,951.2,106.0,140,25,91.1,386,386,54.3,694,4.2,62,114.0,253,
1800-03-01 13:28:10,536.0,6,1,585.0,950.4,106.0,146,25,90.7,387,387,51.3,687,4.2,62,112.5,253,
1800-03-01 13:28:12,538.0,6,1,592.0,949.7,106.0,144,25,90.8,387,386,52.6,687,4.2,62,114.2,253,
1800-03-01 13:28:14,540.0,6,1,599.0,949.3,106.0,138,25,91.0,387,386,53.6,690,4.2,62,115.4,253,25.42
1800-03-01 13:28:16,542.0,6,1,605.0,949.0,107.0,137,25,91.2,387,386,54.0,692,4.2,62,115.1,252,
1800-03-01 13:28:18,544.0,6,1,608.0,948.6,109.0,140,25,90.9,387,386,52.9,690,4.2,62,113.9,252,
1800-03-01 13:28:20,546.0,6,1,611.0,948.4,113.0,144,25,91.1,387,386,53.8,690,4.2,62,115.7,252,
1800-03-01 13:28:22,548.0,6,1,613.0,948.3,113.0,146,25,91.2,387,386,53.9,692,4.2,62,115.1,252,
1800-03-01 13:28:24,550.0,6,1,614.0,948.3,115.0,150,25,91.3,387,386,54.5,692,4.2,62,117.2,252,26.14
1800-03-01 13:28:26,552.0,6,1,613.0,948.3,115.0,153,25,91.5,387,386,55.0,696,4.2,62,116.4,252,
1800-03-01 13:28:28,554.0,6,1,612.0,948.4,115.0,153,25,91.5,387,386,55.4,696,4.2,62,118.1,252,
1800-03-01 13:28:30,556.0,6,1,610.0,948.6,115.0,153,25,91.5,387,386,55.2,697,4.2,62,116.6,252,
1800-03-01 13:28:32,558.0,6,1,609.0,948.8,111.0,151,25,91.4,387,386,55.4,696,4.2,62,117.9,252,
1800-03-01 13:28:34,560.0,6,1,608.0,948.8,109.0,150,25,91.6,387,387,55.4,698,4.2,62,117.7,252,25.78
1800-03-01 13:28:36,562.0,6,1,608.0,948.6,107.0,148,25,91.8,387,386,56.1,699,4.2,62,118.6,252,
1800-03-01 13:28:38,564.0,6,1,609.0,948.6,106.0,144,25,91.7,387,386,56.1,699,4.2,62,117.8,252,
1800-03-01 13:28:40,566.0,6,1,609.0,948.6,104.0,142,25,91.7,387,387,55.7,698,4.2,62,117.4,251,
1800-03-01 13:28:42,568.0,6,1,610.0,948.3,104.0,140,25,91.7,387,386,56.3,698,4.2,62,118.6,251,
1800-03-01 13:28:44,570.0,6,1,610.0,948.3,104.0,144,25,91.8,387,386,56.2,699,4.2,62,117.7,251,26.01
1800-03-01 13:28:46,572.0,6,1,610.0,948.2,104.0,142,25,91.5,387,386,55.1,696,4.2,62,116.5,251,
1800-03-01 13:28:48,574.0,6,1,610.0,947.8,106.0,146,25,91.5,387,386,55.4,697,4.2,62,116.2,251,
1800-03-01 13:28:50,576.0,6,1,611.0,947.2,106.0,142,25,91.4,386,386,55.3,695,4.2,62,118.2,251,
1800-03-01 13:28:52,578.0,6,1,613.0,947.0,106.0,146,25,91.6,386,386,55.7,698,4.2,62,117.6,251,
1800-03-01 13:28:54,580.0,6,1,616.0,946.7,109.0,146,25,91.6,386,386,56.3,699,4.2,62,117.2,251,26.36
1800-03-01 13:28:56,582.0,6,1,619.0,946.2,111.0,144,25,91.0,387,387,53.1,693,4.2,62,113.3,251,
1800-03-01 13:28:58,584.0,6,1,621.0,945.8,113.0,144,25,91.0,386,386,54.4,691,4.2,62,116.3,251,
1800-03-01 13:29:00,586.0,6,1,626.0,945.5,115.0,150,25,91.1,387,386,53.1,693,4.2,62,112.7,251,
1800-03-01 13:29:02,588.0,6,1,630.0,944.8,115.0,150,25,90.6,387,386,51.2,688,4.1,62,111.8,251,
1800-03-01 13:29:04,590.0,6,1,636.0,944.4,117.0,151,25,90.9,387,386,51.8,689,4.2,62,111.8,251,25.91
1800-03-01 13:29:06,592.0,6,1,640.0,944.2,117.0,153,25,90.7,387,387,51.4,688,4.2,62,112.0,251,
1800-03-01 13:29:08,594.0,6,1,644.0,943.7,119.0,153,25,90.8,387,386,52.3,688,4.2,62,113.4,251,
1800-03-01 13:29:10,596.0,6,1,646.0,943.7,120.0,161,25,90.8,387,386,51.6,688,4.2,62,111.1,251,
1800-03-01 13:29:12,598.0,6,1,648.0,943.6,115.0,159,25,90.5,388,387,50.4,685,4.1,62,110.3,250,
1800-03-01 13:29:14,600.0,6,1,650.0,943.4,113.0,157,25,90.6,387,387,51.6,685,4.1,62,112.9,250,26.08
1800-03-01 13:29:16,602.0,6,1,652.0,943.2,111.0,155,25,90.9,387,387,52.6,688,4.2,62,113.3,250,
1800-03-01 13:29:18,604.0,6,1,655.0,943.2,109.0,153,25,90.6,387,387,50.6,684,4.1,62,110.4,250,
1800-03-01 13:29:20,606.0,6,1,656.0,943.1,107.0,148,25,90.8,387,387,51.9,685,4.2,62,112.5,250,
1800-03-01 13:29:22,608.0,6,1,659.0,943.2,104.0,148,25,90.9,387,387,51.9,687,4.2,62,111.7,250,
1800-03-01 13:29:24,610.0,6,1,660.0,943.1,104.0,146,25,90.8,387,387,51.6,685,4.2,62,112.4,250,25.42
1800-03-01 13:29:26,612.0,6,1,659.0,943.2,106.0,142,25,91.0,387,387,53.2,687,4.2,62,114.8,250,
1800-03-01 13:29:28,614.0,6,1,659.0,943.1,107.0,144,25,91.4,387,387,55.1,692,4.2,62,117.9,250,
1800-03-01 13:29:30,616.0,3,1,658.0,942.9,111.0,146,25,92.1,387,386,59.5,699,4.2,62,124.2,250,
1800-03-01 13:29:32,618.0,3,1,659.0,943.0,111.0,148,25,92.9,387,386,61.2,709,4.3,62,124.7,250,
1800-03-01 13:29:34,620.0,3,1,657.0,943.3,117.0,148,25,92.8,387,386,60.5,712,4.3,62,123.6,249,25.8
1800-03-01 13:29:36,622.0,3,1,657.0,943.1,119.0,148,25,92.8,387,386,62.4,714,4.3,62,127.6,249,
1800-03-01 13:29:38,624.0,3,1,657.0,943.0,120.0,150,25,92.9,387,386,61.6,716,4.3,62,124.5,249,
1800-03-01 13:29:40,626.0,3,1,658.0,942.6,120.0,151,25,93.1,387,386,62.8,716,4.3,62,127.6,249,
1800-03-01 13:29:42,628.0,3,1,659.0,942.5,122.0,153,25,93.0,387,386,61.6,719,4.3,62,124.8,249,
1800-03-01 13:29:44,630.0,3,1,660.0,942.3,122.0,157,25,92.9,387,387,61.0,719,4.3,62,124.0,249,26.23
1800-03-01 13:29:46,632.0,3,1,661.0,941.8,122.0,157,25,92.5,387,387,59.6,714,4.3,62,121.5,249,
1800-03-01 13:29:48,634.0,3,1,664.0,941.4,120.0,150,25,92.6,386,386,60.9,713,4.3,62,124.8,249,
1800-03-01 13:29:50,636.0,3,1,669.0,940.9,120.0,153,25,92.5,387,386,59.7,715,4.3,62,122.2,249,
1800-03-01 13:29:52,638.0,3,1,672.0,940.9,120.0,153,25,92.5,387,386,59.2,714,4.3,62,120.9,249,
1800-03-01 13:29:54,640.0,3,1,675.0,940.5,122.0,151,25,92.2,387,386,58.7,710,4.3,62,122.1,249,25.91
1800-03-01 13:29:56,642.0,6,1,677.0,940.4,122.0,148,25,92.1,387,386,58.3,710,4.3,61,119.7,249,
1800-03-01 13:29:58,644.0,6,1,680.0,940.3,122.0,144,25,92.2,387,386,59.0,710,4.3,61,121.3,248,
1800-03-01 13:30:00,646.0,6,1,683.0,939.7,124.0,146,25,92.2,387,387,58.7,710,4.3,61,121.2,248,
1800-03-01 13:30:02,648.0,6,1,685.0,939.6,124.0,153,25,92.2,387,386,58.5,710,4.3,61,119.3,248,
1800-03-01 13:30:04,650.0,6,1,686.0,939.4,130.0,157,25,91.8,387,387,55.9,703,4.3,61,117.4,248,26.07
1800-03-01 13:30:06,652.0,6,1,687.0,939.4,130.0,153,25,92.0,387,386,57.5,705,4.3,61,118.8,248,
1800-03-01 13:30:08,654.0,6,1,691.0,939.1,130.0,146,25,91.8,387,386,57.6,703,4.2,61,120.0,248,
1800-03-01 13:30:10,656.0,6,1,697.0,938.8,130.0,144,24,92.0,387,386,57.5,706,4.3,61,119.2,248,
1800-03-01 13:30:12,658.0,6,1,702.0,938.5,130.0,146,24,92.3,387,386,58.6,708,4.3,61,120.2,248,
1800-03-01 13:30:14,660.0,6,1,705.0,938.4,128.0,148,24,92.3,387,386,58.5,709,4.3,61,120.7,248,24.97
1800-03-01 13:30:16,662.0,6,1,705.0,938.2,126.0,148,24,92.1,387,387,57.7,709,4.3,61,119.6,248,
1800-03-01 13:30:18,664.0,6,1,707.0,937.9,124.0,148,25,92.0,387,387,57.4,707,4.3,61,119.8,248,
1800-03-01 13:30:20,666.0,6,1,708.0,937.5,124.0,151,25,92.2,387,387,58.1,709,4.3,61,119.4,248,
1800-03-01 13:30:22,668.0,6,1,709.0,937.3,122.0,150,25,92.2,387,387,58.6,709,4.3,61,121.4,247,
1800-03-01 13:30:24,670.0,6,1,710.0,936.9,122.0,151,25,92.5,387,386,59.6,712,4.3,61,122.3,247,27.2
1800-03-01 13:30:26,672.0,6,1,713.0,936.7,122.0,150,25,92.4,387,387,59.4,713,4.3,61,121.7,247,
1800-03-01 13:30:28,674.0,6,1,716.0,936.2,120.0,150,25,92.2,387,387,58.7,711,4.3,61,121.0,247,
1800-03-01 13:30:30,676.0,6,1,719.0,936.0,119.0,155,25,92.5,387,386,59.3,714,4.3,61,121.1,247,
1800-03-01 13:30:32,678.0,6,1,724.0,935.6,115.0,150,25,91.5,387,387,55.5,706,4.2,61,116.4,247,
1800-03-01 13:30:34,680.0,6,1,729.0,935.1,111.0,148,25,92.2,387,387,58.6,707,4.3,61,120.9,247,26.05
1800-03-01 13:30:36,682.0,6,1,736.0,934.5,107.0,142,25,92.2,387,387,57.9,709,4.3,61,119.0,247,
1800-03-01 13:30:38,684.0,6,1,741.0,933.9,104.0,133,25,92.3,387,387,58.2,709,4.3,61,120.4,247,
1800-03-01 13:30:40,686.0,6,1,747.0,933.1,102.0,129,25,92.4,387,387,59.7,711,4.3,61,121.9,247,
1800-03-01 13:30:42,688.0,6,1,753.0,932.5,102.0,127,25,92.6,387,386,60.3,714,4.3,61,122.8,247,
1800-03-01 13:30:44,690.0,6,1,760.0,931.8,102.0,129,25,92.5,387,387,59.1,714,4.3,61,120.8,247,25.91
1800-03-01 13:30:46,692.0,6,1,766.0,931.2,102.0,127,25,92.5,387,386,60.1,713,4.3,61,122.8,246,
1800-03-01 13:30:48,694.0,6,1,772.0,930.3,102.0,129,25,92.8,387,386,61.0,718,4.3,61,123.9,246,
1800-03-01 13:30:50,696.0,6,1,779.0,929.8,102.0,133,25,92.7,387,386,60.5,720,4.3,61,121.9,246,
1800-03-01 13:30:52,698.0,6,1,785.0,929.1,102.0,129,25,92.6,387,387,60.7,719,4.3,61,123.6,246,
1800-03-01 13:30:54,700.0,6,1,790.0,928.5,104.0,131,25,92.9,387,386,61.1,721,4.3,61,122.9,246,26.28
1800-03-01 13:30:56,702.0,6,1,795.0,927.8,104.0,133,25,92.7,387,387,59.5,719,4.3,62,120.6,246,
1800-03-01 13:30:58,704.0,6,1,801.0,926.9,102.0,129,25,92.5,387,387,59.8,718,4.3,62,122.0,246,
1800-03-01 13:31:00,706.0,6,1,809.0,926.0,102.0,129,25,92.8,386,386,60.6,721,4.3,62,123.6,246,
1800-03-01 13:31:02,708.0,6,1,818.0,925.3,102.0,125,25,93.0,386,386,62.0,723,4.3,62,123.8,246,
1800-03-01 13:31:04,710.0,6,1,826.0,924.8,102.0,125,25,92.8,387,387,60.7,723,4.3,62,122.8,246,26.11
1800-03-01 13:31:06,712.0,6,1,832.0,924.3,102.0,131,25,93.0,387,387,60.8,724,4.3,62,121.9,246,
1800-03-01 13:31:08,714.0,6,1,837.0,923.7,104.0,133,25,92.7,387,387,60.0,720,4.3,62,121.9,245,
1800-03-01 13:31:10,716.0,6,1,842.0,923.0,106.0,129,25,92.9,387,386,61.0,722,4.3,62,122.5,245,
1800-03-01 13:31:12,718.0,6,1,848.0,922.2,106.0,131,25,92.9,387,386,60.8,722,4.3,62,123.4,245,
1800-03-01 13:31:14,720.0,6,1,854.0,921.9,107.0,131,25,92.9,387,386,61.1,725,4.3,62,121.7,245,25.95
1800-03-01 13:31:16,722.0,6,1,860.0,921.4,107.0,133,25,92.7,387,387,59.7,721,4.3,62,120.7,245,
1800-03-01 13:31:18,724.0,6,1,865.0,920.7,107.0,135,25,92.5,387,387,58.2,718,4.3,62,119.0,245,
1800-03-01 13:31:20,726.0,6,1,871.0,920.1,107.0,137,25,92.7,387,387,59.7,718,4.3,62,120.9,245,
1800-03-01 13:31:22,728.0,6,1,875.0,919.7,109.0,140,25,92.7,387,387,59.3,719,4.3,62,121.1,245,
1800-03-01 13:31:24,730.0,6,1,879.0,919.3,111.0,140,25,92.5,387,387,58.3,717,4.3,62,118.6,245,26.22
1800-03-01 13:31:26,732.0,6,1,883.0,918.3,111.0,144,25,92.5,387,387,60.1,717,4.3,63,123.7,245,
1800-03-01 13:31:28,734.0,6,1,888.0,917.4,111.0,148,25,93.3,387,387,61.7,727,4.3,63,123.2,245,
1800-03-01 13:31:30,736.0,6,1,894.0,917.1,111.0,150,25,93.1,387,387,61.1,728,4.3,63,122.6,245,
1800-03-01 13:31:32,738.0,6,1,900.0,916.4,111.0,146,25,93.0,387,387,61.3,727,4.3,63,123.3,245,
1800-03-01 13:31:34,740.0,6,1,905.0,915.9,109.0,146,25,93.0,388,387,60.6,725,4.3,63,121.8,245,26.04
1800-03-01 13:31:36,742.0,6,1,910.0,915.4,107.0,142,25,93.1,387,386,62.4,725,4.3,63,125.3,245,
1800-03-01 13:31:38,744.0,6,1,917.0,914.9,107.0,144,25,93.1,388,387,60.7,727,4.3,63,121.7,244,
1800-03-01 13:31:40,746.0,6,1,925.0,914.3,107.0,138,25,93.1,387,387,62.9,727,4.3,63,126.7,244,
1800-03-01 13:31:42,748.0,6,1,931.0,913.8,106.0,138,25,93.1,388,387,61.5,729,4.3,63,122.5,244,
1800-03-01 13:31:44,750.0,6,1,937.0,913.0,106.0,137,25,93.1,387,387,61.4,729,4.3,63,124.0,244,26.21
1800-03-01 13:31:46,752.0,6,1,943.0,912.1,106.0,135,25,93.4,387,387,62.4,732,4.3,63,124.8,244,
1800-03-01 13:31:48,754.0,6,1,952.0,910.8,106.0,135,25,93.7,387,387,63.3,734,4.3,63,125.8,244,
1800-03-01 13:31:50,756.0,6,1,961.0,910.2,106.0,137,25,93.4,387,387,62.0,733,4.3,63,123.9,244,
1800-03-01 13:31:52,758.0,6,1,970.0,909.6,106.0,131,25,93.4,387,387,62.4,733,4.3,63,123.6,244,
1800-03-01 13:31:54,760.0,6,1,980.0,908.8,104.0,133,25,93.4,387,387,61.9,732,4.3,63,123.1,244,25.66
1800-03-01 13:31:56,762.0,6,1,989.0,907.7,104.0,135,25,93.0,388,387,60.5,728,4.3,63,121.5,244,
1800-03-01 13:31:58,764.0,6,1,998.0,906.3,102.0,138,25,93.2,388,387,61.1,729,4.3,63,121.8,243,
1800-03-01 13:32:00,766.0,6,1,1008.0,905.5,102.0,135,24,93.2,388,387,61.3,728,4.3,63,121.9,243,
1800-03-01 13:32:02,768.0,6,1,1016.0,904.9,100.0,137,24,93.2,388,387,61.0,729,4.3,63,121.5,243,
1800-03-01 13:32:04,770.0,6,1,1024.0,904.3,100.0,138,24,93.1,387,387,60.7,726,4.3,63,121.9,243,26.85
1800-03-01 13:32:06,772.0,6,1,1031.0,903.7,100.0,138,24,92.8,387,387,60.4,724,4.3,63,121.3,243,
1800-03-01 13:32:08,774.0,6,1,1036.0,903.1,100.0,140,24,93.3,388,387,61.7,728,4.3,63,122.7,243,
1800-03-01 13:32:10,776.0,6,1,1041.0,902.9,102.0,137,24,93.4,387,387,61.8,731,4.3,63,122.8,243,
1800-03-01 13:32:12,778.0,6,1,1044.0,902.7,100.0,135,24,93.1,387,387,60.9,729,4.3,63,122.5,243,
1800-03-01 13:32:14,780.0,6,1,1047.0,902.1,98.0,135,24,93.3,388,387,61.4,731,4.3,63,122.3,243,25.55
1800-03-01 13:32:16,782.0,6,1,1051.0,901.6,96.0,137,23,93.3,388,387,61.3,730,4.3,63,122.2,243,
1800-03-01 13:32:18,784.0,6,1,1055.0,900.9,94.0,133,23,93.0,387,387,60.8,727,4.3,63,122.0,243,
1800-03-01 13:32:20,786.0,6,1,1061.0,900.7,93.0,129,23,93.4,388,387,61.9,730,4.3,63,122.8,242,
1800-03-01 13:32:22,788.0,6,1,1066.0,900.1,91.0,125,23,93.4,388,387,61.6,732,4.3,63,122.6,242,
1800-03-01 13:32:24,790.0,6,1,1071.0,899.4,89.0,125,24,93.4,388,387,61.6,733,4.3,63,122.8,242,26.4
1800-03-01 13:32:26,792.0,6,1,1078.0,898.6,89.0,120,24,93.4,388,387,61.8,733,4.3,63,122.9,242,
1800-03-01 13:32:28,794.0,6,1,1084.0,898.1,89.0,118,24,93.5,387,387,62.3,733,4.3,63,123.4,242,
1800-03-01 13:32:30,796.0,6,1,1091.0,897.9,91.0,120,24,93.5,387,387,62.2,734,4.3,63,122.9,242,
1800-03-01 13:32:32,798.0,6,1,1094.0,897.6,91.0,125,24,93.3,388,387,61.2,731,4.3,63,121.2,242,
1800-03-01 13:32:34,800.0,6,1,1097.0,897.6,93.0,125,24,93.2,388,387,60.7,730,4.3,63,120.8,242,26.15
1800-03-01 13:32:36,802.0,6,1,1099.0,897.5,94.0,127,24,93.2,388,387,61.6,729,4.3,63,122.8,242,
1800-03-01 13:32:38,804.0,6,1,1100.0,897.5,96.0,131,24,93.4,388,387,61.3,732,4.3,63,121.8,242,
1800-03-01 13:32:40,806.0,6,1,1101.0,897.2,96.0,131,24,93.4,388,387,61.9,732,4.3,63,123.7,242,
1800-03-01 13:32:42,808.0,6,1,1102.0,897.1,98.0,133,24,93.6,388,387,62.1,734,4.3,63,123.0,242,
1800-03-01 13:32:44,810.0,6,1,1104.0,896.9,98.0,133,24,93.5,387,387,62.7,734,4.3,63,124.5,241,26.15
1800-03-01 13:32:46,812.0,6,1,1107.0,896.6,96.0,129,24,93.2,388,387,64.3,730,4.3,63,123.3,241,
1800-03-01 13:32:48,814.0,6,1,1110.0,896.5,98.0,127,24,93.1,389,388,63.9,728,4.3,63,123.6,241,
1800-03-01 13:32:50,816.0,6,1,1112.0,896.2,100.0,133,24,93.1,389,388,63.9,728,4.3,63,123.2,241,
1800-03-01 13:32:52,818.0,6,1,1113.0,895.9,100.0,133,24,93.0,389,388,63.6,727,4.3,63,122.6,241,
1800-03-01 13:32:54,820.0,6,1,1116.0,895.6,100.0,131,24,93.0,389,388,63.6,727,4.3,63,122.8,241,26.0
1800-03-01 13:32:56,822.0,6,1,1120.0,895.2,98.0,131,24,93.0,389,388,63.1,726,4.3,63,122.4,241,
1800-03-01 13:32:58,824.0,6,1,1122.0,894.4,94.0,131,24,93.1,389,388,63.8,727,4.3,63,123.0,241,
1800-03-01 13:33:00,826.0,6,1,1124.0,893.8,94.0,131,24,93.1,389,388,63.8,728,4.3,63,123.1,241,
1800-03-01 13:33:02,828.0,6,1,1130.0,893.4,94.0,135,24,93.1,389,388,63.8,727,4.3,63,122.6,241,
1800-03-01 13:33:04,830.0,6,1,1135.0,892.8,96.0,135,24,93.1,389,388,63.6,727,4.3,63,122.4,241,26.0
1800-03-01 13:33:06,832.0,6,1,1140.0,892.4,96.0,133,24,93.0,389,388,63.2,726,4.3,63,121.5,241,
1800-03-01 13:33:08,834.0,6,1,1143.0,892.0,94.0,131,24,93.0,389,389,62.3,725,4.3,64,120.8,240,
1800-03-01 13:33:10,836.0,6,1,1147.0,891.6,94.0,131,24,93.0,388,388,60.7,725,4.3,63,120.7,240,
1800-03-01 13:33:12,838.0,6,1,1151.0,890.9,94.0,129,24,93.4,388,388,61.2,731,4.3,63,121.5,240,
1800-03-01 13:33:14,840.0,6,1,1156.0,890.2,93.0,122,24,93.5,388,387,62.2,734,4.3,63,123.4,240,25.97
1800-03-01 13:33:16,842.0,6,1,1162.0,889.6,94.0,127,24,93.3,388,387,64.0,732,4.3,63,122.3,240,
1800-03-01 13:33:18,844.0,6,1,1168.0,889.2,98.0,137,25,93.1,388,388,61.1,729,4.2,63,120.4,240,
1800-03-01 13:33:20,846.0,6,1,1173.0,888.7,100.0,133,25,93.4,388,388,61.0,734,4.3,63,121.7,240,
1800-03-01 13:33:22,848.0,6,1,1177.0,888.2,98.0,135,25,93.6,388,388,62.2,737,4.3,63,123.2,240,
1800-03-01 13:33:24,850.0,6,1,1183.0,887.7,98.0,131,25,93.8,388,387,62.4,740,4.3,64,123.1,240,27.07
1800-03-01 13:33:26,852.0,6,1,1188.0,887.2,98.0,131,25,93.7,388,387,62.0,741,4.3,64,122.8,240,
1800-03-01 13:33:28,854.0,6,1,1194.0,886.5,98.0,133,25,93.8,388,388,61.8,741,4.3,64,122.7,240,
1800-03-01 13:33:30,856.0,6,1,1199.0,885.8,100.0,131,25,93.6,388,387,61.7,739,4.3,64,121.3,240,
1800-03-01 13:33:32,858.0,6,1,1205.0,885.2,100.0,127,25,93.6,388,388,61.7,739,4.3,64,122.7,239,
1800-03-01 13:33:34,860.0,6,1,1213.0,884.4,102.0,133,25,93.4,388,387,64.0,739,4.3,64,122.8,239,25.94
1800-03-01 13:33:36,862.0,6,1,1219.0,883.9,104.0,140,25,93.2,388,388,62.0,734,4.3,64,121.4,239,
1800-03-01 13:33:38,864.0,6,1,1225.0,883.3,106.0,138,25,93.2,388,388,61.2,735,4.2,64,121.7,239,
1800-03-01 13:33:40,866.0,6,1,1230.0,882.6,104.0,138,25,93.7,388,388,62.2,740,4.3,64,122.2,239,
1800-03-01 13:33:42,868.0,6,1,1236.0,882.0,102.0,135,25,93.2,389,388,62.5,734,4.3,64,120.6,239,
1800-03-01 13:33:44,870.0,6,1,1243.0,881.2,100.0,131,25,93.3,389,388,59.5,734,4.2,64,119.3,239,26.46
1800-03-01 13:33:46,872.0,6,1,1251.0,880.4,100.0,120,25,93.6,388,387,61.4,737,4.2,64,122.5,239,
1800-03-01 13:33:48,874.0,6,1,1259.0,879.9,102.0,114,25,93.5,388,387,64.7,739,4.3,64,122.6,239,
1800-03-01 13:33:50,876.0,6,1,1267.0,879.3,102.0,114,25,93.4,389,388,63.1,737,4.2,64,121.7,239,
1800-03-01 13:33:52,878.0,6,1,1272.0,878.8,107.0,116,26,93.3,388,388,62.6,734,4.2,64,122.1,239,
1800-03-01 13:33:54,880.0,6,1,1276.0,878.4,111.0,125,26,93.4,389,388,62.9,736,4.3,64,119.5,238,26.13
1800-03-01 13:33:56,882.0,6,1,1279.0,877.6,115.0,133,26,92.6,389,389,56.0,727,4.2,64,114.2,238,
1800-03-01 13:33:58,884.0,6,1,1283.0,877.7,115.0,125,26,93.2,388,388,60.6,731,4.2,64,121.3,238,
1800-03-01 13:34:00,886.0,6,1,1286.0,877.9,115.0,135,26,93.3,387,387,62.4,737,4.3,64,122.0,238,
1800-03-01 13:34:02,888.0,6,1,1286.0,878.2,113.0,125,25,93.6,388,388,62.0,737,4.2,64,122.2,238,
1800-03-01 13:34:04,890.0,6,1,1286.0,878.5,111.0,114,25,93.3,389,388,63.2,737,4.3,64,121.8,238,26.68
1800-03-01 13:34:06,892.0,6,1,1287.0,878.2,111.0,107,25,93.4,388,388,63.9,737,4.3,64,123.2,238,
1800-03-01 13:34:08,894.0,6,1,1289.0,877.5,111.0,118,25,93.3,389,388,63.6,736,4.3,64,121.0,238,
1800-03-01 13:34:10,896.0,6,1,1293.0,876.6,111.0,118,25,93.2,389,388,63.5,734,4.2,64,122.4,238,
1800-03-01 13:34:12,898.0,6,1,1299.0,875.7,111.0,116,25,93.4,389,388,63.8,736,4.3,64,122.2,238,
1800-03-01 13:34:14,900.0,6,1,1306.0,874.8,111.0,118,25,93.4,389,389,63.2,736,4.2,65,121.1,238,26.8
1800-03-01 13:34:16,902.0,6,1,1314.0,873.7,111.0,122,25,93.4,389,388,63.6,737,4.2,65,122.5,238,
1800-03-01 13:34:18,904.0,6,1,1322.0,873.1,111.0,125,26,93.4,388,388,61.9,738,4.2,65,120.3,237,
1800-03-01 13:34:20,906.0,6,1,1330.0,872.6,109.0,120,26,93.3,389,388,62.1,736,4.2,65,119.5,237,
1800-03-01 13:34:22,908.0,6,1,1338.0,871.7,107.0,114,26,93.3,389,388,63.2,735,4.2,65,121.9,237,
1800-03-01 13:34:24,910.0,6,1,1346.0,870.7,106.0,116,26,93.3,389,389,62.6,734,4.2,65,119.6,237,26.04
1800-03-01 13:34:26,912.0,6,1,1355.0,869.9,104.0,111,25,93.4,389,389,63.0,735,4.2,65,120.4,237,
1800-03-01 13:34:28,914.0,6,1,1363.0,869.1,102.0,114,25,93.4,389,389,62.9,735,4.2,65,120.4,237,
1800-03-01 13:34:30,916.0,6,1,1371.0,868.4,102.0,116,25,93.1,389,389,61.7,732,4.2,65,117.6,237,
1800-03-01 13:34:32,918.0,6,1,1379.0,867.2,100.0,112,25,93.0,388,388,60.5,730,4.2,65,120.0,237,
1800-03-01 13:34:34,920.0,6,1,1387.0,866.6,100.0,109,25,93.2,389,388,62.4,734,4.2,65,119.4,237,26.04
1800-03-01 13:34:36,922.0,6,1,1395.0,866.1,102.0,118,25,93.2,389,389,62.2,733,4.2,65,119.6,237,
1800-03-01 13:34:38,924.0,6,1,1402.0,865.6,104.0,112,25,93.2,388,388,60.6,733,4.2,65,119.4,237,
1800-03-01 13:34:40,926.0,6,1,1407.0,865.0,109.0,122,25,93.6,388,388,61.6,740,4.2,66,119.2,237,
1800-03-01 13:34:42,928.0,6,1,1412.0,864.7,115.0,122,25,93.2,388,388,60.0,734,4.2,66,118.7,236,
1800-03-01 13:34:44,930.0,6,1,1416.0,864.3,119.0,120,25,93.7,388,388,60.5,738,4.2,66,120.2,236,26.26
1800-03-01 13:34:46,932.0,6,1,1419.0,863.9,120.0,120,25,93.4,388,388,59.2,739,4.2,66,117.5,236,
1800-03-01 13:34:48,934.0,6,1,1422.0,863.5,122.0,118,25,93.4,388,388,59.4,739,4.2,66,118.3,236,
1800-03-01 13:34:50,936.0,6,1,1426.0,863.3,124.0,124,25,93.6,388,388,59.5,741,4.2,66,117.7,236,
1800-03-01 13:34:52,938.0,6,1,1429.0,862.7,126.0,124,25,93.3,388,388,58.8,739,4.2,66,117.1,236,
1800-03-01 13:34:54,940.0,6,1,1434.0,862.4,126.0,131,25,93.1,389,388,57.9,734,4.1,66,115.3,236,26.11
1800-03-01 13:34:56,942.0,6,1,1438.0,861.8,126.0,133,25,93.2,389,388,58.1,735,4.1,66,115.9,236,
1800-03-01 13:34:58,944.0,6,1,1442.0,861.5,124.0,135,24,93.2,388,388,58.6,735,4.2,66,116.4,236,
1800-03-01 13:35:00,946.0,6,1,1446.0,861.3,124.0,135,24,93.1,389,388,58.1,734,4.1,66,116.3,236,
1800-03-01 13:35:02,948.0,6,1,1449.0,861.2,122.0,131,24,93.2,389,388,58.1,734,4.2,66,116.0,236,
1800-03-01 13:35:04,950.0,6,1,1452.0,860.8,120.0,127,24,93.3,389,388,58.5,734,4.2,66,117.0,236,25.43
1800-03-01 13:35:06,952.0,6,1,1455.0,860.7,119.0,127,24,93.4,389,388,59.4,736,4.2,66,117.6,236,
1800-03-01 13:35:08,954.0,6,1,1457.0,860.5,119.0,127,24,93.3,389,388,58.5,735,4.2,66,116.8,235,
1800-03-01 13:35:10,956.0,6,1,1459.0,860.5,117.0,124,24,93.4,388,388,59.7,735,4.2,66,118.9,235,
1800-03-01 13:35:12,958.0,6,1,1461.0,860.4,115.0,122,24,93.6,388,388,59.7,741,4.2,66,118.7,235,
1800-03-01 13:35:14,960.0,6,1,1462.0,860.1,113.0,118,24,93.6,389,388,59.8,741,4.2,66,118.6,235,25.84
1800-03-01 13:35:16,962.0,6,1,1463.0,860.0,111.0,118,24,93.7,388,388,60.0,741,4.2,66,119.3,235,
1800-03-01 13:35:18,964.0,6,1,1466.0,859.7,111.0,112,24,93.5,388,388,59.2,740,4.2,66,117.5,235,
1800-03-01 13:35:20,966.0,6,1,1468.0,859.4,109.0,114,24,93.5,388,388,61.0,740,4.2,66,119.3,235,
1800-03-01 13:35:22,968.0,6,1,1471.0,859.0,109.0,120,24,93.1,388,388,60.9,736,4.2,66,118.7,235,
1800-03-01 13:35:24,970.0,6,1,1473.0,859.0,109.0,124,24,92.9,390,389,60.6,730,4.1,66,117.0,235,27.37
1800-03-01 13:35:26,972.0,6,1,1475.0,858.9,107.0,120,24,93.0,389,388,59.0,730,4.1,66,118.5,235,
1800-03-01 13:35:28,974.0,6,1,1476.0,858.6,106.0,116,24,93.2,388,388,58.7,735,4.2,66,116.8,235,
1800-03-01 13:35:30,976.0,6,1,1478.0,858.1,106.0,118,23,93.2,389,388,59.9,732,4.2,66,117.2,235,
1800-03-01 13:35:32,978.0,6,1,1482.0,857.6,106.0,114,23,93.1,388,388,61.4,733,4.2,66,118.7,234,
1800-03-01 13:35:34,980.0,6,1,1486.0,857.2,106.0,116,23,93.2,389,389,62.2,732,4.2,66,120.1,234,25.91
1800-03-01 13:35:36,982.0,6,1,1490.0,856.6,107.0,120,23,93.3,390,389,62.0,733,4.2,66,118.7,234,
1800-03-01 13:35:38,984.0,6,1,1494.0,856.1,109.0,120,23,93.4,389,389,63.0,734,4.2,66,121.0,234,
1800-03-01 13:35:40,986.0,6,1,1498.0,855.9,109.0,120,24,93.6,390,389,63.2,737,4.2,66,120.5,234,
1800-03-01 13:35:42,988.0,6,1,1502.0,855.7,109.0,124,24,93.5,389,389,63.2,737,4.2,66,120.7,234,
1800-03-01 13:35:44,990.0,6,1,1504.0,855.5,111.0,122,24,93.5,389,389,63.3,737,4.2,66,120.9,234,25.37
1800-03-01 13:35:46,992.0,6,1,1507.0,855.2,111.0,125,23,93.4,390,389,63.5,737,4.2,66,120.1,234,
1800-03-01 13:35:48,994.0,6,1,1509.0,854.8,111.0,124,23,93.2,390,389,62.4,733,4.2,66,118.7,234,
1800-03-01 13:35:50,996.0,6,1,1512.0,854.4,111.0,122,22,93.2,390,389,62.7,733,4.2,66,119.6,234,
1800-03-01 13:35:52,998.0,6,1,1517.0,854.1,111.0,120,22,93.4,390,389,63.4,734,4.2,66,120.2,234,
1800-03-01 13:35:54,1000.0,6,1,1521.0,854.0,111.0,118,22,93.4,390,389,63.4,734,4.2,66,119.6,233,26.07
1800-03-01 13:35:56,1002.0,6,1,1523.0,853.7,109.0,118,22,93.2,390,389,62.6,732,4.2,66,119.5,233,
1800-03-01 13:35:58,1004.0,6,1,1525.0,853.5,109.0,116,22,93.3,390,389,63.3,733,4.2,66,120.2,233,
1800-03-01 13:36:00,1006.0,6,1,1528.0,853.3,109.0,116,22,93.3,390,389,63.3,734,4.2,66,119.8,233,
1800-03-01 13:36:02,1008.0,6,1,1530.0,853.1,109.0,118,22,93.2,390,389,62.7,731,4.2,66,119.2,233,
1800-03-01 13:36:04,1010.0,6,1,1532.0,852.8,107.0,120,21,93.1,390,390,61.8,729,4.2,66,117.7,233,26.1
1800-03-01 13:36:06,1012.0,6,1,1534.0,852.7,107.0,118,21,93.1,390,389,62.5,729,4.2,66,118.9,233,
1800-03-01 13:36:08,1014.0,6,1,1536.0,852.7,106.0,118,21,93.0,390,390,62.4,728,4.2,66,118.6,233,
1800-03-01 13:36:10,1016.0,6,1,1537.0,852.5,106.0,116,21,93.1,390,390,62.8,727,4.2,66,118.7,233,
1800-03-01 13:36:12,1018.0,6,1,1538.0,852.3,106.0,118,20,93.0,390,389,63.6,726,4.2,66,120.2,233,
1800-03-01 13:36:14,1020.0,6,1,1539.0,852.6,107.0,118,19,92.6,389,390,60.0,719,4.1,66,115.1,233,26.81
1800-03-01 13:36:16,1022.0,6,1,1539.0,852.5,107.0,116,19,93.0,389,389,62.7,721,4.1,66,120.0,233,
1800-03-01 13:36:18,1024.0,6,1,1539.0,852.6,109.0,116,18,92.5,389,389,59.4,718,4.1,66,115.2,232,
1800-03-01 13:36:20,1026.0,6,1,1539.0,852.3,111.0,114,18,92.5,389,389,59.7,718,4.1,66,115.5,232,
1800-03-01 13:36:22,1028.0,6,1,1541.0,851.8,113.0,112,18,92.8,389,389,59.2,719,4.1,66,116.5,232,
1800-03-01 13:36:24,1030.0,6,1,1544.0,851.5,115.0,118,18,93.1,389,388,59.2,723,4.1,66,116.5,232,26.23
1800-03-01 13:36:26,1032.0,6,1,1547.0,851.5,119.0,122,18,92.9,389,389,57.7,725,4.1,65,114.7,232,
1800-03-01 13:36:28,1034.0,6,1,1549.0,851.4,119.0,122,19,92.7,389,389,56.9,723,4.1,65,112.6,232,
1800-03-01 13:36:30,1036.0,6,1,1550.0,851.3,120.0,124,19,92.6,389,389,56.9,721,4.1,65,113.7,232,
1800-03-01 13:36:32,1038.0,6,1,1549.0,851.3,120.0,127,18,92.5,389,389,57.6,718,4.1,65,113.7,232,
1800-03-01 13:36:34,1040.0,7,1,1548.0,851.7,119.0,124,18,92.2,389,389,56.2,713,4.1,65,111.5,232,26.13
1800-03-01 13:36:36,1042.0,7,1,1546.0,851.6,117.0,127,17,92.2,389,389,56.4,712,4.1,65,111.8,232,
1800-03-01 13:36:38,1044.0,7,1,1545.0,851.8,117.0,129,17,91.9,390,389,54.8,707,4.1,65,108.8,232,
1800-03-01 13:36:40,1046.0,7,1,1544.0,851.9,115.0,127,17,91.5,390,389,52.8,701,4.1,65,107.2,232,
1800-03-01 13:36:42,1048.0,7,1,1543.0,851.8,113.0,131,17,91.7,389,389,53.8,702,4.1,65,109.0,232,
1800-03-01 13:36:44,1050.0,7,1,1540.0,852.1,113.0,129,17,91.2,390,389,52.0,696,4.0,65,105.7,232,25.82
1800-03-01 13:36:46,1052.0,7,1,1538.0,851.9,115.0,140,17,91.1,390,389,51.0,694,4.0,65,104.3,232,
1800-03-01 13:36:48,1054.0,7,1,1535.0,852.5,117.0,137,17,90.9,389,389,50.5,692,4.0,65,102.2,232,
1800-03-01 13:36:50,1056.0,7,1,1530.0,853.2,120.0,142,17,89.5,390,389,44.0,676,3.9,65,96.9,232,
1800-03-01 13:36:52,1058.0,7,1,1525.0,853.7,126.0,144,17,89.1,390,389,43.4,670,3.9,64,95.2,232,
1800-03-01 13:36:54,1060.0,7,1,1520.0,854.2,130.0,144,17,89.3,390,389,45.4,670,3.9,64,98.9,231,26.01
1800-03-01 13:36:56,1062.0,7,1,1514.0,854.9,133.0,146,17,89.6,390,390,44.6,673,3.9,64,96.9,231,
1800-03-01 13:36:58,1064.0,7,1,1507.0,855.8,135.0,144,17,88.6,391,390,40.5,663,3.8,64,90.8,231,
1800-03-01 13:37:00,1066.0,7,1,1501.0,856.5,137.0,142,17,87.6,390,390,37.3,650,3.8,64,87.2,231,
1800-03-01 13:37:02,1068.0,7,1,1495.0,857.1,135.0,137,17,87.5,390,390,36.5,646,3.8,64,87.8,231,
1800-03-01 13:37:04,1070.0,7,1,1490.0,858.0,135.0,135,17,86.0,391,390,31.3,636,3.6,64,78.2,231,25.94
1800-03-01 13:37:06,1072.0,7,1,1484.0,858.2,133.0,142,17,85.6,390,390,29.9,629,3.6,64,76.7,231,
1800-03-01 13:37:08,1074.0,7,1,1478.0,859.0,133.0,140,17,84.3,390,390,26.6,615,3.5,63,75.3,231,
1800-03-01 13:37:10,1076.0,7,1,1470.0,860.0,131.0,137,17,84.3,390,391,26.5,615,3.5,63,77.2,231,
1800-03-01 13:37:12,1078.0,7,1,1463.0,860.6,130.0,140,17,85.2,391,390,29.3,621,3.6,63,77.6,231,
1800-03-01 13:37:14,1080.0,7,1,1455.0,861.6,128.0,135,17,84.7,391,391,27.1,616,3.6,63,75.7,231,25.92
1800-03-01 13:37:16,1082.0,7,1,1448.0,861.9,128.0,140,17,85.8,389,389,31.9,623,3.6,63,82.8,231,
1800-03-01 13:37:18,1084.0,7,1,1440.0,862.7,128.0,138,17,85.6,390,390,30.1,621,3.7,63,80.4,231,
1800-03-01 13:37:20,1086.0,7,1,1433.0,863.8,128.0,135,17,84.9,391,391,28.5,616,3.6,63,78.1,231,
1800-03-01 13:37:22,1088.0,7,1,1426.0,864.5,124.0,127,17,84.9,390,390,28.4,615,3.6,63,80.7,231,
1800-03-01 13:37:24,1090.0,7,1,1421.0,865.1,122.0,120,17,86.3,389,389,32.8,625,3.7,63,82.6,231,26.05
1800-03-01 13:37:26,1092.0,7,1,1415.0,865.7,122.0,124,17,85.6,391,390,29.9,620,3.7,63,78.5,231,
1800-03-01 13:37:28,1094.0,7,1,1410.0,866.2,124.0,120,17,84.5,390,390,27.5,610,3.6,63,77.2,230,
1800-03-01 13:37:30,1096.0,7,1,1405.0,866.5,126.0,125,17,84.5,390,390,27.4,611,3.6,62,75.8,230,
1800-03-01 13:37:32,1098.0,7,1,1399.0,867.3,128.0,122,17,83.6,391,390,24.9,604,3.5,62,74.5,230,
1800-03-01 13:37:34,1100.0,7,1,1393.0,867.8,126.0,124,17,84.2,391,390,25.9,606,3.6,62,74.6,230,26.27
1800-03-01 13:37:36,1102.0,7,1,1386.0,868.6,126.0,124,17,83.6,390,390,24.5,600,3.5,62,72.8,230,
1800-03-01 13:37:38,1104.0,7,1,1379.0,869.3,124.0,129,17,83.9,390,390,25.2,601,3.5,62,74.4,230,
1800-03-01 13:37:40,1106.0,7,1,1371.0,870.3,124.0,125,17,83.4,391,390,24.1,598,3.5,62,71.3,230,
1800-03-01 13:37:42,1108.0,7,1,1362.0,871.3,122.0,125,17,81.8,392,391,18.9,586,3.4,62,64.1,230,
1800-03-01 13:37:44,1110.0,7,1,1353.0,872.0,120.0,124,17,82.1,391,391,21.1,584,3.4,62,68.5,230,26.05
1800-03-01 13:37:46,1112.0,7,1,1345.0,873.0,119.0,120,17,82.4,391,391,21.0,587,3.5,62,68.1,230,
1800-03-01 13:37:48,1114.0,7,1,1336.0,874.0,115.0,114,17,81.5,391,390,18.7,580,3.4,62,63.1,230,
1800-03-01 13:37:50,1116.0,7,1,1327.0,875.1,115.0,112,17,80.9,391,390,17.6,576,3.4,62,63.5,230,
1800-03-01 13:37:52,1118.0,7,1,1318.0,876.1,109.0,111,17,80.8,389,389,17.4,574,3.3,62,62.7,230,
1800-03-01 13:37:54,1120.0,7,1,1308.0,877.1,107.0,111,18,79.8,391,391,15.4,571,3.3,62,63.1,230,25.54
1800-03-01 13:37:56,1122.0,7,1,1300.0,878.3,107.0,111,18,80.6,391,391,18.0,577,3.3,62,65.0,230,
1800-03-01 13:37:58,1124.0,7,1,1290.0,879.6,109.0,103,18,80.6,390,390,17.7,576,3.4,62,65.0,230,
1800-03-01 13:38:00,1126.0,7,1,1280.0,880.9,111.0,111,18,81.4,389,389,19.7,581,3.4,62,66.2,230,
1800-03-01 13:38:02,1128.0,7,1,1267.0,882.4,115.0,107,18,80.6,390,390,17.0,574,3.4,62,62.1,230,
1800-03-01 13:38:04,1130.0,7,1,1252.0,883.8,117.0,100,18,79.6,391,391,15.3,567,3.3,62,62.8,230,26.23
1800-03-01 13:38:06,1132.0,7,1,1240.0,884.8,119.0,105,18,80.6,389,389,17.8,575,3.3,62,66.4,230,
1800-03-01 13:38:08,1134.0,7,1,1229.0,885.8,122.0,109,18,80.7,389,389,17.3,574,3.3,62,65.5,230,
1800-03-01 13:38:10,1136.0,7,1,1219.0,887.0,122.0,118,18,82.5,388,388,22.8,586,3.4,62,73.6,229,
1800-03-01 13:38:12,1138.0,7,1,1206.0,888.6,124.0,118,18,82.8,389,389,22.1,587,3.5,62,69.7,229,
1800-03-01 13:38:14,1140.0,7,1,1191.0,890.1,128.0,114,19,81.9,391,391,20.7,579,3.5,62,69.1,229,26.04
1800-03-01 13:38:16,1142.0,7,1,1177.0,891.2,128.0,114,19,81.3,392,392,18.5,576,3.4,62,67.0,229,
1800-03-01 13:38:18,1144.0,7,1,1167.0,892.0,128.0,111,19,81.8,390,390,20.5,579,3.4,62,68.0,229,
1800-03-01 13:38:20,1146.0,7,1,1160.0,892.7,128.0,105,19,81.1,392,392,18.0,576,3.4,62,64.9,229,
1800-03-01 13:38:22,1148.0,7,1,1155.0,893.0,122.0,101,19,80.9,392,392,17.9,575,3.4,62,66.4,229,
1800-03-01 13:38:24,1150.0,7,1,1153.0,893.1,113.0,92,19,81.8,391,390,20.4,578,3.4,62,69.8,229,26.39
1800-03-01 13:38:26,1152.0,7,1,1149.0,893.3,106.0,87,19,82.3,390,390,20.8,580,3.5,62,69.4,229,
1800-03-01 13:38:28,1154.0,7,1,1146.0,894.1,98.0,92,19,81.8,391,390,19.5,576,3.4,62,67.4,229,
1800-03-01 13:38:30,1156.0,7,1,1139.0,894.9,98.0,94,19,82.3,389,389,22.0,583,3.4,62,72.6,229,
1800-03-01 13:38:32,1158.0,7,1,1130.0,896.2,100.0,90,19,82.8,390,390,23.0,589,3.5,62,74.2,229,
1800-03-01 13:38:34,1160.0,7,1,1117.0,897.7,104.0,94,19,83.3,390,390,24.2,593,3.5,62,74.8,229,25.97
1800-03-01 13:38:36,1162.0,7,1,1103.0,899.0,107.0,103,19,82.6,390,390,22.2,587,3.5,62,72.5,229,
1800-03-01 13:38:38,1164.0,7,1,1089.0,900.2,115.0,112,19,83.0,389,389,24.3,589,3.5,62,75.9,229,
1800-03-01 13:38:40,1166.0,7,1,1075.0,901.4,120.0,120,19,82.7,390,389,21.9,588,3.5,63,70.5,229,
1800-03-01 13:38:42,1168.0,7,1,1063.0,902.6,126.0,116,19,82.7,389,389,22.4,585,3.5,63,72.3,229,
1800-03-01 13:38:44,1170.0,7,1,1052.0,903.8,131.0,116,19,82.5,389,389,21.0,584,3.5,63,69.5,229,25.88
1800-03-01 13:38:46,1172.0,7,1,1040.0,904.9,133.0,125,20,80.8,390,391,17.8,573,3.3,63,67.6,228,
1800-03-01 13:38:48,1174.0,7,1,1031.0,905.8,135.0,116,20,82.5,389,389,22.1,586,3.4,63,73.2,228,
1800-03-01 13:38:50,1176.0,7,1,1019.0,907.3,135.0,111,20,83.1,388,388,22.1,588,3.5,63,69.8,228,
1800-03-01 13:38:52,1178.0,7,1,1007.0,908.8,130.0,105,20,80.9,393,392,16.3,570,3.3,63,62.8,228,
1800-03-01 13:38:54,1180.0,7,1,998.0,909.3,122.0,94,20,81.0,390,390,20.1,572,3.3,63,77.2,228,25.94
1800-03-01 13:38:56,1182.0,7,1,993.0,910.1,115.0,79,20,85.0,390,390,29.2,606,3.6,63,83.9,228,
1800-03-01 13:38:58,1184.0,7,1,988.0,910.8,106.0,83,20,85.0,390,390,27.8,605,3.7,63,77.5,228,
1800-03-01 13:39:00,1186.0,7,1,985.0,911.2,100.0,72,20,84.2,390,390,27.2,597,3.6,63,81.6,228,
1800-03-01 13:39:02,1188.0,7,1,980.0,911.6,91.0,68,20,85.3,388,388,31.0,606,3.7,63,88.1,228,
1800-03-01 13:39:04,1190.0,7,1,973.0,912.5,91.0,68,20,86.8,388,388,35.1,620,3.8,62,89.6,228,26.02
1800-03-01 13:39:06,1192.0,7,1,965.0,913.7,91.0,68,20,86.7,388,388,34.4,622,3.8,62,88.4,228,
1800-03-01 13:39:08,1194.0,7,1,955.0,914.8,96.0,92,20,86.2,388,388,33.2,620,3.8,62,87.7,228,
1800-03-01 13:39:10,1196.0,7,1,941.0,915.7,102.0,105,20,84.7,389,388,27.3,609,3.6,63,75.1,228,
1800-03-01 13:39:12,1198.0,7,1,931.0,916.4,107.0,101,21,83.1,390,389,24.1,598,3.6,63,75.3,228,
1800-03-01 13:39:14,1200.0,7,1,923.0,917.1,111.0,103,21,83.6,388,388,26.6,599,3.5,63,80.9,228,26.13
1800-03-01 13:39:16,1202.0,7,1,915.0,917.9,113.0,112,21,84.3,388,388,27.5,606,3.6,63,78.6,228,
1800-03-01 13:39:18,1204.0,7,1,906.0,919.2,115.0,101,21,83.1,389,389,23.2,595,3.5,63,73.8,228,
1800-03-01 13:39:20,1206.0,7,1,901.0,919.7,111.0,98,21,83.5,389,388,26.2,598,3.5,63,82.3,227,
1800-03-01 13:39:22,1208.0,7,1,896.0,920.1,109.0,92,21,85.3,388,388,30.7,612,3.7,64,84.7,227,
1800-03-01 13:39:24,1210.0,7,1,894.0,920.6,107.0,88,21,85.2,389,388,29.7,611,3.7,64,83.4,227,26.02
1800-03-01 13:39:26,1212.0,7,1,889.0,921.0,104.0,87,21,85.2,389,388,29.7,611,3.7,64,82.5,227,
1800-03-01 13:39:28,1214.0,7,1,887.0,921.3,102.0,83,21,85.6,388,388,32.1,612,3.7,64,89.1,227,
1800-03-01 13:39:30,1216.0,7,1,886.0,921.5,102.0,87,21,88.0,388,387,41.1,633,3.8,64,100.1,227,
1800-03-01 13:39:32,1218.0,7,1,887.0,921.4,104.0,87,21,88.9,388,387,43.4,643,4.0,64,100.8,227,
1800-03-01 13:39:34,1220.0,7,1,888.0,921.3,104.0,87,21,89.0,388,387,43.0,646,4.0,64,99.7,227,26.45
1800-03-01 13:39:36,1222.0,7,1,890.0,920.9,102.0,83,21,88.9,388,387,42.9,646,4.0,64,99.9,227,
1800-03-01 13:39:38,1224.0,7,1,894.0,920.3,98.0,75,21,89.1,388,387,43.8,648,4.0,64,101.1,227,
1800-03-01 13:39:40,1226.0,7,1,897.0,919.8,94.0,68,21,89.0,387,387,43.8,651,4.0,64,101.3,227,
1800-03-01 13:39:42,1228.0,7,1,900.0,919.4,87.0,59,21,88.7,387,387,43.8,652,4.0,64,99.5,227,
1800-03-01 13:39:44,1230.0,7,1,905.0,918.7,85.0,55,21,88.2,388,387,41.7,648,3.9,64,98.3,227,25.42
1800-03-01 13:39:46,1232.0,7,1,911.0,918.2,81.0,64,21,88.2,388,387,40.6,647,3.9,64,94.3,227,
1800-03-01 13:39:48,1234.0,7,1,916.0,918.0,80.0,55,21,87.9,387,387,37.2,637,3.8,64,91.5,227,
1800-03-01 13:39:50,1236.0,7,1,917.0,918.2,78.0,51,21,87.7,387,386,36.3,632,3.8,64,87.8,227,
1800-03-01 13:39:52,1238.0,7,1,918.0,918.8,74.0,46,21,86.1,388,387,30.1,619,3.7,65,79.2,226,
1800-03-01 13:39:54,1240.0,7,1,916.0,919.4,72.0,44,21,84.3,388,388,25.3,603,3.6,65,74.2,226,26.32
1800-03-01 13:39:56,1242.0,7,1,911.0,920.4,69.0,31,21,83.4,389,388,23.4,596,3.5,65,74.1,226,
1800-03-01 13:39:58,1244.0,7,1,902.0,921.3,65.0,27,21,83.8,389,389,26.2,597,3.5,65,79.3,226,
1800-03-01 13:40:00,1246.0,7,1,891.0,922.3,61.0,31,21,84.7,388,388,29.3,606,3.6,65,84.8,226,
1800-03-01 13:40:02,1248.0,7,1,881.0,923.0,61.0,37,21,86.3,387,387,35.5,622,3.7,65,92.3,226,
1800-03-01 13:40:04,1250.0,7,1,871.0,923.8,61.0,38,21,87.1,387,387,37.5,632,3.8,66,94.5,226,26.02
1800-03-01 13:40:06,1252.0,7,1,864.0,924.3,63.0,40,21,87.6,388,387,38.5,638,3.8,66,95.0,226,
1800-03-01 13:40:08,1254.0,7,1,861.0,924.6,61.0,40,21,87.3,388,388,38.5,639,3.8,66,95.3,226,
1800-03-01 13:40:10,1256.0,7,1,865.0,924.9,67.0,42,21,87.7,388,388,41.5,641,3.8,66,100.8,226,
1800-03-01 13:40:12,1258.0,7,1,870.0,925.1,67.0,48,21,88.9,387,387,46.5,652,3.9,67,107.5,226,
1800-03-01 13:40:14,1260.0,7,1,874.0,925.3,70.0,72,21,90.0,387,386,50.7,665,4.0,67,112.0,226,26.01
1800-03-01 13:40:16,1262.0,7,1,879.0,925.9,74.0,92,21,90.3,387,386,50.4,673,4.0,67,109.2,226,
1800-03-01 13:40:18,1264.0,7,1,882.0,926.8,89.0,107,21,90.0,388,387,48.5,669,4.0,68,107.2,226,
1800-03-01 13:40:20,1266.0,7,1,885.0,927.6,109.0,118,21,89.8,387,387,47.8,667,4.0,68,107.2,226,
1800-03-01 13:40:22,1268.0,7,1,888.0,928.1,126.0,131,21,90.0,387,387,48.2,670,3.9,68,106.6,226,
1800-03-01 13:40:24,1270.0,7,1,890.0,928.8,137.0,137,21,89.5,388,387,46.7,666,3.9,68,105.1,226,26.04
1800-03-01 13:40:26,1272.0,7,1,891.0,929.4,144.0,146,21,89.6,387,387,47.3,666,3.9,68,106.6,226,
1800-03-01 13:40:28,1274.0,7,1,893.0,930.3,152.0,148,21,89.5,388,387,45.9,665,3.9,68,103.8,225,
1800-03-01 13:40:30,1276.0,7,1,893.0,931.0,159.0,151,22,89.3,388,388,45.4,664,3.9,68,103.0,225,
1800-03-01 13:40:32,1278.0,7,1,893.0,931.8,163.0,155,22,89.1,388,388,44.4,662,3.9,68,102.7,225,
1800-03-01 13:40:34,1280.0,7,1,889.0,931.9,167.0,161,22,89.2,388,387,45.8,663,3.9,67,104.6,225,26.75
1800-03-01 13:40:36,1282.0,7,1,883.0,932.6,170.0,170,22,89.0,388,388,43.8,660,3.9,67,101.6,225,
1800-03-01 13:40:38,1284.0,7,1,874.0,933.6,174.0,172,22,88.8,388,388,43.2,659,3.9,67,100.6,225,
1800-03-01 13:40:40,1286.0,7,1,861.0,934.5,178.0,177,22,88.3,389,389,40.7,652,3.9,67,97.8,225,
1800-03-01 13:40:42,1288.0,7,1,847.0,935.1,174.0,179,22,88.4,389,388,42.1,653,3.9,66,100.7,225,
1800-03-01 13:40:44,1290.0,7,1,829.0,935.8,174.0,179,22,88.8,389,388,42.6,657,3.9,66,100.5,225,26.16
1800-03-01 13:40:46,1292.0,7,1,808.0,936.8,180.0,177,22,88.2,389,389,40.6,651,3.9,65,98.0,225,
1800-03-01 13:40:48,1294.0,7,1,787.0,937.5,180.0,175,23,88.3,388,388,41.3,651,3.9,65,100.5,225,
1800-03-01 13:40:50,1296.0,7,1,765.0,938.4,178.0,174,23,88.6,389,388,41.8,655,3.9,65,99.6,225,
1800-03-01 13:40:52,1298.0,7,1,744.0,939.4,178.0,168,23,88.4,389,389,41.2,654,3.9,64,99.9,225,
1800-03-01 13:40:54,1300.0,7,1,726.0,939.9,176.0,166,23,88.7,388,388,42.4,656,3.9,64,102.2,225,25.94
1800-03-01 13:40:56,1302.0,7,1,715.0,940.0,172.0,161,23,89.1,388,388,44.8,658,4.0,64,104.1,225,
1800-03-01 13:40:58,1304.0,7,1,706.0,940.3,172.0,161,23,89.0,388,388,44.5,661,4.0,63,104.2,224,
1800-03-01 13:41:00,1306.0,7,1,700.0,940.2,174.0,164,23,89.4,388,387,46.2,664,4.0,63,106.2,224,
1800-03-01 13:41:02,1308.0,7,1,695.0,940.5,170.0,159,23,89.2,388,388,44.5,664,4.0,63,103.4,224,
1800-03-01 13:41:04,1310.0,7,1,688.0,940.4,169.0,155,23,89.3,388,388,46.3,663,4.0,63,106.4,224,27.09
1800-03-01 13:41:06,1312.0,7,1,688.0,940.1,167.0,157,23,89.7,388,388,46.9,668,4.1,63,106.9,224,
1800-03-01 13:41:08,1314.0,7,1,690.0,940.0,165.0,155,23,89.7,388,388,47.1,669,4.1,62,106.6,224,
1800-03-01 13:41:10,1316.0,7,1,693.0,939.6,165.0,155,23,89.7,388,387,47.3,668,4.1,62,108.1,224,
1800-03-01 13:41:12,1318.0,7,1,698.0,939.8,163.0,150,23,89.6,388,388,46.9,669,4.1,62,105.6,224,
1800-03-01 13:41:14,1320.0,7,1,701.0,939.3,159.0,155,23,89.5,387,387,47.0,668,4.1,62,107.6,224,26.24
1800-03-01 13:41:16,1322.0,7,1,706.0,939.0,152.0,151,23,89.9,387,387,48.8,670,4.1,62,108.9,224,
1800-03-01 13:41:18,1324.0,7,1,709.0,939.1,152.0,161,23,90.0,387,387,48.5,672,4.1,62,107.0,224,
1800-03-01 13:41:20,1326.0,7,1,707.0,939.7,154.0,166,23,89.5,388,388,46.5,668,4.1,62,106.4,224,
1800-03-01 13:41:22,1328.0,7,1,698.0,940.6,159.0,166,23,89.3,388,388,45.4,664,4.0,62,104.3,224,
1800-03-01 13:41:24,1330.0,7,1,687.0,941.6,163.0,170,23,89.6,387,387,46.8,667,4.1,62,106.9,224,26.66
1800-03-01 13:41:26,1332.0,7,1,676.0,943.1,169.0,179,23,89.6,388,387,45.7,667,4.0,62,102.4,224,
1800-03-01 13:41:28,1334.0,7,1,662.0,944.7,176.0,181,23,89.0,389,389,43.5,661,4.0,61,102.7,223,
1800-03-01 13:41:30,1336.0,7,1,646.0,946.0,181.0,181,23,88.4,389,389,41.3,656,4.0,61,99.8,223,
1800-03-01 13:41:32,1338.0,7,1,632.0,947.0,185.0,181,23,88.8,388,388,43.3,658,4.0,61,102.2,223,
1800-03-01 13:41:34,1340.0,7,1,619.0,948.0,185.0,185,24,88.3,389,388,40.9,654,4.0,61,99.5,223,25.91
1800-03-01 13:41:36,1342.0,7,1,608.0,948.7,183.0,188,24,88.1,389,388,39.8,652,4.0,61,97.0,223,
1800-03-01 13:41:38,1344.0,7,1,600.0,949.1,180.0,188,24,87.8,388,388,40.0,648,4.0,61,98.5,223,
1800-03-01 13:41:40,1346.0,7,1,595.0,949.7,178.0,183,24,88.0,389,389,39.7,651,4.0,61,98.5,223,
1800-03-01 13:41:42,1348.0,7,1,593.0,950.1,176.0,177,24,87.7,388,388,39.7,646,4.0,61,98.5,223,
1800-03-01 13:41:44,1350.0,7,1,591.0,950.5,174.0,174,24,88.0,389,388,39.4,650,4.0,61,96.3,223,26.39
1800-03-01 13:41:46,1352.0,7,1,589.0,950.5,174.0,177,24,87.4,388,388,38.5,645,3.9,60,96.6,223,
1800-03-01 13:41:48,1354.0,7,1,587.0,951.0,174.0,172,24,87.6,388,387,38.3,645,3.9,60,95.4,223,
1800-03-01 13:41:50,1356.0,7,1,586.0,951.3,172.0,174,24,87.6,387,387,39.5,643,3.9,60,99.4,223,
1800-03-01 13:41:52,1358.0,7,1,582.0,951.9,170.0,170,24,87.6,388,388,38.6,644,4.0,60,95.3,223,
1800-03-01 13:41:54,1360.0,7,1,578.0,952.6,170.0,170,24,87.4,388,388,38.5,641,3.9,60,97.0,223,26.22
1800-03-01 13:41:56,1362.0,7,1,572.0,953.5,169.0,162,24,87.4,388,388,38.4,641,3.9,60,97.2,223,
1800-03-01 13:41:58,1364.0,7,1,566.0,953.7,169.0,172,24,88.2,388,387,40.9,647,4.0,60,99.0,223,
1800-03-01 13:42:00,1366.0,7,1,560.0,954.4,169.0,168,24,87.8,389,388,39.2,645,4.0,60,97.6,223,
1800-03-01 13:42:02,1368.0,7,1,553.0,954.9,169.0,175,24,88.0,388,388,39.9,645,4.0,59,99.1,223,
1800-03-01 13:42:04,1370.0,7,1,546.0,955.7,169.0,174,24,88.4,387,387,42.5,650,4.0,59,101.7,223,26.34
1800-03-01 13:42:06,1372.0,7,1,539.0,956.7,169.0,175,24,87.7,387,388,39.6,644,4.0,59,98.9,223,
1800-03-01 13:42:08,1374.0,7,1,532.0,957.4,169.0,179,24,88.5,387,387,42.2,652,4.0,59,101.4,223,
1800-03-01 13:42:10,1376.0,7,1,524.0,958.6,169.0,177,24,88.1,389,389,40.2,649,4.0,59,99.2,222,
1800-03-01 13:42:12,1378.0,7,1,517.0,959.1,169.0,172,24,88.1,387,388,41.8,649,4.0,59,102.9,222,
1800-03-01 13:42:14,1380.0,7,1,512.0,959.8,167.0,170,24,88.8,387,387,44.1,656,4.1,59,103.8,222,25.96
1800-03-01 13:42:16,1382.0,7,1,506.0,960.5,167.0,168,24,88.8,387,387,43.9,655,4.1,59,105.1,222,
1800-03-01 13:42:18,1384.0,7,1,501.0,961.1,169.0,164,24,89.0,388,387,44.8,658,4.1,59,104.3,222,
1800-03-01 13:42:20,1386.0,7,1,495.0,961.8,169.0,162,24,88.7,387,388,43.6,656,4.1,59,104.4,222,
1800-03-01 13:42:22,1388.0,7,1,489.0,962.1,167.0,168,24,88.9,388,387,44.5,658,4.1,59,103.2,222,
1800-03-01 13:42:24,1390.0,7,1,484.0,962.6,167.0,168,24,88.7,388,388,43.5,656,4.1,59,104.2,222,25.66
1800-03-01 13:42:26,1392.0,7,1,481.0,962.8,167.0,166,24,88.8,387,387,44.6,657,4.1,59,105.8,222,
1800-03-01 13:42:28,1394.0,7,1,479.0,963.2,165.0,174,24,89.1,387,387,45.5,660,4.1,59,105.6,222,
1800-03-01 13:42:30,1396.0,7,1,474.0,964.0,165.0,174,24,89.1,388,388,45.1,660,4.1,59,105.0,222,
1800-03-01 13:42:32,1398.0,7,1,469.0,964.3,165.0,172,24,89.9,387,387,49.6,665,4.2,59,113.8,222,
1800-03-01 13:42:34,1400.0,7,1,462.0,965.0,163.0,174,24,90.0,388,387,49.4,670,4.2,59,110.4,221,26.76
1800-03-01 13:42:36,1402.0,7,1,458.0,965.3,163.0,166,24,90.3,387,387,52.0,671,4.2,59,116.1,221,
1800-03-01 13:42:38,1404.0,7,1,454.0,966.1,163.0,162,24,90.9,386,387,53.3,679,4.3,59,117.5,221,
1800-03-01 13:42:40,1406.0,7,1,449.0,967.0,165.0,155,24,90.8,386,386,52.1,680,4.2,59,111.7,221,
1800-03-01 13:42:42,1408.0,7,1,445.0,967.0,165.0,161,24,90.5,386,387,53.1,674,4.2,59,117.1,221,
1800-03-01 13:42:44,1410.0,7,1,441.0,967.0,167.0,172,24,90.9,387,387,52.9,682,4.3,58,116.1,221,26.19
1800-03-01 13:42:46,1412.0,7,1,436.0,967.6,169.0,181,24,90.6,387,387,51.2,682,4.2,58,111.7,221,
1800-03-01 13:42:48,1414.0,7,1,431.0,968.3,167.0,161,25,90.4,386,386,52.4,677,4.2,58,116.0,221,
1800-03-01 13:42:50,1416.0,7,1,428.0,968.5,167.0,161,25,90.4,386,386,51.4,678,4.2,58,115.0,221,
1800-03-01 13:42:52,1418.0,7,1,425.0,968.9,167.0,168,25,91.0,387,386,53.8,686,4.3,58,115.7,221,
1800-03-01 13:42:54,1420.0,7,1,422.0,969.4,167.0,166,25,90.3,387,387,50.8,679,4.2,58,113.0,221,25.31
1800-03-01 13:42:56,1422.0,7,1,420.0,969.5,167.0,164,25,90.6,387,387,51.6,680,4.3,58,113.6,221,
1800-03-01 13:42:58,1424.0,7,1,419.0,970.0,165.0,155,25,88.8,387,387,44.1,667,4.1,58,101.9,221,
1800-03-01 13:43:00,1426.0,7,1,417.0,969.8,165.0,170,25,89.0,386,386,46.5,664,4.1,58,105.3,221,
1800-03-01 13:43:02,1428.0,7,1,414.0,970.4,165.0,166,25,87.8,387,387,40.6,653,4.0,58,99.1,221,
1800-03-01 13:43:04,1430.0,7,1,410.0,971.3,163.0,155,25,87.0,389,387,37.2,646,4.0,58,92.7,221,25.87
1800-03-01 13:43:06,1432.0,7,1,408.0,971.6,161.0,151,25,87.7,386,386,41.5,647,3.9,58,102.6,221,
1800-03-01 13:43:08,1434.0,7,1,403.0,972.1,161.0,157,25,87.8,387,386,41.1,650,4.0,58,100.9,221,
1800-03-01 13:43:10,1436.0,7,1,398.0,972.9,161.0,164,25,87.2,388,387,37.2,643,4.0,58,93.8,221,
1800-03-01 13:43:12,1438.0,7,1,392.0,973.5,163.0,162,25,87.4,387,387,39.0,640,4.0,58,97.8,221,
1800-03-01 13:43:14,1440.0,7,1,385.0,974.4,163.0,164,25,86.8,388,388,36.5,637,3.9,58,93.4,221,26.0
1800-03-01 13:43:16,1442.0,7,1,379.0,975.0,163.0,161,25,86.0,387,389,33.8,630,3.9,58,91.6,220,
1800-03-01 13:43:18,1444.0,7,1,375.0,975.5,163.0,161,25,87.2,386,386,39.0,639,3.9,58,97.7,220,
1800-03-01 13:43:20,1446.0,7,1,369.0,976.2,163.0,164,25,86.3,388,388,34.8,631,3.9,58,92.4,220,
1800-03-01 13:43:22,1448.0,7,1,366.0,976.7,163.0,164,25,86.5,388,388,35.3,633,3.9,58,93.3,220,
1800-03-01 13:43:24,1450.0,7,1,362.0,977.0,161.0,166,25,86.6,387,387,36.8,634,3.9,58,96.1,220,25.98
1800-03-01 13:43:26,1452.0,7,1,358.0,977.6,161.0,166,25,86.6,388,387,35.7,634,4.0,58,93.6,220,
1800-03-01 13:43:28,1454.0,7,1,353.0,978.2,157.0,166,25,86.7,388,388,35.6,634,3.9,59,93.8,220,
1800-03-01 13:43:30,1456.0,7,1,347.0,978.9,152.0,162,25,85.8,388,388,32.8,626,3.9,59,88.7,220,
1800-03-01 13:43:32,1458.0,7,1,343.0,979.6,150.0,162,25,85.6,388,388,32.0,624,3.9,59,89.2,220,
1800-03-01 13:43:34,1460.0,7,1,339.0,980.1,143.0,157,25,84.7,388,388,29.2,618,3.8,59,81.8,220,26.14
1800-03-01 13:43:36,1462.0,7,1,335.0,980.9,137.0,153,25,82.2,388,388,22.4,600,3.6,58,74.1,220,
1800-03-01 13:43:38,1464.0,7,1,330.0,981.6,128.0,142,25,80.3,388,388,17.1,587,3.4,58,66.2,220,
1800-03-01 13:43:40,1466.0,7,1,323.0,982.7,120.0,140,25,79.4,388,388,15.9,581,3.4,58,66.3,220,
1800-03-01 13:43:42,1468.0,7,1,315.0,983.7,115.0,138,25,79.4,388,388,16.0,583,3.4,58,66.3,220,
1800-03-01 13:43:44,1470.0,7,1,306.0,985.2,107.0,133,26,78.9,389,388,15.0,579,3.3,58,65.3,220,25.92
1800-03-01 13:43:46,1472.0,7,1,296.0,986.3,104.0,129,26,78.6,389,389,14.6,577,3.3,58,65.3,220,
1800-03-01 13:43:48,1474.0,7,1,286.0,987.6,98.0,124,26,78.9,389,389,14.9,578,3.3,58,66.3,219,
1800-03-01 13:43:50,1476.0,7,1,276.0,988.8,94.0,120,26,79.2,389,389,15.4,578,3.3,58,67.1,219,
1800-03-01 13:43:52,1478.0,7,1,266.0,989.6,89.0,114,26,79.3,389,389,15.5,576,3.4,58,66.7,219,
1800-03-01 13:43:54,1480.0,7,1,258.0,990.5,83.0,109,26,79.4,388,388,16.8,576,3.4,59,70.0,219,25.9
1800-03-01 13:43:56,1482.0,7,1,253.0,991.1,78.0,103,26,80.2,388,388,17.5,580,3.4,59,70.2,219,
1800-03-01 13:43:58,1484.0,7,1,248.0,991.8,72.0,100,26,80.5,388,387,19.3,580,3.4,59,74.6,219,
1800-03-01 13:44:00,1486.0,7,1,244.0,992.5,69.0,94,26,81.9,387,387,22.3,589,3.5,59,78.6,219,
1800-03-01 13:44:02,1488.0,7,1,240.0,993.0,61.0,90,26,83.3,387,386,26.3,596,3.6,59,84.4,219,
1800-03-01 13:44:04,1490.0,7,1,237.0,993.3,57.0,87,26,84.0,387,386,27.2,603,3.7,59,84.3,219,26.2
1800-03-01 13:44:06,1492.0,7,1,234.0,993.7,54.0,85,26,84.2,386,386,28.4,603,3.7,59,86.3,219,
1800-03-01 13:44:08,1494.0,7,1,230.0,994.0,54.0,85,26,84.6,385,385,30.6,607,3.8,60,89.4,219,
1800-03-01 13:44:10,1496.0,7,1,226.0,994.7,52.0,88,26,85.5,386,385,32.5,613,3.8,60,91.0,219,
1800-03-01 13:44:12,1498.0,7,1,220.0,995.7,50.0,90,26,85.5,387,386,32.4,616,3.8,60,90.9,219,
1800-03-01 13:44:14,1500.0,7,1,213.0,996.3,57.0,90,26,85.5,387,387,32.4,617,3.8,60,91.0,219,26.11
1800-03-01 13:44:16,1502.0,7,1,206.0,997.0,65.0,90,26,85.6,387,386,32.8,618,3.8,60,92.0,219,
1800-03-01 13:44:18,1504.0,7,1,201.0,997.6,67.0,96,26,85.8,386,386,34.2,620,3.9,61,93.2,219,
1800-03-01 13:44:20,1506.0,7,1,197.0,998.1,70.0,96,26,85.7,387,386,33.1,619,3.8,61,91.0,219,
1800-03-01 13:44:22,1508.0,7,1,193.0,998.3,70.0,101,26,85.7,387,386,34.4,619,3.8,61,95.7,219,
1800-03-01 13:44:24,1510.0,7,1,190.0,998.6,72.0,103,26,87.5,386,386,41.2,631,3.9,61,104.6,219,26.54
1800-03-01 13:44:26,1512.0,7,1,186.0,998.8,74.0,109,26,88.6,386,386,46.2,643,4.0,62,110.3,219,
1800-03-01 13:44:28,1514.0,7,1,183.0,999.2,80.0,116,26,89.3,386,386,47.1,652,4.1,62,109.6,219,
1800-03-01 13:44:30,1516.0,7,1,180.0,999.4,85.0,118,26,89.2,386,386,46.7,654,4.1,62,109.6,219,
1800-03-01 13:44:32,1518.0,7,1,179.0,999.6,89.0,124,27,89.3,386,386,47.7,655,4.1,62,111.0,219,
1800-03-01 13:44:34,1520.0,7,1,178.0,999.4,93.0,125,27,89.4,386,386,47.6,659,4.1,62,110.7,218,26.0
1800-03-01 13:44:36,1522.0,7,1,178.0,999.5,94.0,129,27,89.3,386,385,47.5,660,4.1,62,109.9,218,
1800-03-01 13:44:38,1524.0,7,1,177.0,999.7,96.0,127,27,89.1,386,386,46.7,659,4.1,62,108.7,218,
1800-03-01 13:44:40,1526.0,7,1,177.0,999.6,98.0,131,27,89.2,386,386,47.2,659,4.1,62,110.1,218,
1800-03-01 13:44:42,1528.0,7,1,177.0,999.6,100.0,133,27,88.9,386,386,46.1,658,4.1,63,107.7,218,
1800-03-01 13:44:44,1530.0,7,1,177.0,999.8,98.0,137,27,88.2,387,386,42.7,651,4.0,63,101.3,218,27.09
1800-03-01 13:44:46,1532.0,7,1,177.0,999.9,98.0,135,27,87.6,387,386,40.4,646,4.0,63,100.5,218,
1800-03-01 13:44:48,1534.0,7,1,178.0,1000.1,102.0,133,27,87.2,387,386,38.8,641,3.9,62,97.9,218,
1800-03-01 13:44:50,1536.0,7,1,177.0,1000.2,100.0,131,27,87.0,387,386,37.7,639,3.9,62,98.0,218,
1800-03-01 13:44:52,1538.0,7,1,174.0,1000.3,98.0,125,27,86.3,387,386,36.4,634,3.9,62,94.4,218,
1800-03-01 13:44:54,1540.0,7,1,171.0,1000.4,96.0,129,27,85.5,387,386,33.0,626,3.8,62,90.0,218,26.0
1800-03-01 13:44:56,1542.0,7,1,169.0,1000.7,94.0,125,27,85.3,387,387,32.0,625,3.8,62,90.5,218,
1800-03-01 13:44:58,1544.0,7,1,166.0,1001.0,93.0,124,27,85.1,387,387,31.5,623,3.8,62,89.4,218,
1800-03-01 13:45:00,1546.0,7,1,164.0,1001.0,91.0,122,27,85.3,387,386,32.0,623,3.8,62,90.7,218,
1800-03-01 13:45:02,1548.0,7,1,162.0,1001.6,87.0,120,27,85.1,387,386,31.6,621,3.7,62,88.0,218,
1800-03-01 13:45:04,1550.0,7,1,159.0,1002.0,85.0,116,27,84.6,387,387,29.5,616,3.7,62,86.8,218,26.01
1800-03-01 13:45:06,1552.0,7,1,155.0,1002.2,85.0,114,27,84.5,387,387,29.4,616,3.7,62,87.0,218,
1800-03-01 13:45:08,1554.0,7,1,153.0,1002.4,83.0,111,27,84.6,387,387,29.8,616,3.7,62,88.4,218,
1800-03-01 13:45:10,1556.0,7,1,150.0,1002.9,83.0,111,27,84.7,387,387,29.5,616,3.7,62,86.8,217,
1800-03-01 13:45:12,1558.0,7,1,148.0,1003.2,81.0,101,27,84.3,387,387,28.5,613,3.7,62,86.2,217,
1800-03-01 13:45:14,1560.0,7,1,148.0,1003.0,80.0,98,27,84.7,387,386,29.8,616,3.7,62,88.3,217,25.64
1800-03-01 13:45:16,1562.0,7,1,149.0,1003.0,78.0,90,27,84.9,387,386,31.0,619,3.7,62,91.0,217,
1800-03-01 13:45:18,1564.0,7,1,151.0,1003.0,78.0,92,27,85.4,386,386,33.7,623,3.8,62,94.2,217,
1800-03-01 13:45:20,1566.0,7,1,151.0,1003.3,78.0,92,27,86.6,386,386,37.8,630,3.8,62,102.3,217,
1800-03-01 13:45:22,1568.0,7,1,149.0,1003.2,80.0,96,27,89.2,385,385,50.0,651,4.0,63,121.3,217,
1800-03-01 13:45:24,1570.0,7,1,149.0,1003.0,85.0,103,27,91.7,385,385,60.3,681,4.2,63,131.0,217,26.89
1800-03-01 13:45:26,1572.0,7,1,150.0,1002.7,89.0,112,27,92.8,385,385,64.4,697,4.4,63,133.3,217,
1800-03-01 13:45:28,1574.0,7,1,150.0,1002.3,94.0,118,27,92.8,386,385,63.6,705,4.4,63,131.8,217,
1800-03-01 13:45:30,1576.0,7,1,151.0,1002.0,100.0,125,27,92.7,386,385,62.9,705,4.4,63,130.6,217,
1800-03-01 13:45:32,1578.0,7,1,153.0,1001.7,104.0,133,27,92.6,386,386,62.1,705,4.3,63,129.1,217,
1800-03-01 13:45:34,1580.0,7,1,156.0,1001.3,109.0,138,27,92.5,386,385,61.7,705,4.3,63,128.1,217,26.17
1800-03-01 13:45:36,1582.0,7,1,159.0,1001.0,113.0,138,27,92.3,386,386,61.0,703,4.3,63,127.8,217,
1800-03-01 13:45:38,1584.0,7,1,162.0,1000.1,115.0,142,27,92.4,386,385,61.5,705,4.3,64,128.3,216,
1800-03-01 13:45:40,1586.0,7,1,166.0,999.8,117.0,146,27,92.4,386,386,61.4,705,4.3,64,127.8,216,
1800-03-01 13:45:42,1588.0,7,1,172.0,999.2,117.0,144,27,92.4,386,386,61.4,706,4.3,64,127.7,216,
1800-03-01 13:45:44,1590.0,7,1,176.0,998.5,119.0,150,27,92.4,386,385,61.9,707,4.3,64,129.4,216,26.18
1800-03-01 13:45:46,1592.0,7,1,180.0,998.2,119.0,151,27,92.4,386,386,61.2,709,4.3,63,127.7,216,
1800-03-01 13:45:48,1594.0,7,1,183.0,998.1,124.0,155,27,92.4,386,386,61.6,708,4.3,63,128.0,216,
1800-03-01 13:45:50,1596.0,7,1,186.0,998.1,128.0,159,27,92.3,386,386,60.8,709,4.3,63,126.8,216,
1800-03-01 13:45:52,1598.0,7,1,187.0,997.9,131.0,161,27,92.2,386,386,60.6,708,4.3,63,126.6,216,
1800-03-01 13:45:54,1600.0,7,1,187.0,997.8,137.0,166,27,92.2,386,386,59.7,708,4.3,63,125.9,216,26.16
1800-03-01 13:45:56,1602.0,7,1,187.0,997.7,143.0,170,27,92.2,386,386,60.2,707,4.3,63,126.3,216,
1800-03-01 13:45:58,1604.0,7,1,187.0,997.6,146.0,172,27,91.9,386,386,58.1,704,4.3,63,124.0,215,
1800-03-01 13:46:00,1606.0,7,1,188.0,997.4,150.0,175,27,91.9,386,386,58.9,704,4.3,63,125.1,215,
1800-03-01 13:46:02,1608.0,7,1,190.0,997.1,152.0,177,27,91.8,386,386,57.9,704,4.3,63,123.3,215,
1800-03-01 13:46:04,1610.0,7,1,192.0,997.0,152.0,177,27,91.7,386,386,57.9,703,4.3,63,123.1,215,26.19
1800-03-01 13:46:06,1612.0,7,1,196.0,996.7,150.0,175,27,91.6,387,386,57.3,701,4.2,62,123.4,215,
1800-03-01 13:46:08,1614.0,7,1,200.0,996.4,150.0,170,27,91.6,386,386,57.5,702,4.3,62,122.5,215,
1800-03-01 13:46:10,1616.0,7,1,204.0,995.8,146.0,170,27,91.2,386,386,55.9,697,4.2,62,119.8,215,
1800-03-01 13:46:12,1618.0,7,1,208.0,995.8,144.0,175,27,91.0,386,386,54.2,694,4.2,62,118.5,215,
1800-03-01 13:46:14,1620.0,7,1,212.0,996.1,144.0,174,27,90.2,387,386,51.4,685,4.2,62,112.7,215,25.99
1800-03-01 13:46:16,1622.0,7,1,210.0,996.4,144.0,170,27,89.3,387,387,47.0,675,4.1,62,106.7,215,
1800-03-01 13:46:18,1624.0,7,1,207.0,996.7,146.0,168,27,88.8,387,387,44.3,667,4.0,62,105.3,214,
1800-03-01 13:46:20,1626.0,7,1,204.0,996.9,144.0,166,27,88.6,388,387,43.6,663,4.0,62,104.1,214,
1800-03-01 13:46:22,1628.0,7,1,202.0,996.9,141.0,166,27,87.7,387,387,38.5,654,3.9,62,94.3,214,
1800-03-01 13:46:24,1630.0,7,1,200.0,997.2,137.0,162,27,86.4,388,388,34.5,640,3.8,61,93.4,214,26.15
1800-03-01 13:46:26,1632.0,7,1,200.0,997.2,135.0,161,27,86.5,388,387,35.9,640,3.8,61,96.2,214,
1800-03-01 13:46:28,1634.0,7,1,199.0,997.3,126.0,161,27,86.9,388,387,37.1,643,3.9,61,97.5,214,
1800-03-01 13:46:30,1636.0,7,1,198.0,997.3,122.0,157,27,87.4,387,387,39.6,646,4.0,61,101.0,214,
1800-03-01 13:46:32,1638.0,7,1,193.0,997.5,119.0,155,27,87.7,387,387,39.9,649,4.0,61,100.7,214,
1800-03-01 13:46:34,1640.0,7,1,190.0,997.7,119.0,153,27,87.9,387,387,41.0,650,4.0,61,102.1,214,25.75
1800-03-01 13:46:36,1642.0,7,1,187.0,998.1,120.0,153,27,87.9,387,387,41.5,651,4.0,61,103.4,214,
1800-03-01 13:46:38,1644.0,7,1,184.0,998.3,119.0,153,27,88.3,387,387,42.9,653,4.0,61,105.4,213,
1800-03-01 13:46:40,1646.0,7,1,182.0,998.1,119.0,153,27,88.7,387,386,44.9,656,4.1,61,108.1,213,
1800-03-01 13:46:42,1648.0,7,1,182.0,998.3,120.0,153,27,89.2,387,386,47.0,660,4.1,61,110.7,213,
1800-03-01 13:46:44,1650.0,7,1,182.0,998.5,122.0,153,27,89.6,387,386,48.5,666,4.1,61,112.5,213,25.92
1800-03-01 13:46:46,1652.0,7,1,182.0,998.2,122.0,159,27,89.9,386,386,50.1,669,4.2,61,114.3,213,
1800-03-01 13:46:48,1654.0,7,1,183.0,998.5,124.0,157,27,90.1,387,386,50.2,673,4.2,61,113.6,213,
1800-03-01 13:46:50,1656.0,7,1,184.0,998.6,124.0,153,27,90.1,387,386,50.1,673,4.2,61,113.7,213,
1800-03-01 13:46:52,1658.0,7,1,185.0,998.8,126.0,153,27,90.0,387,386,49.7,672,4.2,61,112.3,213,
1800-03-01 13:46:54,1660.0,7,1,186.0,998.7,126.0,159,27,89.9,387,387,49.0,670,4.2,61,111.9,213,25.76
1800-03-01 13:46:56,1662.0,7,1,185.0,998.7,128.0,161,27,89.9,387,386,49.4,670,4.2,61,113.2,213,
1800-03-01 13:46:58,1664.0,7,1,184.0,998.5,130.0,161,27,90.1,387,386,50.7,672,4.2,61,114.8,213,
1800-03-01 13:47:00,1666.0,7,1,184.0,998.3,128.0,161,27,90.3,387,386,50.9,675,4.2,61,114.4,213,
1800-03-01 13:47:02,1668.0,7,1,184.0,998.3,128.0,159,27,90.3,387,386,51.1,675,4.2,61,115.7,212,
1800-03-01 13:47:04,1670.0,7,1,185.0,998.2,128.0,159,27,90.4,387,386,51.6,677,4.2,61,115.7,212,25.97
1800-03-01 13:47:06,1672.0,7,1,185.0,998.1,128.0,159,27,90.5,387,386,51.7,679,4.2,61,115.7,212,
1800-03-01 13:47:08,1674.0,7,1,185.0,998.0,128.0,157,27,90.4,387,386,51.6,679,4.2,61,115.7,212,
1800-03-01 13:47:10,1676.0,7,1,184.0,997.8,128.0,159,27,90.5,387,386,52.0,679,4.2,61,115.9,212,
1800-03-01 13:47:12,1678.0,7,1,184.0,997.7,128.0,159,27,90.4,387,386,51.4,679,4.2,61,115.4,212,
1800-03-01 13:47:14,1680.0,7,1,184.0,997.6,128.0,157,27,90.4,387,386,51.7,679,4.2,61,115.5,212,24.8
1800-03-01 13:47:16,1682.0,7,1,185.0,997.6,128.0,155,27,90.4,386,386,51.8,679,4.2,61,115.8,212,
1800-03-01 13:47:18,1684.0,7,1,187.0,997.6,128.0,157,27,90.3,387,386,51.3,678,4.2,61,115.1,212,
1800-03-01 13:47:20,1686.0,7,1,190.0,997.5,128.0,155,27,90.4,387,386,51.5,679,4.2,61,115.1,212,
1800-03-01 13:47:22,1688.0,7,1,193.0,997.4,128.0,157,27,90.5,386,386,52.3,679,4.2,61,116.5,212,
1800-03-01 13:47:24,1690.0,7,1,195.0,997.5,130.0,155,27,90.5,387,386,51.5,680,4.2,61,115.1,212,26.0
1800-03-01 13:47:26,1692.0,7,1,196.0,997.4,130.0,157,27,90.3,387,386,51.1,679,4.2,61,115.2,211,
1800-03-01 13:47:28,1694.0,7,1,198.0,997.0,130.0,155,27,90.5,386,386,52.0,680,4.2,61,115.7,211,
1800-03-01 13:47:30,1696.0,7,1,201.0,996.7,130.0,157,27,90.5,386,386,51.5,679,4.2,61,115.8,211,
1800-03-01 13:47:32,1698.0,7,1,203.0,996.5,131.0,155,27,90.3,386,386,51.5,678,4.2,61,115.0,211,
1800-03-01 13:47:34,1700.0,7,1,205.0,996.2,131.0,161,27,90.4,387,386,51.4,678,4.2,61,115.2,211,26.76
1800-03-01 13:47:36,1702.0,7,1,207.0,996.1,131.0,161,27,90.4,387,386,51.0,677,4.2,61,114.0,211,
1800-03-01 13:47:38,1704.0,7,1,209.0,995.8,131.0,161,27,90.3,387,386,51.1,677,4.2,61,114.4,211,
1800-03-01 13:47:40,1706.0,7,1,210.0,995.8,131.0,161,27,90.4,387,386,51.0,677,4.2,61,114.0,211,
1800-03-01 13:47:42,1708.0,7,1,211.0,995.8,131.0,157,27,90.2,387,386,50.8,676,4.2,61,113.8,211,
1800-03-01 13:47:44,1710.0,7,1,211.0,995.5,130.0,159,27,90.3,387,386,51.4,676,4.2,61,114.9,211,26.04
1800-03-01 13:47:46,1712.0,7,1,212.0,995.4,130.0,157,27,90.2,387,386,50.2,675,4.2,61,113.0,211,
1800-03-01 13:47:48,1714.0,7,1,214.0,995.0,130.0,159,27,90.6,386,386,54.3,678,4.2,61,121.5,211,
1800-03-01 13:47:50,1716.0,7,1,216.0,994.7,130.0,159,27,91.3,386,386,56.4,689,4.3,61,122.2,211,
1800-03-01 13:47:52,1718.0,7,1,217.0,994.8,131.0,161,27,91.7,386,386,57.3,693,4.3,61,122.5,211,
1800-03-01 13:47:54,1720.0,7,1,217.0,994.7,133.0,162,27,91.6,386,386,56.9,695,4.3,61,122.0,211,25.95
1800-03-01 13:47:56,1722.0,7,1,217.0,994.9,135.0,161,27,91.5,387,386,56.1,693,4.3,61,120.8,211,
1800-03-01 13:47:58,1724.0,7,1,217.0,994.8,139.0,166,27,91.5,386,386,57.7,694,4.3,61,123.9,210,
1800-03-01 13:48:00,1726.0,7,1,218.0,994.8,141.0,168,27,91.6,387,386,57.2,697,4.3,61,122.4,210,
1800-03-01 13:48:02,1728.0,7,1,218.0,994.8,143.0,170,27,91.6,387,386,57.1,697,4.3,61,122.5,210,
1800-03-01 13:48:04,1730.0,7,1,218.0,994.8,144.0,168,27,91.7,386,386,57.2,698,4.3,61,122.4,210,26.11
1800-03-01 13:48:06,1732.0,7,1,219.0,994.4,144.0,168,27,91.7,386,386,57.1,697,4.3,61,122.8,210,
1800-03-01 13:48:08,1734.0,7,1,220.0,994.2,144.0,166,27,91.6,387,386,57.3,697,4.3,61,122.0,210,
1800-03-01 13:48:10,1736.0,7,1,223.0,993.9,144.0,164,27,91.8,386,386,57.8,698,4.3,61,123.2,210,
1800-03-01 13:48:12,1738.0,7,1,227.0,993.3,144.0,164,27,91.8,386,386,58.2,699,4.3,61,123.2,210,
1800-03-01 13:48:14,1740.0,7,1,231.0,993.1,144.0,166,27,91.8,386,386,58.2,699,4.3,61,123.8,210,26.19
1800-03-01 13:48:16,1742.0,7,1,233.0,993.0,144.0,168,27,91.8,386,386,57.9,700,4.3,60,122.6,210,
1800-03-01 13:48:18,1744.0,7,1,234.0,993.0,144.0,172,27,91.7,386,386,57.2,698,4.3,60,122.2,210,
1800-03-01 13:48:20,1746.0,7,1,234.0,993.0,146.0,170,27,91.7,387,386,58.0,698,4.3,60,123.3,210,
1800-03-01 13:48:22,1748.0,7,1,235.0,992.6,148.0,172,27,91.8,386,386,57.6,699,4.3,60,122.8,210,
1800-03-01 13:48:24,1750.0,7,1,237.0,992.5,150.0,172,27,91.9,386,386,58.3,700,4.3,60,123.1,210,26.14
1800-03-01 13:48:26,1752.0,7,1,238.0,992.5,152.0,174,27,91.5,386,386,56.6,697,4.3,60,121.6,209,
1800-03-01 13:48:28,1754.0,7,1,239.0,992.2,154.0,177,27,91.7,386,386,57.0,697,4.3,60,121.0,209,
1800-03-01 13:48:30,1756.0,7,1,240.0,992.2,156.0,175,27,91.6,387,386,56.1,696,4.3,60,120.8,209,
1800-03-01 13:48:32,1758.0,7,1,240.0,992.0,157.0,177,27,91.5,386,386,57.0,695,4.3,60,122.3,209,
1800-03-01 13:48:34,1760.0,7,1,240.0,991.9,157.0,177,27,91.5,387,386,56.1,696,4.3,60,120.2,209,26.28
1800-03-01 13:48:36,1762.0,7,1,240.0,991.9,157.0,177,27,91.5,387,386,56.2,695,4.3,60,121.4,209,
1800-03-01 13:48:38,1764.0,7,1,240.0,991.9,156.0,175,27,91.7,387,386,56.8,697,4.3,60,121.9,209,
1800-03-01 13:48:40,1766.0,7,1,242.0,991.3,156.0,174,27,91.6,387,386,56.8,697,4.3,60,121.5,209,
1800-03-01 13:48:42,1768.0,7,1,244.0,991.1,156.0,175,27,91.5,387,386,56.2,696,4.3,60,120.6,209,
1800-03-01 13:48:44,1770.0,7,1,246.0,991.1,154.0,170,27,91.1,387,386,54.4,691,4.3,60,117.4,209,25.96
1800-03-01 13:48:46,1772.0,7,1,247.0,990.9,154.0,170,27,90.4,387,386,51.2,684,4.2,60,111.2,209,
1800-03-01 13:48:48,1774.0,7,1,248.0,991.0,156.0,170,27,89.3,387,387,46.4,671,4.1,60,106.9,209,
1800-03-01 13:48:50,1776.0,7,1,248.0,990.9,156.0,164,27,88.8,387,387,44.5,665,4.1,60,104.8,209,
1800-03-01 13:48:52,1778.0,7,1,251.0,990.6,156.0,162,27,88.8,387,387,44.2,663,4.1,60,105.1,209,
1800-03-01 13:48:54,1780.0,7,1,254.0,990.3,152.0,159,27,88.8,387,386,44.6,663,4.1,60,105.8,209,27.2
1800-03-01 13:48:56,1782.0,7,1,258.0,990.1,152.0,153,27,88.7,387,387,44.5,662,4.1,60,105.2,209,
1800-03-01 13:48:58,1784.0,7,1,261.0,989.9,152.0,150,27,88.7,387,387,44.2,661,4.1,60,105.4,208,
1800-03-01 13:49:00,1786.0,7,1,265.0,989.3,150.0,148,26,88.9,387,386,45.4,662,4.1,60,106.5,208,
1800-03-01 13:49:02,1788.0,7,1,270.0,989.0,150.0,144,26,88.9,387,386,45.5,662,4.1,60,106.9,208,
1800-03-01 13:49:04,1790.0,7,1,275.0,988.5,152.0,142,26,89.1,386,386,46.1,663,4.1,60,107.9,208,26.07
1800-03-01 13:49:06,1792.0,7,1,279.0,988.0,152.0,142,26,89.3,386,386,46.7,664,4.1,60,108.3,208,
1800-03-01 13:49:08,1794.0,7,1,284.0,987.7,154.0,144,26,89.3,387,386,46.7,664,4.1,60,108.5,208,
1800-03-01 13:49:10,1796.0,7,1,288.0,987.1,154.0,144,26,89.4,386,386,48.0,664,4.1,60,110.6,208,
1800-03-01 13:49:12,1798.0,7,1,292.0,986.7,154.0,146,26,89.6,386,386,48.1,667,4.2,60,109.6,208,
1800-03-01 13:49:14,1800.0,7,1,295.0,986.6,154.0,142,26,89.4,386,386,47.6,665,4.1,60,108.1,208,25.16
1800-03-01 13:49:16,1802.0,7,1,296.0,986.4,152.0,133,26,88.9,386,386,45.7,661,4.1,60,106.1,208,
1800-03-01 13:49:18,1804.0,7,1,299.0,985.9,150.0,127,26,88.9,386,386,45.5,660,4.1,60,106.9,208,
1800-03-01 13:49:20,1806.0,7,1,304.0,985.3,146.0,127,26,89.1,386,385,46.3,661,4.1,60,106.6,208,
1800-03-01 13:49:22,1808.0,7,1,308.0,984.8,144.0,125,26,88.7,386,386,44.8,658,4.1,60,105.5,208,
1800-03-01 13:49:24,1810.0,7,1,311.0,984.8,141.0,118,26,89.0,386,386,46.1,659,4.1,60,107.3,208,26.03
1800-03-01 13:49:26,1812.0,7,1,311.0,984.7,135.0,112,26,89.4,386,385,47.5,661,4.1,60,108.5,208,
1800-03-01 13:49:28,1814.0,7,1,313.0,984.8,133.0,105,26,88.9,386,385,45.6,657,4.1,60,103.8,208,
1800-03-01 13:49:30,1816.0,7,1,315.0,984.6,128.0,98,26,87.9,386,386,41.4,649,4.0,60,100.5,207,
1800-03-01 13:49:32,1818.0,7,1,318.0,984.2,124.0,94,26,87.8,386,386,41.0,645,4.0,61,99.0,207,
1800-03-01 13:49:34,1820.0,7,1,322.0,983.8,120.0,90,26,87.8,386,385,42.0,645,4.0,61,102.2,207,26.13
1800-03-01 13:49:36,1822.0,7,1,327.0,983.6,119.0,92,26,88.3,385,385,42.8,650,4.0,61,102.4,207,
1800-03-01 13:49:38,1824.0,7,1,333.0,983.0,117.0,90,26,88.2,386,385,42.5,650,4.0,61,101.5,207,
1800-03-01 13:49:40,1826.0,7,1,339.0,982.7,115.0,92,26,88.4,385,385,44.7,649,4.0,61,107.1,207,
1800-03-01 13:49:42,1828.0,7,1,342.0,982.4,113.0,90,26,89.5,385,385,48.0,660,4.1,61,109.3,207,
1800-03-01 13:49:44,1830.0,7,1,344.0,982.2,113.0,85,26,89.4,385,385,48.7,663,4.1,61,110.9,207,25.92
1800-03-01 13:49:46,1832.0,7,1,346.0,981.9,111.0,88,26,89.7,386,385,49.1,667,4.1,62,109.0,207,
1800-03-01 13:49:48,1834.0,7,1,346.0,981.4,109.0,88,26,88.9,385,385,46.6,660,4.0,62,107.9,207,
1800-03-01 13:49:50,1836.0,7,1,349.0,981.0,109.0,88,25,89.0,385,385,46.3,659,4.1,62,106.3,207,
1800-03-01 13:49:52,1838.0,7,1,352.0,980.4,113.0,92,25,89.7,385,385,50.0,663,4.1,63,112.8,207,
1800-03-01 13:49:54,1840.0,7,1,354.0,980.1,113.0,103,25,90.0,385,385,51.3,669,4.1,63,115.4,207,26.84
1800-03-01 13:49:56,1842.0,7,1,354.0,979.8,113.0,101,25,91.0,385,385,56.4,679,4.2,63,121.9,207,
1800-03-01 13:49:58,1844.0,7,1,353.0,979.4,111.0,100,25,91.9,385,385,58.6,689,4.2,63,122.5,207,
1800-03-01 13:50:00,1846.0,7,1,357.0,978.5,111.0,98,25,91.8,386,385,58.1,692,4.2,63,121.7,207,
1800-03-01 13:50:02,1848.0,7,1,365.0,977.4,109.0,96,25,91.6,385,385,58.1,691,4.2,64,121.8,206,
1800-03-01 13:50:04,1850.0,7,1,370.0,976.4,109.0,90,25,91.3,385,385,55.2,686,4.2,64,116.6,206,25.83
1800-03-01 13:50:06,1852.0,7,1,382.0,975.3,111.0,88,25,90.9,385,385,54.8,684,4.2,64,116.3,206,
1800-03-01 13:50:08,1854.0,7,1,395.0,974.1,111.0,94,25,90.4,385,385,52.9,678,4.1,64,115.1,206,
1800-03-01 13:50:10,1856.0,7,1,404.0,973.3,111.0,94,25,91.0,385,385,56.6,682,4.1,64,121.0,206,
1800-03-01 13:50:12,1858.0,7,1,410.0,973.1,111.0,90,25,91.8,385,385,58.4,691,4.2,64,121.6,206,
1800-03-01 13:50:14,1860.0,7,1,416.0,972.7,109.0,90,25,91.8,385,384,59.2,694,4.2,64,123.9,206,26.02
1800-03-01 13:50:16,1862.0,7,1,419.0,972.5,109.0,92,25,91.2,385,384,55.9,692,4.1,64,117.3,206,
1800-03-01 13:50:18,1864.0,7,1,420.0,971.9,109.0,92,25,91.3,385,385,56.4,690,4.2,65,118.8,206,
1800-03-01 13:50:20,1866.0,7,1,422.0,971.8,107.0,83,25,90.8,385,385,54.2,686,4.1,65,115.8,206,
1800-03-01 13:50:22,1868.0,7,1,426.0,971.5,106.0,75,25,90.9,385,385,54.7,686,4.1,65,115.6,206,
1800-03-01 13:50:24,1870.0,7,1,429.0,971.4,106.0,79,25,90.6,385,385,53.8,683,4.1,65,116.7,206,26.14
1800-03-01 13:50:26,1872.0,7,1,432.0,971.4,106.0,72,25,90.2,386,385,51.4,680,4.1,65,111.1,206,
1800-03-01 13:50:28,1874.0,7,1,434.0,971.1,104.0,62,25,89.0,386,385,46.4,670,4.0,65,104.5,206,
1800-03-01 13:50:30,1876.0,7,1,436.0,970.6,102.0,72,25,88.3,386,385,44.0,661,3.9,65,102.4,206,
1800-03-01 13:50:32,1878.0,7,1,440.0,969.7,100.0,75,25,88.0,386,386,42.2,659,3.9,65,99.6,206,
1800-03-01 13:50:34,1880.0,7,1,444.0,969.4,100.0,66,25,87.5,386,385,40.5,653,3.8,65,98.4,205,26.3
1800-03-01 13:50:36,1882.0,7,1,447.0,968.8,96.0,66,25,87.3,386,386,39.8,651,3.8,65,98.1,205,
1800-03-01 13:50:38,1884.0,7,1,452.0,968.5,94.0,62,25,87.3,386,386,40.3,651,3.8,66,99.4,205,
1800-03-01 13:50:40,1886.0,7,1,456.0,968.6,87.0,53,24,87.8,386,386,42.9,652,3.8,66,103.4,205,
1800-03-01 13:50:42,1888.0,7,1,455.0,968.3,85.0,48,24,88.3,386,386,43.5,655,3.9,66,102.3,205,
1800-03-01 13:50:44,1890.0,7,1,457.0,968.1,83.0,48,24,88.4,386,386,44.2,655,3.9,66,103.7,205,26.03
1800-03-01 13:50:46,1892.0,7,1,462.0,968.0,81.0,53,24,88.4,386,386,44.5,656,3.9,66,105.4,205,
1800-03-01 13:50:48,1894.0,7,1,465.0,968.0,81.0,53,24,90.0,385,385,51.8,668,3.9,67,116.6,205,
1800-03-01 13:50:50,1896.0,7,1,468.0,967.9,80.0,50,24,90.9,385,385,54.4,679,4.1,67,118.0,205,
1800-03-01 13:50:52,1898.0,7,1,469.0,967.6,80.0,70,24,91.3,385,385,56.2,685,4.1,67,120.4,205,
1800-03-01 13:50:54,1900.0,7,1,470.0,967.7,81.0,77,24,91.2,386,385,55.1,687,4.1,67,117.5,205,25.76
1800-03-01 13:50:56,1902.0,7,1,468.0,967.7,85.0,77,24,91.1,386,386,55.0,687,4.1,67,119.1,205,
1800-03-01 13:50:58,1904.0,7,1,468.0,967.9,83.0,72,24,91.4,387,386,56.3,690,4.1,68,119.2,205,
1800-03-01 13:51:00,1906.0,7,1,469.0,967.7,83.0,57,24,90.4,388,387,51.8,683,4.0,68,113.3,205,
1800-03-01 13:51:02,1908.0,7,1,473.0,967.0,81.0,51,24,89.7,390,389,49.3,677,3.9,68,110.0,205,
1800-03-01 13:51:04,1910.0,7,1,476.0,966.4,78.0,53,24,89.7,390,390,50.0,676,3.9,68,113.3,205,26.21
1800-03-01 13:51:06,1912.0,7,1,479.0,965.9,76.0,50,24,89.8,391,390,49.5,678,3.9,68,111.1,205,
1800-03-01 13:51:08,1914.0,7,1,484.0,965.5,74.0,40,24,89.5,391,391,48.5,676,3.9,68,110.3,204,
1800-03-01 13:51:10,1916.0,7,1,488.0,965.2,70.0,37,24,89.5,392,392,48.0,676,3.9,68,110.3,204,
1800-03-01 13:51:12,1918.0,7,1,493.0,964.8,65.0,33,24,89.3,392,392,47.4,674,3.9,69,108.8,204,
1800-03-01 13:51:14,1920.0,7,1,497.0,964.3,63.0,27,24,89.0,393,392,46.2,671,3.9,69,107.5,204,26.0
1800-03-01 13:51:16,1922.0,7,1,497.0,964.1,61.0,29,24,89.1,392,392,47.9,670,3.9,69,112.0,204,
1800-03-01 13:51:18,1924.0,7,1,503.0,964.1,57.0,22,24,89.4,393,392,48.3,674,3.9,69,108.5,204,
1800-03-01 13:51:20,1926.0,7,1,502.0,964.0,57.0,24,24,88.3,393,393,42.9,664,3.8,69,102.5,204,
1800-03-01 13:51:22,1928.0,7,1,500.0,964.2,54.0,18,24,88.3,392,392,44.1,662,3.8,69,106.2,204,
1800-03-01 13:51:24,1930.0,7,1,502.0,964.3,52.0,22,24,89.0,392,391,45.5,666,3.9,70,107.0,204,26.06
1800-03-01 13:51:26,1932.0,7,1,500.0,964.3,52.0,22,24,89.2,391,391,47.9,667,3.9,70,111.1,204,
1800-03-01 13:51:28,1934.0,7,1,496.0,964.5,52.0,16,24,89.6,391,391,47.7,673,3.9,70,109.6,204,
1800-03-01 13:51:30,1936.0,7,1,492.0,964.7,54.0,20,24,89.4,392,391,46.3,670,3.8,70,106.4,204,
1800-03-01 13:51:32,1938.0,7,1,489.0,965.0,52.0,14,24,88.8,391,391,43.9,663,3.8,71,104.4,204,
1800-03-01 13:51:34,1940.0,7,1,488.0,965.3,48.0,16,24,89.0,391,391,44.3,662,3.8,71,103.6,204,26.5
1800-03-01 13:51:36,1942.0,7,1,485.0,965.5,46.0,22,24,88.2,391,390,40.4,653,3.7,71,97.3,204,
1800-03-01 13:51:38,1944.0,7,1,481.0,965.9,50.0,40,24,87.6,388,388,38.5,648,3.7,72,96.7,204,
1800-03-01 13:51:40,1946.0,7,1,476.0,966.2,54.0,55,24,87.7,386,386,40.0,648,3.7,72,98.3,204,
1800-03-01 13:51:42,1948.0,7,1,472.0,966.5,61.0,72,24,87.7,386,385,41.9,649,3.7,72,102.7,204,
1800-03-01 13:51:44,1950.0,7,1,468.0,966.7,69.0,90,24,89.0,385,385,46.6,659,3.7,73,108.7,203,25.87
1800-03-01 13:51:46,1952.0,7,1,463.0,967.3,80.0,98,24,89.0,386,385,45.2,661,3.8,73,104.6,203,
1800-03-01 13:51:48,1954.0,7,1,454.0,967.7,89.0,107,24,89.1,386,386,46.2,661,3.8,73,107.2,203,
1800-03-01 13:51:50,1956.0,7,1,449.0,968.1,96.0,114,24,89.4,386,386,47.0,664,3.8,74,107.6,203,
1800-03-01 13:51:52,1958.0,7,1,445.0,968.8,111.0,118,24,89.2,386,385,46.1,664,3.8,74,106.3,203,
1800-03-01 13:51:55,1961.0,7,1,439.0,970.0,120.0,122,24,89.0,386,386,45.1,661,3.8,74,104.0,203,25.99
1800-03-01 13:51:57,1963.0,7,1,431.0,970.7,126.0,122,24,88.3,386,386,42.7,654,3.7,74,103.1,203,
1800-03-01 13:51:59,1965.0,7,1,426.0,971.0,128.0,131,24,89.1,386,386,45.4,659,3.8,74,105.5,203,
1800-03-01 13:52:01,1967.0,7,1,420.0,971.8,130.0,124,25,88.4,387,386,42.3,655,3.7,73,99.9,203,
1800-03-01 13:52:03,1969.0,7,1,414.0,971.9,133.0,124,25,87.9,387,386,40.7,649,3.7,73,99.6,203,
1800-03-01 13:52:05,1971.0,7,1,413.0,971.5,131.0,124,25,88.0,386,386,40.8,649,3.7,73,100.6,203,26.24
1800-03-01 13:52:07,1973.0,7,1,414.0,971.6,130.0,125,25,88.3,386,386,42.2,650,3.7,72,101.3,203,
1800-03-01 13:52:09,1975.0,7,1,417.0,971.5,130.0,124,25,88.0,386,386,40.0,649,3.7,72,97.0,203,
1800-03-01 13:52:11,1977.0,7,1,418.0,971.6,124.0,109,25,86.3,387,387,34.2,636,3.6,72,91.7,203,
1800-03-01 13:52:13,1979.0,7,1,422.0,970.8,120.0,111,25,87.3,386,385,39.6,641,3.6,71,99.3,203,
1800-03-01 13:52:15,1981.0,7,1,428.0,970.8,120.0,107,25,87.4,386,386,38.7,644,3.7,71,96.6,203,25.93
1800-03-01 13:52:17,1983.0,7,1,434.0,970.5,119.0,101,25,86.8,387,386,36.2,639,3.7,71,93.4,202,
1800-03-01 13:52:19,1985.0,7,1,438.0,970.1,117.0,100,25,86.8,387,386,37.5,639,3.7,71,96.5,202,
1800-03-01 13:52:21,1987.0,7,1,441.0,970.2,115.0,98,25,86.9,387,386,37.2,639,3.7,70,94.8,202,
1800-03-01 13:52:23,1989.0,7,1,443.0,970.1,113.0,100,25,86.8,386,386,36.6,638,3.7,70,95.5,202,
1800-03-01 13:52:25,1991.0,7,1,443.0,970.1,113.0,101,25,87.9,386,386,40.6,643,3.7,70,100.9,202,25.88
1800-03-01 13:52:27,1993.0,7,1,445.0,969.8,113.0,96,25,87.2,387,387,37.3,640,3.7,70,94.6,202,
1800-03-01 13:52:29,1995.0,7,1,450.0,969.7,109.0,92,24,87.1,386,386,37.7,637,3.7,70,96.4,202,
1800-03-01 13:52:31,1997.0,7,1,453.0,969.6,106.0,85,24,87.3,386,386,38.0,640,3.7,70,96.4,202,
1800-03-01 13:52:33,1999.0,7,1,457.0,969.5,102.0,75,24,87.9,386,386,41.2,642,3.7,70,102.8,202,
1800-03-01 13:52:35,2001.0,7,1,461.0,969.1,96.0,74,24,88.8,385,385,45.4,652,3.8,70,109.5,202,25.98
1800-03-01 13:52:37,2003.0,7,1,465.0,968.8,93.0,64,24,90.5,385,385,52.2,669,3.9,70,116.5,202,
1800-03-01 13:52:39,2005.0,7,1,469.0,968.2,93.0,66,24,90.8,385,385,53.8,675,4.0,70,118.1,202,
1800-03-01 13:52:41,2007.0,7,1,471.0,967.5,91.0,64,24,91.3,385,385,56.9,683,4.0,70,122.1,202,
1800-03-01 13:52:43,2009.0,7,1,476.0,966.7,89.0,68,24,92.0,385,385,59.9,691,4.1,70,125.5,202,
1800-03-01 13:52:45,2011.0,7,1,484.0,966.3,85.0,68,24,92.4,385,385,60.7,699,4.1,70,125.5,202,25.98
1800-03-01 13:52:47,2013.0,7,1,489.0,965.9,85.0,70,24,92.1,385,385,59.8,698,4.1,70,123.4,202,
1800-03-01 13:52:49,2015.0,7,1,491.0,965.6,85.0,81,24,92.2,386,385,59.6,698,4.1,70,123.7,202,
1800-03-01 13:52:51,2017.0,7,1,494.0,965.2,91.0,85,24,92.3,386,385,62.1,701,4.1,70,129.3,202,
1800-03-01 13:52:53,2019.0,7,1,497.0,964.9,94.0,90,24,93.1,385,385,64.7,710,4.2,71,132.0,201,
1800-03-01 13:52:55,2021.0,7,1,495.0,965.1,102.0,101,24,93.4,385,385,65.0,716,4.2,71,131.3,201,26.01
1800-03-01 13:52:57,2023.0,7,1,489.0,965.7,109.0,109,24,93.3,385,385,65.2,718,4.2,71,132.9,201,
1800-03-01 13:52:59,2025.0,7,1,486.0,965.8,120.0,114,24,93.3,386,385,69.0,720,4.2,71,134.0,201,
1800-03-01 13:53:01,2027.0,7,1,482.0,965.6,126.0,120,24,93.4,386,386,69.7,720,4.2,71,136.3,201,
1800-03-01 13:53:03,2029.0,7,1,480.0,965.9,130.0,118,24,93.7,386,386,72.2,724,4.2,71,139.0,201,
1800-03-01 13:53:05,2031.0,7,1,477.0,966.5,135.0,124,24,93.7,386,386,72.0,728,4.2,71,138.3,201,25.94
1800-03-01 13:53:07,2033.0,7,1,474.0,966.5,137.0,129,24,93.8,386,386,72.5,729,4.3,71,138.6,201,
1800-03-01 13:53:09,2035.0,7,1,471.0,966.6,143.0,125,24,93.8,386,386,72.4,730,4.3,71,138.5,201,
1800-03-01 13:53:11,2037.0,7,1,471.0,965.9,146.0,122,24,93.7,387,386,72.0,730,4.3,70,138.3,201,
1800-03-01 13:53:13,2039.0,7,1,470.0,965.2,148.0,122,24,93.9,387,386,72.6,732,4.3,70,138.5,201,
1800-03-01 13:53:15,2041.0,7,1,473.0,964.3,150.0,122,24,93.7,386,386,71.7,730,4.3,70,137.8,201,26.06
1800-03-01 13:53:17,2043.0,7,1,481.0,962.8,150.0,124,24,93.6,387,386,71.5,728,4.2,70,135.9,201,
1800-03-01 13:53:19,2045.0,7,1,485.0,962.1,150.0,131,24,93.5,387,387,70.5,728,4.2,70,134.9,201,
1800-03-01 13:53:21,2047.0,7,1,490.0,961.2,148.0,129,24,93.6,387,386,70.4,728,4.2,69,135.2,201,
1800-03-01 13:53:23,2049.0,7,1,500.0,960.4,143.0,125,24,93.7,387,387,71.1,728,4.3,69,135.9,200,
1800-03-01 13:53:25,2051.0,7,1,511.0,959.4,143.0,122,24,93.6,387,387,70.6,728,4.2,69,135.9,200,26.15
1800-03-01 13:53:27,2053.0,7,1,521.0,958.6,141.0,122,24,93.6,387,387,71.0,728,4.3,69,135.4,200,
1800-03-01 13:53:29,2055.0,7,1,528.0,957.7,141.0,116,24,93.5,387,386,71.4,728,4.2,69,137.2,200,
1800-03-01 13:53:31,2057.0,7,1,540.0,956.5,141.0,124,24,93.8,386,386,71.9,732,4.3,69,137.1,200,
1800-03-01 13:53:33,2059.0,7,1,553.0,955.3,141.0,125,24,93.5,386,386,70.7,729,4.3,68,133.8,200,
1800-03-01 13:53:35,2061.0,7,1,563.0,954.4,144.0,125,24,93.3,387,386,69.6,727,4.2,68,134.1,200,25.34
1800-03-01 13:53:37,2063.0,7,1,576.0,952.9,146.0,125,24,93.5,387,386,70.0,728,4.3,68,134.1,200,
1800-03-01 13:53:39,2065.0,7,1,586.0,951.3,148.0,129,23,93.3,387,387,69.2,727,4.3,68,133.3,200,
1800-03-01 13:53:41,2067.0,7,1,595.0,950.2,152.0,124,23,93.5,387,386,70.3,728,4.3,68,133.1,200,
1800-03-01 13:53:43,2069.0,7,1,605.0,949.4,154.0,127,23,93.2,387,386,69.5,725,4.2,68,134.3,200,
1800-03-01 13:53:45,2071.0,7,1,617.0,948.2,156.0,133,23,93.3,387,387,68.7,727,4.3,68,131.3,200,25.96
1800-03-01 13:53:47,2073.0,7,1,624.0,947.2,152.0,133,23,93.0,387,386,66.8,723,4.2,68,131.7,200,
1800-03-01 13:53:49,2075.0,7,1,635.0,946.0,148.0,125,23,93.0,387,386,67.8,723,4.2,67,130.3,199,
1800-03-01 13:53:51,2077.0,7,1,649.0,944.3,146.0,118,23,93.2,387,387,68.1,723,4.2,67,130.8,199,
1800-03-01 13:53:53,2079.0,7,1,662.0,943.2,146.0,122,23,93.0,387,387,67.2,721,4.2,67,129.7,199,
1800-03-01 13:53:55,2081.0,7,1,675.0,941.9,146.0,124,23,92.8,386,387,65.3,719,4.2,67,127.1,199,25.95
1800-03-01 13:53:57,2083.0,7,1,690.0,940.4,144.0,124,23,93.1,386,386,64.4,721,4.2,67,127.8,199,
1800-03-01 13:53:59,2085.0,7,1,703.0,939.0,144.0,127,23,92.8,387,386,62.5,721,4.2,67,124.6,199,
1800-03-01 13:54:01,2087.0,7,1,720.0,937.6,148.0,129,22,92.7,387,387,61.5,719,4.2,67,123.9,199,
1800-03-01 13:54:03,2089.0,7,1,733.0,936.1,150.0,124,22,92.5,387,387,60.9,715,4.2,67,123.3,199,
1800-03-01 13:54:05,2091.0,7,1,746.0,934.7,150.0,140,22,92.7,386,386,62.1,718,4.2,67,124.7,199,25.66
1800-03-01 13:54:07,2093.0,7,1,757.0,933.9,150.0,140,22,92.6,387,387,60.5,717,4.2,67,122.4,199,
1800-03-01 13:54:09,2095.0,7,1,766.0,932.8,146.0,137,22,92.6,387,386,60.9,716,4.2,66,123.7,199,
1800-03-01 13:54:11,2097.0,7,1,777.0,931.7,144.0,135,22,92.8,387,387,60.9,717,4.2,66,123.0,199,
1800-03-01 13:54:13,2099.0,7,1,788.0,930.4,144.0,138,22,92.5,387,387,60.4,715,4.2,66,120.6,199,
1800-03-01 13:54:15,2101.0,7,1,801.0,929.2,144.0,142,22,92.1,387,387,58.0,709,4.2,66,119.1,199,26.1
1800-03-01 13:54:17,2103.0,7,1,810.0,928.6,143.0,138,22,92.1,387,387,57.9,706,4.1,66,118.6,199,
1800-03-01 13:54:19,2105.0,7,1,816.0,927.9,143.0,129,22,91.7,387,386,57.3,703,4.1,66,118.9,199,
1800-03-01 13:54:21,2107.0,7,1,824.0,927.1,143.0,131,22,92.4,387,386,59.8,708,4.2,66,121.1,198,
1800-03-01 13:54:23,2109.0,7,1,830.0,926.7,141.0,131,22,92.1,387,387,58.1,708,4.2,66,119.6,198,
1800-03-01 13:54:25,2111.0,7,1,838.0,926.2,141.0,120,22,92.1,387,387,58.9,708,4.2,66,120.0,198,26.0
1800-03-01 13:54:27,2113.0,7,1,845.0,925.8,139.0,114,22,92.0,387,386,57.9,707,4.1,66,116.6,198,
1800-03-01 13:54:29,2115.0,7,1,851.0,925.4,139.0,112,22,91.1,387,387,53.6,695,4.1,65,112.4,198,
1800-03-01 13:54:31,2117.0,7,1,855.0,925.3,139.0,109,22,90.8,387,387,52.7,692,4.1,65,111.0,198,
1800-03-01 13:54:33,2119.0,7,1,858.0,924.8,137.0,105,21,90.4,387,387,51.0,686,4.0,65,110.1,198,
1800-03-01 13:54:35,2121.0,7,1,862.0,924.2,137.0,111,21,90.1,387,387,49.2,682,4.0,65,105.6,198,26.61
1800-03-01 13:54:37,2123.0,7,1,866.0,923.7,135.0,116,21,89.5,388,387,47.1,676,4.0,65,104.5,198,
1800-03-01 13:54:39,2125.0,7,1,870.0,923.2,135.0,112,21,89.4,388,387,46.7,674,4.0,65,104.0,198,
1800-03-01 13:54:41,2127.0,7,1,876.0,922.8,135.0,109,21,88.9,387,387,44.6,666,3.9,65,100.2,198,
1800-03-01 13:54:43,2129.0,7,1,882.0,922.5,135.0,107,21,88.7,388,387,44.3,665,3.9,65,101.4,198,
1800-03-01 13:54:45,2131.0,7,1,885.0,922.3,133.0,107,21,88.9,387,387,44.0,664,3.9,65,100.8,198,25.92
1800-03-01 13:54:47,2133.0,7,1,887.0,922.2,131.0,100,21,88.8,388,387,44.3,663,3.9,65,101.4,198,
1800-03-01 13:54:49,2135.0,7,1,889.0,922.2,126.0,90,21,89.1,387,387,46.1,663,3.9,65,106.1,198,
1800-03-01 13:54:51,2137.0,7,1,889.0,922.0,122.0,90,21,90.5,387,386,52.3,676,4.0,65,112.8,197,
1800-03-01 13:54:53,2139.0,7,1,890.0,922.0,117.0,87,21,90.6,387,387,51.3,682,4.0,65,110.0,197,
1800-03-01 13:54:55,2141.0,7,1,892.0,921.8,117.0,87,21,90.3,387,387,50.3,680,4.0,65,108.3,197,26.11
1800-03-01 13:54:57,2143.0,7,1,893.0,921.1,115.0,87,21,90.1,387,387,49.2,677,4.0,66,106.0,197,
1800-03-01 13:54:59,2145.0,7,1,895.0,920.5,115.0,88,21,89.7,387,387,48.2,672,4.0,66,106.3,197,
1800-03-01 13:55:01,2147.0,7,1,899.0,920.0,120.0,92,21,90.0,387,387,48.2,672,4.0,66,105.0,197,
1800-03-01 13:55:03,2149.0,7,1,902.0,919.8,124.0,101,21,89.7,388,387,47.1,669,3.9,66,104.3,197,
1800-03-01 13:55:05,2151.0,7,1,905.0,919.5,126.0,105,21,89.1,388,387,45.2,664,3.9,66,100.4,197,26.1
1800-03-01 13:55:07,2153.0,7,1,907.0,919.0,128.0,111,21,89.0,388,387,44.9,661,3.9,66,101.5,197,
1800-03-01 13:55:09,2155.0,7,1,909.0,918.6,130.0,114,21,88.9,387,387,44.7,661,3.9,66,102.6,197,
1800-03-01 13:55:11,2157.0,7,1,910.0,918.4,130.0,107,21,88.8,388,387,44.0,660,3.9,66,99.7,197,
1800-03-01 13:55:13,2159.0,7,1,913.0,918.0,135.0,111,21,88.5,388,387,42.7,657,3.9,67,98.5,197,
1800-03-01 13:55:15,2161.0,7,1,916.0,917.7,135.0,107,21,88.4,388,388,41.9,655,3.8,67,97.0,197,26.14
1800-03-01 13:55:17,2163.0,7,1,921.0,917.4,135.0,103,21,88.3,388,388,41.4,653,3.8,67,97.9,197,
1800-03-01 13:55:19,2165.0,7,1,924.0,917.1,133.0,96,21,88.5,388,387,42.3,654,3.9,67,97.1,197,
1800-03-01 13:55:21,2167.0,7,1,930.0,916.4,128.0,90,21,87.2,389,388,36.3,645,3.7,67,88.3,197,
1800-03-01 13:55:23,2169.0,7,1,940.0,915.5,122.0,87,21,86.4,387,387,35.4,636,3.7,67,90.2,197,
1800-03-01 13:55:25,2171.0,7,1,950.0,914.6,117.0,87,21,87.2,387,387,38.6,641,3.8,67,96.4,196,25.97
1800-03-01 13:55:27,2173.0,7,1,958.0,913.9,111.0,79,20,88.9,387,387,44.8,654,3.8,66,102.7,196,
1800-03-01 13:55:29,2175.0,7,1,965.0,913.2,106.0,68,20,89.3,387,387,46.7,660,3.9,66,105.2,196,
1800-03-01 13:55:31,2177.0,7,1,971.0,912.7,102.0,59,20,90.0,387,386,48.4,668,4.0,67,106.4,196,
1800-03-01 13:55:33,2179.0,7,1,978.0,912.1,98.0,51,20,90.0,387,387,49.1,670,4.0,67,107.9,196,
1800-03-01 13:55:35,2181.0,7,1,984.0,911.4,98.0,48,20,90.8,387,386,50.6,675,4.0,67,108.6,196,26.69
1800-03-01 13:55:37,2183.0,7,1,988.0,910.9,96.0,42,20,90.5,387,387,50.4,675,4.0,67,108.1,196,
1800-03-01 13:55:39,2185.0,7,1,994.0,910.4,96.0,38,20,90.6,387,386,50.7,676,4.0,67,108.5,196,
1800-03-01 13:55:41,2187.0,7,1,1000.0,909.8,91.0,37,20,90.6,387,387,50.6,677,4.0,67,108.3,196,
1800-03-01 13:55:43,2189.0,7,1,1005.0,909.2,89.0,37,20,90.2,386,386,49.3,674,3.9,67,104.7,196,
1800-03-01 13:55:45,2191.0,7,1,1010.0,909.0,89.0,37,20,88.9,386,386,43.0,663,3.8,67,95.8,196,26.88
1800-03-01 13:55:47,2193.0,7,1,1012.0,909.0,87.0,31,20,88.0,388,387,39.8,653,3.7,68,94.2,196,
1800-03-01 13:55:49,2195.0,7,1,1011.0,909.2,76.0,40,20,88.0,388,388,39.5,652,3.7,68,95.3,196,
1800-03-01 13:55:51,2197.0,7,1,1006.0,909.7,65.0,57,20,88.0,388,388,40.3,653,3.7,68,94.9,196,
1800-03-01 13:55:53,2199.0,7,1,997.0,910.6,57.0,74,20,87.2,389,388,36.2,644,3.7,68,89.9,196,
1800-03-01 13:55:55,2201.0,7,1,983.0,911.3,69.0,98,20,88.0,387,387,40.6,647,3.7,69,97.2,196,25.95
1800-03-01 13:55:57,2203.0,7,1,971.0,912.2,81.0,100,20,87.6,389,388,37.1,644,3.7,69,91.2,196,
1800-03-01 13:55:59,2205.0,7,1,966.0,912.4,94.0,96,20,88.0,389,388,39.8,643,3.7,69,95.7,195,
1800-03-01 13:56:01,2207.0,7,1,963.0,912.6,96.0,88,20,88.3,388,388,38.4,644,3.8,70,91.6,195,
1800-03-01 13:56:03,2209.0,7,1,963.0,912.6,98.0,81,20,87.2,388,387,33.2,633,3.7,70,84.6,195,
1800-03-01 13:56:05,2211.0,7,1,963.0,912.9,94.0,55,20,86.8,388,388,32.6,626,3.6,70,85.5,195,27.01
1800-03-01 13:56:07,2213.0,7,1,961.0,913.3,89.0,48,20,87.1,388,388,34.6,628,3.6,70,88.5,195,
1800-03-01 13:56:09,2215.0,7,1,961.0,913.5,87.0,35,20,87.1,388,388,35.3,631,3.7,70,90.2,195,
1800-03-01 13:56:11,2217.0,7,1,961.0,913.7,87.0,35,20,87.3,388,387,37.5,636,3.7,70,92.5,195,
1800-03-01 13:56:13,2219.0,7,1,961.0,913.7,85.0,38,20,87.4,388,387,37.6,639,3.7,70,93.5,195,
1800-03-01 13:56:15,2221.0,7,1,963.0,913.8,83.0,38,20,87.6,388,387,39.2,643,3.7,70,94.7,195,24.93
1800-03-01 13:56:17,2223.0,7,1,965.0,913.9,80.0,38,20,87.6,388,388,39.6,644,3.7,70,96.0,195,
1800-03-01 13:56:19,2225.0,7,1,966.0,913.9,78.0,42,20,88.1,388,388,43.3,648,3.7,70,104.8,195,
1800-03-01 13:56:21,2227.0,7,1,964.0,913.8,76.0,59,20,90.3,388,387,51.0,669,3.9,70,111.8,195,
1800-03-01 13:56:23,2229.0,7,1,963.0,913.8,74.0,79,20,91.0,388,387,53.7,677,3.9,70,114.0,195,
1800-03-01 13:56:25,2231.0,7,1,962.0,913.9,76.0,94,20,91.3,387,387,53.7,683,3.9,70,114.2,195,26.69
1800-03-01 13:56:27,2233.0,7,1,962.0,914.2,81.0,101,20,91.5,387,387,55.2,686,3.9,71,116.2,195,
1800-03-01 13:56:29,2235.0,7,1,960.0,914.4,93.0,111,20,91.5,387,386,55.3,690,3.9,71,114.4,195,
1800-03-01 13:56:31,2237.0,7,1,958.0,914.6,104.0,124,20,91.3,387,387,54.7,689,4.0,71,114.9,195,
1800-03-01 13:56:33,2239.0,7,1,956.0,914.6,113.0,129,20,91.5,387,387,56.1,691,4.0,71,119.3,195,
1800-03-01 13:56:35,2241.0,7,1,957.0,914.2,120.0,131,20,92.9,387,387,61.8,706,4.0,71,125.5,195,25.7
1800-03-01 13:56:37,2243.0,7,1,958.0,913.6,126.0,135,20,93.0,387,387,61.2,712,4.1,71,123.5,195,
1800-03-01 13:56:39,2245.0,7,1,957.0,912.6,128.0,135,20,93.1,387,387,61.4,715,4.1,71,123.5,195,
1800-03-01 13:56:41,2247.0,7,1,961.0,911.5,128.0,135,20,93.2,387,387,62.1,716,4.1,71,124.9,194,
1800-03-01 13:56:43,2249.0,7,1,967.0,910.3,131.0,140,20,93.2,387,387,61.8,718,4.1,70,124.7,194,
1800-03-01 13:56:45,2251.0,7,1,976.0,909.7,135.0,135,20,93.2,387,387,61.6,718,4.1,70,123.6,194,26.25
1800-03-01 13:56:47,2253.0,7,1,988.0,908.9,131.0,131,20,92.9,387,387,62.7,716,4.1,70,124.1,194,
1800-03-01 13:56:49,2255.0,7,1,999.0,907.8,130.0,120,20,92.8,387,387,60.4,715,4.1,69,122.0,194,
1800-03-01 13:56:51,2257.0,7,1,1015.0,906.0,122.0,120,20,93.1,387,387,62.0,717,4.2,69,124.7,194,
1800-03-01 13:56:53,2259.0,7,1,1033.0,904.1,117.0,120,20,92.7,387,387,63.6,716,4.2,69,123.7,194,
1800-03-01 13:56:55,2261.0,7,1,1052.0,902.4,115.0,112,20,92.7,387,387,62.1,715,4.1,68,123.6,194,26.02
1800-03-01 13:56:57,2263.0,7,1,1070.0,900.9,106.0,98,20,92.9,388,387,65.0,718,4.2,68,126.4,194,
1800-03-01 13:56:59,2265.0,7,1,1088.0,899.3,100.0,81,20,93.3,389,388,66.6,722,4.2,68,128.9,194,
1800-03-01 13:57:01,2267.0,7,1,1106.0,897.7,98.0,68,20,92.8,393,391,64.8,721,4.2,68,124.0,194,
1800-03-01 13:57:03,2269.0,7,1,1120.0,896.5,98.0,53,20,92.4,394,394,59.5,716,4.1,67,119.7,194,
1800-03-01 13:57:05,2271.0,7,1,1134.0,895.5,102.0,40,20,91.6,395,395,54.0,709,4.0,67,109.9,194,26.09
1800-03-01 13:57:07,2273.0,7,1,1145.0,894.6,102.0,51,19,89.0,392,392,42.7,681,3.8,67,91.9,194,
1800-03-01 13:57:09,2275.0,7,1,1155.0,894.0,102.0,46,19,87.1,389,389,38.6,655,3.7,67,92.7,194,
1800-03-01 13:57:11,2277.0,7,1,1160.0,893.5,100.0,59,19,88.2,387,387,42.1,660,3.8,67,97.9,194,
1800-03-01 13:57:13,2279.0,7,1,1164.0,893.2,100.0,77,19,89.2,387,386,46.1,667,3.8,67,103.6,193,
1800-03-01 13:57:15,2281.0,7,1,1164.0,893.4,106.0,51,19,90.2,388,387,49.9,676,3.9,67,108.9,193,26.0
1800-03-01 13:57:17,2283.0,7,1,1164.0,893.1,106.0,57,19,90.8,387,387,52.1,686,4.0,68,109.6,193,
1800-03-01 13:57:19,2285.0,7,1,1165.0,892.6,106.0,62,19,90.7,387,387,51.4,687,4.0,68,108.4,193,
1800-03-01 13:57:21,2287.0,7,1,1167.0,892.4,106.0,75,19,90.4,388,388,49.9,683,3.9,68,106.6,193,
1800-03-01 13:57:23,2289.0,7,1,1169.0,892.3,111.0,68,19,90.1,388,388,48.6,679,3.9,68,104.7,193,
1800-03-01 13:57:25,2291.0,7,1,1172.0,892.1,115.0,68,19,90.3,388,387,51.2,679,3.9,68,110.8,193,26.08
1800-03-01 13:57:27,2293.0,7,1,1174.0,891.9,119.0,74,19,91.4,387,387,56.1,691,4.0,69,116.3,193,
1800-03-01 13:57:29,2295.0,7,1,1177.0,891.4,120.0,88,19,91.7,388,387,55.6,698,4.0,69,113.5,193,
1800-03-01 13:57:31,2297.0,7,1,1179.0,890.9,124.0,88,19,91.5,388,387,54.6,696,4.0,69,112.3,193,
1800-03-01 13:57:33,2299.0,7,1,1182.0,890.6,130.0,92,19,91.5,388,387,54.3,695,4.0,69,111.4,193,
1800-03-01 13:57:35,2301.0,7,1,1185.0,890.2,135.0,100,19,91.3,388,388,53.4,692,4.0,69,110.1,193,26.33
1800-03-01 13:57:37,2303.0,7,1,1188.0,889.7,139.0,105,19,91.2,388,388,52.7,690,4.0,69,110.3,193,
1800-03-01 13:57:39,2305.0,7,1,1190.0,889.2,143.0,105,19,91.3,388,388,53.4,691,4.0,69,110.8,193,
1800-03-01 13:57:41,2307.0,7,1,1194.0,888.8,146.0,112,18,91.2,388,388,53.0,691,4.0,69,110.3,193,
1800-03-01 13:57:43,2309.0,7,1,1197.0,888.4,150.0,114,19,91.0,388,388,51.9,688,4.0,69,108.4,193,
1800-03-01 13:57:45,2311.0,7,1,1201.0,888.1,154.0,112,18,90.6,388,388,51.2,684,3.9,69,109.4,193,26.11
1800-03-01 13:57:47,2313.0,7,1,1204.0,887.8,154.0,111,18,91.3,388,388,53.6,690,4.0,69,111.1,192,
1800-03-01 13:57:49,2315.0,7,1,1207.0,887.3,154.0,111,18,91.2,388,388,53.0,692,4.0,69,110.4,192,
1800-03-01 13:57:51,2317.0,7,1,1210.0,887.2,154.0,112,18,91.2,388,388,53.6,691,4.0,69,112.1,192,
1800-03-01 13:57:53,2319.0,7,1,1212.0,886.9,154.0,114,18,91.5,388,388,54.2,695,4.0,69,111.6,192,
1800-03-01 13:57:55,2321.0,7,1,1214.0,886.6,157.0,112,18,91.0,389,388,52.5,691,4.0,69,109.7,192,25.47
1800-03-01 13:57:57,2323.0,7,1,1216.0,886.1,156.0,116,18,91.0,388,388,53.8,691,4.0,68,111.6,192,
1800-03-01 13:57:59,2325.0,7,1,1219.0,885.4,156.0,118,18,91.0,388,388,52.0,691,4.0,68,109.0,192,
1800-03-01 13:58:01,2327.0,7,1,1224.0,885.0,156.0,118,18,90.6,389,388,50.7,686,4.0,68,106.3,192,
1800-03-01 13:58:03,2329.0,7,1,1228.0,884.3,157.0,118,18,90.7,388,388,51.3,684,4.0,68,109.2,192,
1800-03-01 13:58:05,2331.0,7,1,1231.0,884.5,161.0,118,18,90.8,388,388,51.4,687,4.0,68,107.8,192,25.89
1800-03-01 13:58:07,2333.0,7,1,1234.0,884.4,165.0,125,18,90.8,388,388,51.0,686,4.0,68,107.7,192,
1800-03-01 13:58:09,2335.0,7,1,1234.0,884.5,174.0,124,18,90.4,389,388,49.5,683,4.0,68,105.3,192,
1800-03-01 13:58:11,2337.0,7,1,1234.0,884.2,176.0,125,18,90.4,388,388,50.3,682,4.0,67,107.3,192,
1800-03-01 13:58:13,2339.0,7,1,1233.0,884.0,178.0,122,18,90.6,389,388,50.0,684,4.0,67,106.4,192,
1800-03-01 13:58:15,2341.0,7,1,1233.0,883.9,180.0,122,18,90.3,389,389,49.0,680,4.0,67,105.7,192,26.23
1800-03-01 13:58:17,2343.0,7,1,1233.0,883.9,181.0,122,18,90.7,389,388,50.7,681,4.0,67,107.9,192,
1800-03-01 13:58:19,2345.0,7,1,1234.0,883.7,181.0,135,18,90.7,388,388,50.9,684,4.0,67,105.7,192,
1800-03-01 13:58:21,2347.0,7,1,1234.0,883.4,181.0,131,18,90.1,388,388,49.1,678,4.0,67,108.5,191,
1800-03-01 13:58:23,2349.0,7,1,1234.0,883.9,178.0,127,18,91.5,388,388,54.6,689,4.0,66,113.2,191,
1800-03-01 13:58:25,2351.0,7,1,1233.0,884.0,176.0,127,18,91.6,388,388,54.8,695,4.1,66,114.2,191,26.92
1800-03-01 13:58:27,2353.0,7,1,1232.0,883.9,174.0,125,18,92.1,388,388,56.9,698,4.1,66,116.2,191,
1800-03-01 13:58:29,2355.0,7,1,1231.0,883.8,174.0,127,18,92.3,388,388,57.0,703,4.1,66,115.7,191,
1800-03-01 13:58:31,2357.0,7,1,1231.0,883.6,176.0,129,18,91.8,389,388,55.6,700,4.1,66,113.5,191,
1800-03-01 13:58:33,2359.0,7,1,1232.0,883.6,174.0,124,18,91.8,388,388,56.5,700,4.1,66,115.5,191,
1800-03-01 13:58:35,2361.0,7,1,1234.0,883.5,174.0,125,18,91.9,389,388,55.8,702,4.1,66,113.6,191,26.02
1800-03-01 13:58:37,2363.0,7,1,1234.0,883.3,176.0,124,18,92.0,388,388,56.5,702,4.1,65,115.4,191,
1800-03-01 13:58:39,2365.0,7,1,1236.0,883.3,174.0,122,18,91.3,389,388,53.7,697,4.1,65,110.4,191,
1800-03-01 13:58:41,2367.0,7,1,1239.0,882.8,172.0,120,18,91.3,388,388,54.0,696,4.1,65,112.0,191,
1800-03-01 13:58:43,2369.0,7,1,1240.0,882.4,172.0,122,18,91.5,388,388,53.8,697,4.1,65,110.9,191,
1800-03-01 13:58:45,2371.0,7,1,1242.0,881.9,170.0,125,18,91.0,389,388,52.0,692,4.0,65,108.8,191,26.26
1800-03-01 13:58:47,2373.0,7,1,1244.0,881.5,170.0,125,18,91.3,388,388,52.9,694,4.1,65,109.9,191,
1800-03-01 13:58:49,2375.0,7,1,1247.0,881.2,170.0,127,18,91.2,389,388,52.8,694,4.1,65,109.3,191,
1800-03-01 13:58:51,2377.0,7,1,1251.0,881.1,170.0,127,18,90.8,389,389,51.4,690,4.1,65,108.2,191,
1800-03-01 13:58:53,2379.0,7,1,1252.0,880.9,172.0,124,18,91.0,389,388,52.0,690,4.1,65,108.8,190,
1800-03-01 13:58:55,2381.0,7,1,1255.0,880.7,170.0,124,18,90.9,389,389,51.7,689,4.1,65,109.2,190,25.45
1800-03-01 13:58:57,2383.0,7,1,1257.0,880.4,170.0,124,18,91.3,389,388,54.5,691,4.1,65,112.4,190,
1800-03-01 13:58:59,2385.0,7,1,1260.0,880.1,169.0,122,18,91.7,389,388,55.2,697,4.1,64,113.3,190,
1800-03-01 13:59:01,2387.0,7,1,1263.0,879.8,167.0,118,18,91.4,389,388,54.3,695,4.1,64,110.9,190,
1800-03-01 13:59:03,2389.0,7,1,1266.0,879.2,167.0,124,18,91.5,388,388,55.0,695,4.1,64,113.8,190,
1800-03-01 13:59:05,2391.0,7,1,1270.0,878.6,165.0,133,18,91.5,389,388,53.8,696,4.1,64,110.1,190,26.03
1800-03-01 13:59:07,2393.0,7,1,1274.0,878.2,165.0,122,18,91.5,388,388,55.1,696,4.1,64,113.3,190,
1800-03-01 13:59:09,2395.0,7,1,1278.0,878.0,165.0,120,18,91.6,388,388,55.1,699,4.1,64,112.4,190,
1800-03-01 13:59:11,2397.0,7,1,1283.0,877.6,163.0,118,18,91.3,388,388,53.4,696,4.1,64,111.4,190,
1800-03-01 13:59:13,2399.0,7,1,1287.0,877.5,163.0,116,18,91.8,388,388,55.8,698,4.1,64,113.6,190,
1800-03-01 13:59:15,2401.0,7,1,1291.0,877.5,163.0,118,18,91.5,389,388,54.8,699,4.1,64,111.3,190,26.57
1800-03-01 13:59:17,2403.0,7,1,1291.0,877.5,163.0,116,18,91.5,389,388,54.2,698,4.1,64,112.1,190,
1800-03-01 13:59:19,2405.0,7,1,1291.0,877.6,163.0,116,18,91.6,389,388,54.7,699,4.2,64,111.5,190,
1800-03-01 13:59:21,2407.0,7,1,1292.0,877.6,165.0,114,18,91.1,388,388,52.7,694,4.1,64,109.4,190,
1800-03-01 13:59:23,2409.0,7,1,1292.0,877.5,165.0,111,18,91.2,388,388,53.2,695,4.1,64,108.8,190,
1800-03-01 13:59:25,2411.0,7,1,1293.0,877.4,167.0,116,18,91.0,389,388,51.5,692,4.1,64,108.6,190,26.19
1800-03-01 13:59:27,2413.0,7,1,1293.0,877.3,169.0,125,18,91.2,388,388,53.1,692,4.1,64,111.5,190,
1800-03-01 13:59:29,2415.0,7,1,1294.0,877.4,170.0,122,18,91.8,388,388,56.0,698,4.2,64,115.1,189,
1800-03-01 13:59:31,2417.0,7,1,1293.0,877.8,170.0,124,18,92.1,388,388,57.0,703,4.2,64,115.1,189,
1800-03-01 13:59:33,2419.0,7,1,1290.0,877.9,172.0,129,18,92.1,388,388,56.9,703,4.2,64,116.2,189,
1800-03-01 13:59:35,2421.0,7,1,1288.0,878.4,174.0,124,18,91.8,389,388,56.0,703,4.2,64,112.6,189,26.13
1800-03-01 13:59:37,2423.0,7,1,1286.0,878.5,174.0,120,18,91.8,388,388,56.4,701,4.2,64,115.0,189,
1800-03-01 13:59:39,2425.0,7,1,1284.0,878.4,176.0,127,18,91.8,388,388,55.9,701,4.2,64,113.0,189,
1800-03-01 13:59:41,2427.0,7,1,1282.0,878.6,180.0,129,18,91.7,389,388,54.4,699,4.2,64,111.7,189,
1800-03-01 13:59:43,2429.0,7,1,1280.0,878.5,183.0,129,18,91.0,389,389,51.8,692,4.1,64,107.1,189,
1800-03-01 13:59:45,2431.0,7,1,1279.0,878.6,185.0,133,18,91.1,388,388,54.1,691,4.1,64,112.3,189,25.93
1800-03-01 13:59:47,2433.0,7,1,1277.0,879.4,185.0,129,18,91.3,389,388,53.0,695,4.1,64,109.4,189,
1800-03-01 13:59:49,2435.0,7,1,1274.0,879.4,185.0,129,18,90.7,389,389,50.3,688,4.1,63,104.7,189,
1800-03-01 13:59:51,2437.0,7,1,1273.0,879.5,185.0,131,18,89.6,389,389,45.9,678,4.0,63,99.2,189,
1800-03-01 13:59:53,2439.0,7,1,1272.0,879.6,185.0,124,19,88.2,389,389,40.5,663,3.9,63,91.6,189,
1800-03-01 13:59:55,2441.0,7,1,1270.0,879.8,183.0,124,19,87.8,389,389,38.9,654,3.8,63,91.9,189,26.6
1800-03-01 13:59:57,2443.0,7,1,1267.0,880.5,180.0,118,19,88.1,389,389,40.1,654,3.8,63,93.2,189,
1800-03-01 13:59:59,2445.0,7,1,1263.0,880.7,178.0,118,19,87.5,389,389,38.5,651,3.8,63,91.2,189,
1800-03-01 14:00:01,2447.0,7,1,1259.0,880.8,178.0,120,19,87.5,389,389,39.4,650,3.8,63,93.7,189,
1800-03-01 14:00:03,2449.0,7,1,1254.0,881.3,176.0,120,19,87.6,389,389,38.2,648,3.8,63,88.8,189,
1800-03-01 14:00:05,2451.0,7,1,1251.0,881.7,174.0,120,19,87.1,389,389,37.3,643,3.8,63,92.0,188,26.92
1800-03-01 14:00:07,2453.0,7,1,1248.0,882.3,170.0,118,19,87.6,389,389,38.1,647,3.8,63,90.0,188,
1800-03-01 14:00:09,2455.0,7,1,1243.0,882.6,170.0,114,19,86.1,390,390,32.7,636,3.7,63,83.6,188,
1800-03-01 14:00:11,2457.0,7,1,1240.0,882.8,167.0,105,19,87.0,389,388,36.8,637,3.7,63,90.7,188,
1800-03-01 14:00:13,2459.0,7,1,1235.0,883.4,167.0,107,19,87.4,389,389,37.5,642,3.8,63,91.0,188,
1800-03-01 14:00:15,2461.0,7,1,1231.0,884.2,167.0,111,19,87.8,389,389,39.0,644,3.9,63,92.1,188,25.0
1800-03-01 14:00:17,2463.0,7,1,1224.0,885.0,167.0,109,19,86.7,390,390,34.2,637,3.8,63,84.4,188,
1800-03-01 14:00:19,2465.0,7,1,1218.0,885.4,169.0,112,19,85.3,390,389,30.4,624,3.7,63,79.8,188,
1800-03-01 14:00:21,2467.0,7,1,1214.0,886.0,167.0,105,19,84.7,390,389,28.5,618,3.6,63,78.8,188,
1800-03-01 14:00:23,2469.0,7,1,1208.0,886.7,163.0,94,19,84.8,390,390,28.5,619,3.7,63,78.7,188,
1800-03-01 14:00:25,2471.0,7,1,1203.0,887.3,161.0,92,19,84.7,389,389,29.7,615,3.6,63,84.7,188,26.68
1800-03-01 14:00:27,2473.0,7,1,1196.0,888.4,159.0,92,19,86.8,389,388,36.2,633,3.7,63,90.1,188,
1800-03-01 14:00:29,2475.0,7,1,1189.0,889.1,157.0,90,19,87.1,389,389,35.8,636,3.8,63,88.8,188,
1800-03-01 14:00:31,2477.0,7,1,1181.0,889.7,157.0,88,20,86.8,389,389,35.8,635,3.8,63,89.7,188,
1800-03-01 14:00:33,2479.0,7,1,1174.0,890.3,159.0,88,20,87.4,388,388,37.6,639,3.8,63,91.4,188,
1800-03-01 14:00:35,2481.0,7,1,1168.0,891.2,161.0,87,20,87.3,389,388,37.1,639,3.8,63,90.0,188,25.91
1800-03-01 14:00:37,2483.0,7,1,1160.0,892.1,163.0,90,20,86.9,389,388,35.5,635,3.8,63,87.7,188,
1800-03-01 14:00:39,2485.0,7,1,1152.0,893.1,169.0,92,20,86.0,389,389,32.7,628,3.7,64,83.4,188,
1800-03-01 14:00:41,2487.0,7,1,1142.0,894.2,172.0,98,20,85.1,389,389,29.7,621,3.7,64,79.0,188,
1800-03-01 14:00:43,2489.0,7,1,1131.0,895.5,174.0,107,20,84.5,387,387,28.0,616,3.6,64,80.6,188,
1800-03-01 14:00:45,2491.0,7,1,1117.0,897.3,178.0,109,20,84.7,389,387,27.5,615,3.6,64,75.7,187,25.96
1800-03-01 14:00:47,2493.0,7,1,1101.0,898.8,183.0,118,20,83.0,389,388,23.6,602,3.5,64,73.5,187,
1800-03-01 14:00:49,2495.0,7,1,1084.0,900.6,189.0,118,20,82.9,389,388,22.9,601,3.5,64,70.9,187,
1800-03-01 14:00:51,2497.0,7,1,1066.0,902.4,194.0,127,21,83.3,389,389,24.4,601,3.5,64,75.8,187,
1800-03-01 14:00:53,2499.0,7,1,1047.0,904.2,198.0,127,21,83.5,390,390,24.0,602,3.5,65,74.6,187,
1800-03-01 14:00:55,2501.0,7,1,1031.0,905.9,200.0,127,21,83.7,390,390,25.1,602,3.5,65,76.5,187,26.48
1800-03-01 14:00:57,2503.0,7,1,1015.0,907.3,202.0,129,21,83.0,389,389,23.1,598,3.5,65,74.4,187,
1800-03-01 14:00:59,2505.0,7,1,1000.0,908.5,200.0,138,21,83.4,390,389,23.7,600,3.5,65,72.7,187,
1800-03-01 14:01:01,2507.0,7,1,987.0,909.9,202.0,138,22,83.5,389,389,25.0,599,3.5,65,78.0,187,
1800-03-01 14:01:03,2509.0,7,1,974.0,911.3,204.0,142,22,83.2,391,389,22.6,599,3.5,64,72.0,187,
1800-03-01 14:01:05,2511.0,7,1,962.0,912.3,202.0,137,22,83.1,389,389,23.9,596,3.5,64,76.8,187,25.94
1800-03-01 14:01:07,2513.0,7,1,951.0,913.7,200.0,144,22,83.5,389,389,24.2,601,3.5,64,74.7,187,
1800-03-01 14:01:09,2515.0,7,1,939.0,915.1,200.0,138,22,83.3,389,389,24.1,599,3.5,64,74.9,187,
1800-03-01 14:01:11,2517.0,7,1,925.0,916.3,200.0,140,22,82.8,388,389,23.0,595,3.5,64,77.0,187,
1800-03-01 14:01:13,2519.0,7,1,912.0,917.4,198.0,144,23,83.5,390,389,23.2,599,3.5,64,73.2,187,
1800-03-01 14:01:15,2521.0,7,1,901.0,918.8,198.0,146,23,83.3,389,389,23.7,598,3.5,64,74.7,187,26.84
1800-03-01 14:01:17,2523.0,7,1,889.0,919.8,196.0,148,23,82.6,390,390,22.1,594,3.5,64,74.6,187,
1800-03-01 14:01:19,2525.0,7,1,879.0,920.8,194.0,150,23,83.4,389,389,23.9,599,3.5,63,75.8,187,
1800-03-01 14:01:21,2527.0,7,1,868.0,922.0,193.0,151,23,84.0,388,388,25.6,602,3.6,63,78.8,187,
1800-03-01 14:01:23,2529.0,7,1,856.0,923.5,193.0,150,23,83.8,388,389,25.7,601,3.6,63,80.4,187,
1800-03-01 14:01:25,2531.0,7,1,844.0,925.1,194.0,148,23,84.7,389,389,27.7,609,3.7,63,81.3,186,25.9
1800-03-01 14:01:27,2533.0,7,1,829.0,926.3,193.0,164,24,84.4,389,389,25.6,607,3.6,63,75.6,186,
1800-03-01 14:01:29,2535.0,7,1,814.0,927.7,193.0,161,24,83.6,390,390,25.2,602,3.5,63,80.5,186,
1800-03-01 14:01:31,2537.0,7,1,800.0,928.7,194.0,174,24,83.0,390,390,22.3,597,3.5,63,74.6,186,
1800-03-01 14:01:33,2539.0,7,1,788.0,930.3,194.0,177,25,83.8,391,390,23.7,603,3.6,62,74.4,186,
1800-03-01 14:01:35,2541.0,7,1,774.0,931.3,194.0,177,25,83.7,390,390,24.7,599,3.6,62,79.7,186,25.94
1800-03-01 14:01:37,2543.0,7,1,760.0,932.8,196.0,177,25,84.3,390,390,25.6,606,3.6,62,79.4,186,
1800-03-01 14:01:39,2545.0,7,1,746.0,934.7,194.0,164,25,83.8,391,390,23.2,602,3.6,62,73.3,186,
1800-03-01 14:01:41,2547.0,7,1,733.0,935.8,191.0,155,25,84.1,389,389,27.4,602,3.6,62,86.5,186,
1800-03-01 14:01:43,2549.0,7,1,725.0,937.0,189.0,153,25,85.8,389,388,31.0,619,3.8,62,85.2,186,
1800-03-01 14:01:45,2551.0,7,1,716.0,937.9,189.0,150,25,84.4,389,389,27.3,610,3.7,62,82.5,186,26.23
1800-03-01 14:01:47,2553.0,7,1,710.0,938.8,187.0,138,25,85.1,390,389,28.4,613,3.7,62,82.0,186,
1800-03-01 14:01:49,2555.0,7,1,706.0,939.2,183.0,140,26,85.3,388,388,30.5,615,3.8,61,87.1,186,
1800-03-01 14:01:51,2557.0,7,1,701.0,939.7,183.0,140,26,85.7,389,388,31.1,620,3.8,61,85.4,186,
1800-03-01 14:01:53,2559.0,7,1,695.0,940.2,180.0,137,26,85.5,388,388,30.6,618,3.8,61,87.7,186,
1800-03-01 14:01:55,2561.0,7,1,690.0,940.7,178.0,144,26,86.7,387,387,34.2,627,3.8,61,89.8,186,26.01
1800-03-01 14:01:57,2563.0,7,1,685.0,941.5,178.0,144,26,86.8,388,388,35.8,628,3.8,61,94.6,186,
1800-03-01 14:01:59,2565.0,7,1,679.0,942.5,176.0,138,26,87.4,388,388,37.2,637,3.9,61,95.6,186,
1800-03-01 14:02:01,2567.0,7,1,673.0,943.1,176.0,127,26,87.9,387,387,40.3,640,4.0,61,99.8,186,
1800-03-01 14:02:03,2569.0,7,1,668.0,943.9,176.0,127,26,88.0,387,387,39.9,643,4.0,61,96.4,186,
1800-03-01 14:02:05,2571.0,7,1,661.0,944.6,174.0,125,26,87.4,387,387,37.7,637,3.9,61,95.6,186,26.34
1800-03-01 14:02:07,2573.0,7,1,655.0,945.4,174.0,127,26,87.9,387,387,39.8,642,4.0,61,95.8,186,
1800-03-01 14:02:09,2575.0,7,1,648.0,946.0,174.0,131,26,87.6,388,388,38.3,640,4.0,61,96.6,186,
1800-03-01 14:02:11,2577.0,7,1,643.0,946.2,172.0,127,26,88.0,388,387,40.7,642,4.0,61,99.1,186,
1800-03-01 14:02:13,2579.0,7,1,639.0,946.5,170.0,125,26,88.2,387,387,42.1,647,4.0,61,101.4,186,
1800-03-01 14:02:15,2581.0,7,1,637.0,946.9,170.0,124,26,88.6,388,387,42.4,651,4.0,61,100.9,185,25.39
1800-03-01 14:02:17,2583.0,7,1,635.0,947.2,169.0,125,26,88.6,387,387,43.3,652,4.0,61,104.9,185,
1800-03-01 14:02:19,2585.0,7,1,635.0,946.9,167.0,124,25,90.0,387,386,49.5,664,4.1,61,112.6,185,
1800-03-01 14:02:21,2587.0,7,1,636.0,946.4,165.0,127,25,91.0,386,386,53.7,678,4.2,62,116.7,185,
1800-03-01 14:02:23,2589.0,7,1,638.0,946.3,165.0,131,25,91.3,386,386,54.6,685,4.2,62,117.1,185,
1800-03-01 14:02:25,2591.0,7,1,640.0,946.2,163.0,122,25,91.5,386,386,54.7,689,4.3,62,117.1,185,26.02
1800-03-01 14:02:27,2593.0,7,1,643.0,945.9,163.0,120,25,91.5,386,386,55.9,690,4.3,62,118.7,185,
1800-03-01 14:02:29,2595.0,7,1,645.0,945.8,165.0,120,25,91.5,387,386,55.4,693,4.3,62,117.1,185,
1800-03-01 14:02:31,2597.0,7,1,647.0,945.5,167.0,124,25,91.5,387,386,55.6,693,4.3,62,117.9,185,
1800-03-01 14:02:33,2599.0,7,1,648.0,945.2,169.0,133,25,91.1,387,386,54.4,691,4.2,62,116.3,185,
1800-03-01 14:02:35,2601.0,7,1,649.0,945.1,172.0,137,25,91.3,387,386,54.4,693,4.2,62,116.0,185,25.92
1800-03-01 14:02:37,2603.0,7,1,650.0,944.9,174.0,138,25,91.2,387,387,53.6,692,4.2,62,115.3,185,
1800-03-01 14:02:39,2605.0,7,1,653.0,944.4,174.0,138,25,91.3,387,387,53.7,692,4.2,62,115.0,185,
1800-03-01 14:02:41,2607.0,7,1,656.0,943.9,174.0,144,25,91.2,387,387,53.8,691,4.2,62,115.3,185,
1800-03-01 14:02:43,2609.0,7,1,659.0,944.2,176.0,140,25,90.9,387,387,53.3,691,4.2,62,113.8,185,
1800-03-01 14:02:45,2611.0,7,1,660.0,944.0,176.0,135,25,91.0,387,387,53.7,689,4.2,62,115.7,184,26.14
1800-03-01 14:02:47,2613.0,7,1,661.0,943.7,174.0,135,25,91.3,387,386,54.5,693,4.2,62,116.4,184,
1800-03-01 14:02:49,2615.0,7,1,663.0,943.7,174.0,137,25,91.3,387,386,54.7,695,4.2,62,116.1,184,
1800-03-01 14:02:51,2617.0,7,1,664.0,943.5,172.0,137,25,91.3,387,387,55.4,695,4.2,62,117.8,184,
1800-03-01 14:02:53,2619.0,7,1,665.0,943.2,172.0,137,25,91.7,387,386,56.6,698,4.3,62,119.7,184,
1800-03-01 14:02:55,2621.0,7,1,668.0,942.8,172.0,142,25,91.9,387,386,57.5,703,4.3,62,120.7,184,24.9
1800-03-01 14:02:57,2623.0,7,1,667.0,943.3,174.0,140,25,91.9,387,386,57.4,704,4.3,62,119.4,184,
1800-03-01 14:02:59,2625.0,7,1,666.0,943.3,176.0,140,25,91.8,387,387,56.7,703,4.3,62,118.9,184,
1800-03-01 14:03:01,2627.0,7,1,665.0,943.4,176.0,140,25,91.8,387,387,56.9,703,4.3,62,119.8,184,
1800-03-01 14:03:03,2629.0,7,1,665.0,943.3,178.0,144,25,91.9,386,386,57.7,704,4.3,62,120.1,184,
1800-03-01 14:03:05,2631.0,7,1,665.0,943.3,178.0,146,25,91.9,387,387,57.2,704,4.3,62,119.3,184,26.81
1800-03-01 14:03:07,2633.0,7,1,665.0,943.3,178.0,144,25,91.8,387,386,57.0,704,4.3,62,119.8,184,
1800-03-01 14:03:09,2635.0,7,1,664.0,943.3,178.0,146,25,91.8,387,386,57.1,705,4.3,62,118.5,184,
1800-03-01 14:03:11,2637.0,7,1,664.0,943.4,178.0,148,25,91.7,387,387,56.9,703,4.3,62,119.7,184,
1800-03-01 14:03:13,2639.0,7,1,664.0,943.4,180.0,148,25,91.7,387,386,56.5,703,4.3,62,118.1,184,
1800-03-01 14:03:15,2641.0,7,1,664.0,943.5,181.0,142,25,91.7,387,387,56.3,702,4.3,62,118.4,183,26.46
1800-03-01 14:03:17,2643.0,7,1,665.0,943.3,181.0,148,25,92.0,387,386,57.1,703,4.3,62,119.2,183,
1800-03-01 14:03:19,2645.0,7,1,665.0,943.2,185.0,150,25,91.7,387,387,55.9,702,4.3,62,118.0,183,
1800-03-01 14:03:21,2647.0,7,1,666.0,943.4,187.0,142,25,91.5,387,387,55.5,700,4.3,62,116.7,183,
1800-03-01 14:03:23,2649.0,7,1,666.0,943.0,187.0,146,25,91.6,387,386,56.5,699,4.3,62,118.9,183,
1800-03-01 14:03:25,2651.0,7,1,667.0,942.5,187.0,161,25,91.9,387,386,56.0,704,4.3,62,116.3,183,25.99
1800-03-01 14:03:27,2653.0,7,1,666.0,943.2,187.0,151,25,90.6,386,387,51.6,692,4.2,62,113.9,183,
1800-03-01 14:03:29,2655.0,7,1,665.0,943.5,189.0,148,25,91.6,386,386,56.3,700,4.2,62,117.6,183,
1800-03-01 14:03:31,2657.0,7,1,664.0,943.6,189.0,150,25,90.9,387,386,53.5,695,4.2,62,114.9,183,
1800-03-01 14:03:33,2659.0,7,1,663.0,943.7,191.0,151,25,90.9,387,386,53.1,693,4.2,62,113.4,183,
1800-03-01 14:03:35,2661.0,7,1,663.0,943.7,191.0,159,25,91.0,387,387,53.3,694,4.2,62,114.5,183,26.02
1800-03-01 14:03:37,2663.0,7,1,662.0,943.8,193.0,159,25,91.1,387,387,52.6,693,4.2,62,113.7,183,
1800-03-01 14:03:39,2665.0,7,1,660.0,944.2,194.0,159,25,90.6,387,387,51.1,690,4.2,62,110.9,183,
1800-03-01 14:03:41,2667.0,7,1,659.0,944.2,196.0,157,25,90.7,387,387,52.7,687,4.2,61,114.6,183,
1800-03-01 14:03:43,2669.0,7,1,658.0,944.4,196.0,161,25,91.2,387,387,53.4,694,4.2,61,114.8,183,
1800-03-01 14:03:45,2671.0,7,1,655.0,944.7,200.0,159,25,91.0,387,387,53.2,693,4.2,61,113.4,182,26.22
1800-03-01 14:03:47,2673.0,7,1,650.0,945.1,202.0,155,25,90.9,387,387,53.1,691,4.2,61,115.4,182,
1800-03-01 14:03:49,2675.0,7,1,645.0,945.8,206.0,166,25,90.9,387,387,51.8,692,4.2,61,112.1,182,
1800-03-01 14:03:51,2677.0,7,1,640.0,946.1,206.0,175,25,90.8,387,387,51.6,692,4.2,61,111.2,182,
1800-03-01 14:03:53,2679.0,7,1,633.0,946.9,207.0,170,26,89.7,387,387,46.8,679,4.1,61,106.7,182,
1800-03-01 14:03:55,2681.0,7,1,628.0,946.9,207.0,179,26,90.1,388,387,47.9,681,4.1,61,106.6,182,24.96
1800-03-01 14:03:57,2683.0,7,1,624.0,947.2,207.0,187,26,89.8,388,388,46.3,677,4.1,61,105.4,182,
1800-03-01 14:03:59,2685.0,7,1,619.0,947.9,204.0,177,26,89.9,388,388,47.1,677,4.1,61,106.6,182,
1800-03-01 14:04:01,2687.0,7,1,612.0,948.8,200.0,177,27,90.0,388,387,47.5,678,4.1,61,107.7,182,
1800-03-01 14:04:03,2689.0,7,1,606.0,949.6,198.0,168,27,89.2,388,388,43.4,672,4.0,61,102.1,182,
1800-03-01 14:04:05,2691.0,7,1,604.0,949.7,196.0,162,27,89.9,388,387,48.2,674,4.1,61,108.7,182,26.23
1800-03-01 14:04:07,2693.0,7,1,602.0,950.2,196.0,159,27,89.8,387,387,46.8,677,4.1,61,105.6,182,
1800-03-01 14:04:09,2695.0,7,1,601.0,949.7,196.0,168,27,90.0,387,386,49.4,678,4.1,61,111.9,182,
1800-03-01 14:04:11,2697.0,7,1,598.0,950.5,194.0,161,27,90.3,388,387,48.9,682,4.2,61,109.7,182,
1800-03-01 14:04:13,2699.0,7,1,596.0,950.6,193.0,161,27,90.5,387,387,50.7,682,4.2,61,112.4,182,
1800-03-01 14:04:15,2701.0,7,1,594.0,950.9,191.0,166,27,90.5,387,387,50.0,683,4.2,61,110.8,182,26.06
1800-03-01 14:04:17,2703.0,7,1,593.0,951.1,189.0,162,27,90.6,387,387,50.6,685,4.2,61,111.3,181,
1800-03-01 14:04:19,2705.0,7,1,591.0,951.2,189.0,164,27,90.6,387,387,50.1,684,4.2,61,110.5,181,
1800-03-01 14:04:21,2707.0,7,1,590.0,951.6,189.0,161,27,90.3,387,387,49.4,681,4.2,61,110.0,181,
1800-03-01 14:04:23,2709.0,7,1,588.0,951.8,189.0,161,26,90.6,387,387,50.5,683,4.2,61,110.8,181,
1800-03-01 14:04:25,2711.0,7,1,584.0,952.1,189.0,162,26,90.4,387,387,49.3,681,4.2,61,109.6,181,25.34
1800-03-01 14:04:27,2713.0,7,1,580.0,952.8,189.0,164,26,89.9,388,387,47.5,677,4.1,61,107.3,181,
1800-03-01 14:04:29,2715.0,7,1,576.0,953.2,189.0,155,27,90.1,387,387,48.5,679,4.2,61,108.5,181,
1800-03-01 14:04:31,2717.0,7,1,574.0,953.4,189.0,148,26,90.0,387,387,49.3,676,4.1,61,111.2,181,
1800-03-01 14:04:33,2719.0,7,1,572.0,953.3,191.0,159,26,90.5,387,386,50.5,682,4.2,61,111.0,181,
1800-03-01 14:04:35,2721.0,7,1,569.0,953.5,194.0,168,26,90.5,387,387,50.7,681,4.2,61,111.4,181,26.18
1800-03-01 14:04:37,2723.0,7,1,565.0,954.1,194.0,162,26,90.5,387,387,50.1,682,4.2,61,111.5,181,
1800-03-01 14:04:39,2725.0,7,1,561.0,954.2,194.0,166,27,90.4,387,387,49.6,681,4.2,61,110.0,181,
1800-03-01 14:04:41,2727.0,7,1,558.0,954.5,198.0,164,27,90.3,387,387,50.0,681,4.2,61,110.0,181,
1800-03-01 14:04:43,2729.0,7,1,553.0,955.2,200.0,164,27,90.3,388,387,49.2,680,4.2,61,109.9,181,
1800-03-01 14:04:45,2731.0,7,1,549.0,955.2,200.0,174,27,90.5,387,387,50.4,680,4.2,61,111.7,181,25.3
1800-03-01 14:04:47,2733.0,7,1,546.0,955.7,202.0,175,27,89.4,388,387,44.7,675,4.1,61,102.7,181,
1800-03-01 14:04:49,2735.0,7,1,543.0,956.0,204.0,172,27,89.7,387,387,48.0,671,4.1,61,109.0,180,
1800-03-01 14:04:51,2737.0,7,1,539.0,956.7,206.0,170,27,89.6,387,387,45.9,673,4.1,60,105.2,180,
1800-03-01 14:04:53,2739.0,7,1,536.0,957.1,207.0,170,27,89.4,388,388,45.2,670,4.1,60,104.8,180,
1800-03-01 14:04:55,2741.0,7,1,533.0,957.4,207.0,168,27,89.5,387,387,46.3,670,4.1,60,107.1,180,26.34
1800-03-01 14:04:57,2743.0,7,1,530.0,957.8,207.0,168,27,89.7,387,387,46.8,671,4.1,60,106.5,180,
1800-03-01 14:04:59,2745.0,7,1,527.0,958.2,209.0,170,27,89.7,387,387,46.7,672,4.1,60,107.0,180,
1800-03-01 14:05:01,2747.0,7,1,524.0,958.7,211.0,174,27,89.5,388,387,45.9,670,4.1,60,105.7,180,
1800-03-01 14:05:03,2749.0,7,1,520.0,959.2,211.0,170,27,89.1,387,387,43.8,665,4.1,60,103.1,180,
1800-03-01 14:05:05,2751.0,7,1,517.0,959.5,209.0,170,27,89.2,388,387,44.8,667,4.1,60,104.1,180,25.84
1800-03-01 14:05:07,2753.0,7,1,513.0,960.0,209.0,170,27,89.0,388,387,43.2,663,4.0,60,101.7,180,
1800-03-01 14:05:09,2755.0,7,1,508.0,960.5,209.0,170,27,89.1,388,387,43.5,663,4.0,60,103.0,180,
1800-03-01 14:05:11,2757.0,7,1,503.0,961.3,209.0,168,27,89.0,387,387,43.7,663,4.1,60,103.2,180,
1800-03-01 14:05:13,2759.0,7,1,496.0,962.2,209.0,164,27,88.9,388,387,42.6,661,4.1,60,100.5,180,
1800-03-01 14:05:15,2761.0,7,1,491.0,962.8,209.0,166,27,88.4,388,388,41.0,656,4.0,60,99.6,180,27.25
1800-03-01 14:05:17,2763.0,7,1,487.0,962.9,207.0,172,27,88.7,387,387,42.8,656,4.0,60,102.9,180,
1800-03-01 14:05:19,2765.0,7,1,482.0,963.5,207.0,172,27,88.6,388,387,42.2,658,4.1,60,101.2,179,
1800-03-01 14:05:21,2767.0,7,1,477.0,963.8,207.0,168,28,88.8,388,387,42.9,660,4.1,60,102.8,179,
1800-03-01 14:05:23,2769.0,7,1,473.0,964.2,207.0,168,28,88.8,387,387,43.2,661,4.1,60,103.2,179,
1800-03-01 14:05:25,2771.0,7,1,469.0,964.8,206.0,166,28,88.6,388,387,42.3,659,4.0,60,101.3,179,26.12
1800-03-01 14:05:27,2773.0,7,1,466.0,965.1,204.0,161,28,88.9,388,387,43.1,659,4.0,60,102.6,179,
1800-03-01 14:05:29,2775.0,7,1,465.0,965.3,202.0,162,27,88.8,388,387,42.4,659,4.1,60,101.7,179,
1800-03-01 14:05:31,2777.0,7,1,464.0,965.0,200.0,174,27,88.8,387,387,42.7,659,4.1,60,102.8,179,
1800-03-01 14:05:33,2779.0,7,1,464.0,965.0,200.0,166,27,88.7,387,387,43.0,659,4.1,60,102.3,179,
1800-03-01 14:05:35,2781.0,7,1,462.0,965.5,202.0,162,27,89.0,387,387,44.2,660,4.1,60,104.6,179,25.46
1800-03-01 14:05:37,2783.0,7,1,460.0,966.1,202.0,164,27,89.1,387,387,43.9,661,4.1,60,103.3,179,
1800-03-01 14:05:39,2785.0,7,1,456.0,966.6,207.0,164,27,88.7,387,387,42.6,658,4.0,60,101.5,179,
1800-03-01 14:05:41,2787.0,7,1,450.0,967.4,207.0,166,27,88.5,387,387,42.3,656,4.0,60,101.3,179,
1800-03-01 14:05:43,2789.0,7,1,444.0,968.1,209.0,164,27,88.6,387,387,42.3,655,4.0,60,101.4,179,
1800-03-01 14:05:45,2791.0,7,1,437.0,969.0,209.0,161,27,87.9,388,388,39.8,650,4.0,60,98.4,179,25.95
1800-03-01 14:05:47,2793.0,7,1,431.0,969.3,207.0,161,28,88.6,387,387,42.8,653,4.0,60,102.9,179,
1800-03-01 14:05:49,2795.0,7,1,425.0,969.9,207.0,166,28,88.9,387,387,42.9,658,4.1,60,102.4,179,
1800-03-01 14:05:51,2797.0,7,1,417.0,970.6,207.0,170,28,88.2,388,387,40.3,652,4.0,60,97.4,179,
1800-03-01 14:05:53,2799.0,7,1,412.0,971.0,207.0,168,28,88.1,387,387,40.9,649,4.0,60,101.8,178,
1800-03-01 14:05:55,2801.0,7,1,406.0,971.7,206.0,162,28,88.5,388,387,41.5,655,4.0,60,100.1,178,26.27
1800-03-01 14:05:57,2803.0,7,1,401.0,971.9,206.0,164,28,88.6,387,387,43.0,653,4.0,60,104.0,178,
1800-03-01 14:05:59,2805.0,7,1,396.0,972.5,206.0,164,28,89.0,387,387,43.3,658,4.1,60,102.3,178,
1800-03-01 14:06:01,2807.0,7,1,391.0,973.1,209.0,166,28,88.3,388,387,40.5,651,4.0,60,100.1,178,
1800-03-01 14:06:03,2809.0,7,1,387.0,973.4,206.0,168,28,88.7,387,387,43.5,654,4.1,60,104.6,178,
1800-03-01 14:06:05,2811.0,7,1,383.0,973.9,206.0,168,28,88.6,387,387,42.4,657,4.0,60,101.4,178,26.79
1800-03-01 14:06:07,2813.0,7,1,379.0,974.5,206.0,166,28,88.8,387,387,43.3,657,4.1,60,102.9,178,
1800-03-01 14:06:09,2815.0,7,1,374.0,975.1,206.0,168,28,88.3,388,388,40.4,654,4.0,60,100.4,178,
1800-03-01 14:06:11,2817.0,7,1,370.0,975.2,202.0,162,28,88.7,387,387,42.5,655,4.0,60,103.5,178,
1800-03-01 14:06:13,2819.0,7,1,368.0,975.5,202.0,162,28,88.9,387,387,42.7,658,4.1,60,102.1,178,
1800-03-01 14:06:15,2821.0,7,1,366.0,975.3,200.0,168,28,88.6,387,387,41.9,656,4.1,60,101.7,178,25.58
1800-03-01 14:06:17,2823.0,7,1,363.0,975.8,198.0,168,28,88.5,387,387,41.2,655,4.0,60,100.4,178,
1800-03-01 14:06:19,2825.0,7,1,359.0,976.1,198.0,164,28,88.5,387,387,41.3,654,4.0,60,101.2,178,
1800-03-01 14:06:21,2827.0,7,1,357.0,976.6,198.0,161,28,88.4,387,387,41.2,654,4.0,60,100.5,178,
1800-03-01 14:06:23,2829.0,7,1,353.0,976.9,196.0,164,28,88.5,387,386,42.0,654,4.0,60,103.1,177,
1800-03-01 14:06:25,2831.0,7,1,349.0,977.6,196.0,162,28,88.2,387,386,40.8,653,4.0,60,98.1,177,26.11
1800-03-01 14:06:27,2833.0,7,1,346.0,977.8,193.0,164,28,88.2,386,386,41.4,651,4.0,60,102.7,177,
1800-03-01 14:06:29,2835.0,7,1,344.0,978.5,189.0,157,29,87.9,388,387,38.9,651,4.0,60,97.5,177,
1800-03-01 14:06:31,2837.0,7,1,342.0,978.2,187.0,159,29,88.4,387,386,42.6,651,4.0,60,104.2,177,
1800-03-01 14:06:33,2839.0,7,1,341.0,978.5,185.0,161,29,88.9,386,386,43.6,658,4.1,60,103.8,177,
1800-03-01 14:06:35,2841.0,7,1,337.0,979.0,187.0,164,29,88.5,387,386,41.7,656,4.1,60,100.8,177,26.94
1800-03-01 14:06:37,2843.0,7,1,331.0,979.8,187.0,166,29,87.9,387,387,39.5,650,4.0,60,96.4,177,
1800-03-01 14:06:39,2845.0,7,1,322.0,980.9,189.0,164,29,86.2,387,387,32.5,634,3.8,60,87.6,177,
1800-03-01 14:06:41,2847.0,7,1,313.0,981.7,193.0,168,29,85.6,387,387,31.1,629,3.8,60,88.2,177,
1800-03-01 14:06:43,2849.0,7,1,305.0,983.1,193.0,166,29,85.1,388,387,29.4,625,3.8,60,84.3,177,
1800-03-01 14:06:45,2851.0,7,1,295.0,984.4,194.0,161,29,84.9,388,388,29.7,623,3.8,60,87.1,177,25.94
1800-03-01 14:06:47,2853.0,7,1,284.0,985.7,191.0,153,29,84.7,389,388,27.9,619,3.7,60,84.0,177,
1800-03-01 14:06:49,2855.0,7,1,272.0,986.6,187.0,146,29,84.9,388,388,28.8,619,3.7,60,85.2,177,
1800-03-01 14:06:51,2857.0,7,1,261.0,987.1,185.0,144,29,85.0,387,387,30.2,621,3.7,60,89.3,177,
1800-03-01 14:06:53,2859.0,7,1,251.0,988.2,181.0,137,29,84.9,388,388,28.6,620,3.7,60,84.7,177,
1800-03-01 14:06:55,2861.0,7,1,246.0,988.8,180.0,135,29,85.1,388,387,30.0,621,3.8,60,86.7,177,25.81
1800-03-01 14:06:57,2863.0,7,1,242.0,989.5,180.0,135,29,84.8,388,387,28.7,618,3.8,60,85.3,177,
1800-03-01 14:06:59,2865.0,7,1,238.0,990.0,178.0,137,29,85.1,387,387,29.8,620,3.8,60,87.0,177,
1800-03-01 14:07:01,2867.0,7,1,232.0,990.7,176.0,142,29,84.4,387,386,27.1,613,3.7,61,83.1,177,
1800-03-01 14:07:03,2869.0,7,1,225.0,992.1,178.0,138,29,83.7,388,387,25.5,609,3.7,61,79.4,177,
1800-03-01 14:07:05,2871.0,7,1,215.0,993.2,178.0,137,29,83.3,388,388,24.3,606,3.6,61,80.2,176,26.12
1800-03-01 14:07:07,2873.0,7,1,206.0,994.1,176.0,137,30,83.3,388,388,24.1,605,3.6,61,79.2,176,
1800-03-01 14:07:09,2875.0,7,1,197.0,995.1,174.0,135,30,83.3,387,387,24.0,603,3.6,61,78.8,176,
1800-03-01 14:07:11,2877.0,7,1,189.0,996.0,170.0,135,30,83.0,388,388,24.4,600,3.6,61,80.7,176,
1800-03-01 14:07:13,2879.0,7,1,182.0,997.1,169.0,133,30,83.6,388,387,25.4,607,3.6,61,81.6,176,
1800-03-01 14:07:15,2881.0,7,1,174.0,998.1,167.0,131,30,83.6,388,387,25.3,605,3.7,61,81.0,176,26.31
1800-03-01 14:07:17,2883.0,7,1,165.0,998.9,165.0,125,30,83.6,388,387,25.9,604,3.6,61,83.8,176,
1800-03-01 14:07:19,2885.0,7,1,157.0,999.7,161.0,124,30,83.3,387,387,24.2,603,3.6,61,79.9,176,
1800-03-01 14:07:21,2887.0,7,1,151.0,1000.5,157.0,116,30,83.9,387,386,26.5,606,3.6,62,83.8,176,
1800-03-01 14:07:23,2889.0,7,1,144.0,1001.4,154.0,112,30,83.7,388,387,25.7,607,3.7,62,81.4,176,
1800-03-01 14:07:25,2891.0,7,1,139.0,1002.1,148.0,109,30,83.8,386,386,27.4,607,3.6,62,85.8,176,26.1
1800-03-01 14:07:27,2893.0,7,1,133.0,1002.6,143.0,107,30,84.5,387,386,29.3,614,3.7,62,89.1,176,
1800-03-01 14:07:29,2895.0,7,1,126.0,1003.2,135.0,103,30,85.8,386,386,33.5,623,3.8,62,95.6,176,
1800-03-01 14:07:31,2897.0,7,1,120.0,1004.1,126.0,100,30,86.2,387,386,34.2,630,3.9,62,93.0,176,
1800-03-01 14:07:33,2899.0,7,1,113.0,1004.7,120.0,101,30,86.0,386,386,33.0,627,3.8,62,91.9,176,
1800-03-01 14:07:35,2901.0,7,1,108.0,1005.4,115.0,103,30,85.7,386,386,32.3,626,3.8,62,90.9,176,26.01
1800-03-01 14:07:37,2903.0,7,1,101.0,1006.2,107.0,103,30,85.4,387,386,30.9,623,3.8,62,89.1,176,
1800-03-01 14:07:39,2905.0,7,1,94.0,1006.9,102.0,107,30,83.8,386,387,25.5,611,3.6,63,80.6,176,
1800-03-01 14:07:41,2907.0,7,1,88.0,1007.5,98.0,112,31,84.3,386,386,27.7,612,3.6,63,85.1,176,
1800-03-01 14:07:43,2909.0,7,1,82.0,1008.4,96.0,105,31,83.8,387,387,24.8,609,3.6,63,79.0,176,
1800-03-01 14:07:45,2911.0,7,1,77.0,1008.9,91.0,100,31,82.5,387,386,22.2,600,3.5,63,77.4,176,26.23
1800-03-01 14:07:47,2913.0,7,1,74.0,1009.1,87.0,105,31,82.9,386,386,22.9,604,3.5,63,78.1,176,
1800-03-01 14:07:49,2915.0,7,1,71.0,1009.5,80.0,92,31,83.3,387,387,24.5,603,3.5,63,82.1,176,
1800-03-01 14:07:51,2917.0,7,1,70.0,1009.8,74.0,85,31,83.6,386,386,25.1,607,3.6,64,82.1,176,
1800-03-01 14:07:53,2919.0,7,1,69.0,1010.1,69.0,70,31,84.1,386,385,27.2,610,3.6,64,87.1,175,
1800-03-01 14:07:55,2921.0,7,1,67.0,1010.3,61.0,53,31,85.1,385,385,29.0,617,3.7,64,87.2,175,26.06
1800-03-01 14:07:57,2923.0,7,1,65.0,1010.5,54.0,40,31,85.6,386,385,30.3,621,3.7,64,89.6,175,
1800-03-01 14:07:59,2925.0,7,1,65.0,1010.7,46.0,24,31,86.1,385,385,33.5,623,3.7,64,95.7,175,
1800-03-01 14:08:01,2927.0,7,1,64.0,1011.0,41.0,16,31,87.6,385,384,39.1,636,3.9,64,103.9,175,
1800-03-01 14:08:03,2929.0,7,1,64.0,1011.1,33.0,11,32,89.7,384,384,47.1,655,4.0,65,112.9,175,
1800-03-01 14:08:05,2931.0,7,1,64.0,1011.1,28.0,3,32,90.2,384,384,49.3,664,4.1,65,113.8,175,25.68
1800-03-01 14:08:07,2933.0,7,1,63.0,1011.1,24.0,1,32,90.7,384,383,53.2,672,4.1,65,121.9,175,
1800-03-01 14:08:09,2935.0,10,1,63.0,1011.1,20.0,0,32,91.6,386,384,56.4,685,4.2,65,124.0,175,
1800-03-01 14:08:11,2937.0,10,1,62.0,1011.1,19.0,0,32,91.8,388,387,57.1,691,4.2,66,126.1,175,
1800-03-01 14:08:13,2939.0,10,1,62.0,1010.9,19.0,1,32,92.0,389,389,58.0,698,4.2,66,126.1,175,
1800-03-01 14:08:15,2941.0,10,1,63.0,1010.8,17.0,0,32,91.6,391,391,54.5,691,4.1,67,121.3,175,26.15
1800-03-01 14:08:17,2943.0,10,1,63.0,1010.9,13.0,12,32,92.4,391,390,58.2,696,4.1,68,125.9,175,
1800-03-01 14:08:19,2945.0,10,1,64.0,1011.1,9.0,0,32,92.9,389,389,58.5,699,4.2,68,129.6,175,
1800-03-01 14:08:21,2947.0,10,1,64.0,1011.7,4.0,0,32,94.4,390,389,64.3,715,4.3,69,134.8,175,
1800-03-01 14:08:23,2949.0,10,1,64.0,1011.7,2.0,0,32,94.2,391,391,65.9,722,4.3,69,138.2,175,
1800-03-01 14:08:25,2951.0,10,1,65.0,1011.8,2.0,0,32,94.1,392,392,67.0,726,4.3,70,136.7,175,26.12
1800-03-01 14:08:27,2953.0,10,1,65.0,1012.0,2.0,0,32,93.4,393,393,63.1,722,4.2,70,134.6,175,
1800-03-01 14:08:29,2955.0,10,1,65.0,1012.1,0.0,0,32,94.1,393,393,65.8,726,4.2,70,137.3,175,
1800-03-01 14:08:31,2957.0,10,1,66.0,1012.2,0.0,0,32,94.1,394,393,65.1,727,4.2,70,138.2,175,
1800-03-01 14:08:33,2959.0,10,1,66.0,1012.4,0.0,0,32,93.9,394,393,64.2,727,4.2,71,132.3,174,
1800-03-01 14:08:35,2961.0,10,0,66.0,1012.4,0.0,0,32,93.3,394,394,61.0,721,4.2,71,130.0,174,26.11
1800-03-01 14:08:37,2963.0,10,0,66.0,1012.5,0.0,0,32,92.3,394,394,56.1,716,4.0,71,119.3,174,
1800-03-01 14:08:39,2965.0,3,0,66.0,1011.5,0.0,0,32,85.1,388,390,27.6,663,3.3,72,65.3,174,
1800-03-01 14:08:41,2967.0,3,0,67.0,1011.0,0.0,0,32,79.3,378,379,17.7,603,3.0,72,69.2,174,
1800-03-01 14:08:43,2969.0,3,0,67.0,1010.9,0.0,0,32,75.1,365,371,9.6,583,2.5,72,38.6,174,
1800-03-01 14:08:45,2971.0,3,0,67.0,1011.0,0.0,0,32,67.0,339,344,5.9,547,2.2,72,48.3,174,26.48
1800-03-01 14:08:47,2973.0,2,0,68.0,1010.9,0.0,0,32,67.8,319,325,7.5,578,2.3,73,45.2,174,
1800-03-01 14:08:49,2975.0,2,0,69.0,1011.0,0.0,0,32,67.8,302,307,8.1,578,2.3,73,46.3,174,
1800-03-01 14:08:51,2977.0,2,0,69.0,1011.0,0.0,0,32,67.9,293,295,9.1,573,2.3,73,46.4,174,
1800-03-01 14:08:53,2979.0,2,0,70.0,1011.0,0.0,0,32,67.8,287,289,9.7,570,2.2,74,47.0,174,
1800-03-01 14:08:55,2981.0,2,0,70.0,1010.9,0.0,0,32,67.8,283,283,10.1,569,2.2,74,46.3,174,25.33
1800-03-01 14:08:57,2983.0,2,0,70.0,1010.9,0.0,0,32,67.8,280,280,10.4,566,2.2,74,47.0,174,
1800-03-01 14:08:59,2985.0,2,0,70.0,1011.0,0.0,0,32,67.9,277,278,10.7,564,2.2,75,47.1,174,
1800-03-01 14:09:01,2987.0,2,0,71.0,1011.0,0.0,0,33,67.8,275,275,10.7,563,2.2,75,46.9,174,
1800-03-01 14:09:03,2989.0,2,0,71.0,1011.0,0.0,0,33,67.8,272,272,11.1,562,2.2,76,47.8,174,
1800-03-01 14:09:05,2991.0,2,0,71.0,1011.0,0.0,0,33,67.9,271,271,11.4,561,2.2,76,47.1,174,26.6
1800-03-01 14:09:07,2993.0,2,0,71.0,1011.0,0.0,0,33,67.9,269,269,11.4,560,2.2,76,47.8,174,
1800-03-01 14:09:09,2995.0,2,0,72.0,1011.0,2.0,0,32,67.9,268,268,11.5,559,2.2,77,47.3,174,
1800-03-01 14:09:11,2997.0,2,0,72.0,1010.9,2.0,0,32,67.9,267,267,11.5,559,2.2,77,47.8,174,
1800-03-01 14:09:13,2999.0,2,0,72.0,1010.9,0.0,0,32,67.9,267,267,11.6,558,2.2,78,47.6,174,
1800-03-01 14:09:15,3001.0,2,0,72.0,1011.0,0.0,0,32,67.9,266,266,11.6,557,2.2,78,47.8,174,26.12
1800-03-01 14:09:17,3003.0,2,0,72.0,1010.9,0.0,0,32,67.9,266,266,11.7,556,2.2,78,47.8,174,
1800-03-01 14:09:19,3005.0,2,0,72.0,1011.0,0.0,0,32,67.9,266,265,11.4,556,2.2,79,47.1,174,
1800-03-01 14:09:21,3007.0,2,0,72.0,1010.9,0.0,0,32,67.9,265,265,11.4,555,2.2,79,47.1,173,
1800-03-01 14:09:23,3009.0,2,0,72.0,1011.0,0.0,0,32,67.9,264,264,11.5,556,2.2,79,47.2,173,
1800-03-01 14:09:25,3011.0,2,0,72.0,1010.9,0.0,0,32,67.7,264,264,11.4,554,2.2,80,47.8,173,25.38
1800-03-01 14:09:27,3013.0,2,0,72.0,1010.9,0.0,0,32,67.9,264,264,11.7,558,2.2,80,48.2,173,
1800-03-01 14:09:29,3015.0,2,0,73.0,1010.8,2.0,0,32,67.9,264,264,11.7,558,2.2,80,48.6,173,
1800-03-01 14:09:31,3017.0,2,0,73.0,1010.9,2.0,0,32,67.8,264,264,11.6,557,2.2,80,47.9,173,
1800-03-01 14:09:33,3019.0,2,0,73.0,1010.9,2.0,0,32,67.9,264,264,11.5,557,2.2,81,48.4,173,
1800-03-01 14:09:35,3021.0,2,0,73.0,1010.9,0.0,0,32,67.9,264,264,11.5,557,2.2,81,48.1,173,26.42
1800-03-01 14:09:37,3023.0,2,0,74.0,1011.0,0.0,0,32,67.9,264,264,11.5,558,2.2,81,47.8,173,
1800-03-01 14:09:39,3025.0,2,0,74.0,1011.0,0.0,0,32,67.9,264,264,11.5,558,2.2,81,48.4,173,
1800-03-01 14:09:41,3027.0,9,0,74.0,1010.9,0.0,0,32,67.0,261,264,9.7,551,2.0,80,49.0,173,
1800-03-01 14:09:43,3029.0,9,0,74.0,1010.9,0.0,0,32,45.8,212,254,2.0,417,1.0,80,22.8,173,
1800-03-01 14:09:45,3031.0,9,0,74.0,1010.9,0.0,0,33,29.7,161,236,2.6,300,0.4,79,1.5,173,23.47
1800-03-01 14:09:47,3033.0,9,0,74.0,1010.9,2.0,0,33,21.9,124,220,2.9,256,0.3,79,1.5,173,
1800-03-01 14:09:49,3035.0,9,0,74.0,1010.9,2.0,0,33,17.0,103,205,2.7,236,0.2,78,1.5,173,
1800-03-01 14:09:51,3037.0,9,0,74.0,1010.9,0.0,0,33,13.4,84,192,2.1,228,0.1,78,1.5,173,
1800-03-01 14:09:53,3039.0,9,0,74.0,1011.0,0.0,0,33,11.2,70,181,2.1,226,0.1,78,1.5,173,
1800-03-01 14:09:55,3041.0,9,0,74.0,1011.1,0.0,0,33,9.3,61,170,2.1,225,0.1,77,1.5,173,23.21
1800-03-01 14:09:57,3043.0,9,0,74.0,1010.9,0.0,0,33,7.6,54,162,2.1,226,0.0,77,1.5,173,
1800-03-01 14:09:59,3045.0,9,0,74.0,1010.9,0.0,0,33,6.2,48,154,2.1,226,0.0,77,1.5,173,
1800-03-01 14:10:01,3047.0,9,0,73.0,1010.9,0.0,0,33,5.0,43,146,2.1,229,0.0,76,1.5,173,
1800-03-01 14:10:03,3049.0,9,0,73.0,1011.0,0.0,0,33,4.0,39,139,2.1,231,0.0,76,1.5,173,
1800-03-01 14:10:05,3051.0,9,0,73.0,1010.9,0.0,0,33,3.3,36,133,2.1,235,0.0,76,1.5,173,23.14
1800-03-01 14:10:07,3053.0,9,0,73.0,1010.8,0.0,0,33,2.7,33,127,2.1,239,0.0,75,42.2,173,
1800-03-01 14:10:09,3055.0,9,0,73.0,1011.0,0.0,0,33,2.3,31,122,2.1,244,0.0,75,57.1,173,
1800-03-01 14:10:11,3057.0,9,0,73.0,1010.9,0.0,0,33,1.9,28,116,2.1,248,0.0,75,57.1,173,
1800-03-01 14:10:13,3059.0,9,0,73.0,1011.0,0.0,0,33,1.5,26,112,2.1,253,0.0,75,57.1,173,
1800-03-01 14:10:15,3061.0,9,0,73.0,1010.9,0.0,0,33,1.2,25,107,2.1,258,0.0,75,57.1,173,22.17
1800-03-01 14:10:17,3063.0,-1,0,73.0,1011.0,0.0,0,33,0.9,23,103,2.1,263,0.0,74,57.1,173,
1800-03-01 14:10:19,3065.0,-1,0,72.0,1010.9,0.0,0,33,0.5,22,99,2.1,269,0.0,74,57.1,173,
1800-03-01 14:10:21,3067.0,-1,0,72.0,1010.9,0.0,0,33,0.0,20,95,2.1,276,0.0,74,57.1,173,
1800-03-01 14:10:23,3069.0,-1,0,72.0,1011.0,0.0,0,33,0.0,19,91,2.1,283,0.0,74,57.1,173,
1800-03-01 14:10:25,3071.0,-1,0,72.0,1011.0,0.0,0,33,0.0,18,88,2.1,290,0.0,74,57.1,173,22.74
1800-03-01 14:10:27,3073.0,-1,0,72.0,1010.9,0.0,0,33,0.0,17,79,2.1,296,0.0,74,57.1,173,
1800-03-01 14:10:29,3075.0,-1,0,71.0,1011.0,0.0,0,33,0.0,16,68,2.1,302,0.0,73,57.1,173,
1800-03-01 14:10:31,3077.0,-1,0,71.0,1010.9,0.0,0,33,0.0,15,59,2.1,306,0.0,73,57.1,173,
1800-03-01 14:10:33,3079.0,-1,0,71.0,1010.9,0.0,0,33,0.0,15,51,2.1,310,0.0,73,57.1,173,
