date time,flight time,phase_no,take off switch,altitude,static pressure,ground speed,ind. air speed,oat,n1 1,n2 1,nr,torque 1,tot 1,oil pressure 1,oil temp. 1,fuel flow,fuel vol.,power
1800-11-20 13:33:39,0.0,-1,1,882.0,919.1,0.0,0,24,0.0,0,0,1.0,137,0.0,55,57.6,150,22.78
1800-11-20 13:33:41,2.0,1,1,883.0,919.1,0.0,0,24,1.1,0,0,1.0,137,0.0,55,41.6,147,
1800-11-20 13:33:43,4.0,1,1,883.0,919.2,0.0,0,24,6.7,0,0,1.0,135,0.0,55,34.4,143,
1800-11-20 13:33:45,6.0,1,1,883.0,919.1,0.0,0,24,11.7,0,0,1.0,235,0.0,55,19.3,143,
1800-11-20 13:33:47,8.0,1,1,883.0,919.1,0.0,0,24,16.3,0,0,1.0,502,0.0,55,16.1,143,
1800-11-20 13:33:49,10.0,1,1,884.0,919.1,0.0,0,24,20.2,0,0,1.0,641,0.2,56,11.1,145,16.32
1800-11-20 13:33:51,12.0,1,1,885.0,919.1,0.0,0,24,23.1,0,0,1.0,638,0.3,57,12.2,146,
1800-11-20 13:33:53,14.0,1,1,885.0,919.1,0.0,0,24,26.2,8,0,1.0,642,0.4,57,16.6,147,
1800-11-20 13:33:55,16.0,1,1,885.0,919.1,0.0,0,24,29.7,14,0,1.0,663,0.5,58,19.3,148,
1800-11-20 13:33:57,18.0,1,1,886.0,919.1,0.0,0,24,33.2,20,4,1.0,669,0.6,58,21.3,148,
1800-11-20 13:33:59,20.0,1,1,887.0,919.2,0.0,0,24,37.2,28,22,1.0,669,0.7,59,25.4,149,17.63
1800-11-20 13:34:01,22.0,1,1,887.0,919.2,0.0,0,24,41.8,41,33,1.0,672,0.8,60,29.5,149,
1800-11-20 13:34:03,24.0,1,1,888.0,919.2,0.0,0,24,47.9,58,49,1.0,672,1.0,60,36.3,149,
1800-11-20 13:34:05,26.0,1,1,889.0,919.3,0.0,0,24,54.4,78,69,1.0,670,1.4,61,42.1,149,
1800-11-20 13:34:07,28.0,1,1,889.0,919.2,0.0,0,24,60.9,102,92,10.2,640,1.7,62,48.6,149,
1800-11-20 13:34:09,30.0,1,1,889.0,919.2,0.0,0,24,64.6,131,121,20.1,581,2.0,62,46.7,149,25.16
1800-11-20 13:34:11,32.0,1,1,890.0,919.2,0.0,0,24,67.3,160,150,20.9,541,2.1,63,50.6,149,
1800-11-20 13:34:13,34.0,2,1,890.0,919.1,0.0,0,24,67.8,188,180,18.5,511,2.3,63,49.6,149,
1800-11-20 13:34:15,36.0,2,1,891.0,919.3,0.0,0,24,67.9,206,201,17.1,504,2.3,64,50.1,149,
1800-11-20 13:34:17,38.0,2,1,891.0,919.2,0.0,0,24,67.9,219,215,15.5,504,2.3,64,50.0,149,
1800-11-20 13:34:19,40.0,2,1,892.0,919.2,0.0,0,24,67.8,229,226,14.6,504,2.3,65,50.4,149,25.07
1800-11-20 13:34:21,42.0,2,1,893.0,919.3,0.0,0,24,67.7,239,236,14.1,507,2.2,65,50.9,149,
1800-11-20 13:34:23,44.0,2,1,894.0,919.2,0.0,0,24,67.9,246,244,13.7,511,2.2,66,50.9,149,
1800-11-20 13:34:25,46.0,2,1,895.0,919.3,0.0,0,24,67.9,251,250,13.0,512,2.2,67,50.1,149,
1800-11-20 13:34:27,48.0,2,1,896.0,919.2,2.0,0,24,67.9,255,254,12.9,513,2.2,68,50.1,149,
1800-11-20 13:34:29,50.0,2,1,897.0,919.2,2.0,0,24,67.9,257,256,12.6,512,2.2,69,49.6,149,25.32
1800-11-20 13:34:31,52.0,2,1,897.0,919.2,0.0,0,24,67.9,259,258,12.6,512,2.2,69,50.1,149,
1800-11-20 13:34:33,54.0,2,1,897.0,919.3,0.0,0,24,67.9,261,260,12.4,512,2.2,70,51.0,149,
1800-11-20 13:34:35,56.0,2,1,897.0,919.3,0.0,0,24,67.9,262,261,12.4,514,2.2,70,51.0,149,
1800-11-20 13:34:37,58.0,2,1,897.0,919.2,0.0,0,24,67.9,263,262,12.2,514,2.2,71,50.8,149,
1800-11-20 13:34:39,60.0,2,1,897.0,919.3,0.0,0,24,67.9,263,263,12.2,513,2.2,71,50.7,149,24.64
1800-11-20 13:34:41,62.0,2,1,897.0,919.3,0.0,0,24,67.9,264,263,12.2,514,2.2,72,50.8,149,
1800-11-20 13:34:43,64.0,2,1,897.0,919.3,0.0,0,24,67.9,264,264,12.1,514,2.2,72,50.1,149,
1800-11-20 13:34:45,66.0,2,1,897.0,919.3,0.0,0,24,67.9,265,264,12.0,513,2.2,72,50.4,149,
1800-11-20 13:34:47,68.0,2,1,897.0,919.3,0.0,0,24,67.9,265,264,12.0,513,2.2,72,50.3,149,
1800-11-20 13:34:49,70.0,2,1,898.0,919.3,0.0,0,24,67.9,265,265,12.0,513,2.2,71,51.5,149,24.98
1800-11-20 13:34:51,72.0,3,1,898.0,919.3,0.0,0,24,74.5,275,270,23.2,569,2.2,71,75.8,148,
1800-11-20 13:34:53,74.0,3,1,897.0,919.3,0.0,0,24,79.5,302,294,27.3,573,2.9,71,78.7,148,
1800-11-20 13:34:55,76.0,4,1,897.0,919.3,0.0,0,24,82.2,332,323,29.5,569,3.1,71,85.3,148,
1800-11-20 13:34:57,78.0,4,1,896.0,919.3,0.0,0,24,83.9,362,354,29.8,580,3.3,70,83.2,148,
1800-11-20 13:34:59,80.0,4,1,896.0,919.3,0.0,0,23,80.3,374,372,19.4,550,3.0,70,71.4,148,24.88
1800-11-20 13:35:01,82.0,4,1,895.0,919.4,0.0,0,23,79.8,374,373,19.2,549,3.0,70,72.1,148,
1800-11-20 13:35:03,84.0,4,1,894.0,919.3,0.0,0,23,79.9,374,373,19.1,552,3.0,70,71.9,148,
1800-11-20 13:35:05,86.0,4,1,894.0,919.3,0.0,0,23,79.9,374,374,19.1,552,3.0,70,71.8,148,
1800-11-20 13:35:07,88.0,4,1,893.0,919.4,0.0,0,23,79.8,374,373,19.0,553,3.0,70,71.7,148,
1800-11-20 13:35:09,90.0,4,1,893.0,919.3,0.0,0,23,79.8,374,374,19.1,553,3.0,70,71.9,148,24.9
1800-11-20 13:35:11,92.0,4,1,893.0,919.4,0.0,0,23,79.8,374,374,18.7,554,3.0,70,71.2,148,
1800-11-20 13:35:13,94.0,4,1,893.0,919.4,0.0,0,23,79.8,374,373,19.1,553,3.0,70,71.7,148,
1800-11-20 13:35:15,96.0,4,1,892.0,919.4,0.0,0,23,79.8,374,374,18.9,555,3.0,70,71.8,148,
1800-11-20 13:35:17,98.0,4,1,891.0,919.3,0.0,0,23,79.8,374,374,18.9,555,3.0,70,71.2,148,
1800-11-20 13:35:19,100.0,4,1,889.0,919.3,0.0,0,23,79.9,374,373,18.4,553,3.0,70,70.5,148,25.5
1800-11-20 13:35:21,102.0,4,1,888.0,919.4,0.0,0,23,81.5,374,373,24.3,565,3.0,70,88.2,148,
1800-11-20 13:35:23,104.0,5,1,887.0,920.4,0.0,0,23,86.9,383,380,40.7,616,3.3,70,113.6,148,
1800-11-20 13:35:25,106.0,5,1,886.0,921.0,0.0,0,23,92.0,384,383,64.4,677,3.7,71,139.6,147,
1800-11-20 13:35:27,108.0,5,1,886.0,920.6,0.0,0,23,92.9,386,385,68.5,698,4.0,71,143.3,147,
1800-11-20 13:35:29,110.0,5,1,886.0,920.2,0.0,0,23,94.4,388,387,75.5,722,4.0,71,151.5,147,25.16
1800-11-20 13:35:31,112.0,5,1,886.0,919.7,4.0,0,23,95.1,392,391,78.0,737,4.1,71,154.6,147,
1800-11-20 13:35:33,114.0,5,1,887.0,918.7,6.0,12,23,94.3,394,393,73.5,741,4.0,72,142.2,147,
1800-11-20 13:35:35,116.0,5,1,887.0,919.0,20.0,12,23,93.4,395,394,70.7,727,4.0,72,143.9,147,
1800-11-20 13:35:37,118.0,5,1,885.0,919.0,41.0,40,23,93.7,395,394,69.0,733,3.9,72,136.6,147,
1800-11-20 13:35:39,120.0,5,1,885.0,918.8,59.0,66,23,92.8,393,393,65.5,722,3.9,72,135.0,147,25.14
1800-11-20 13:35:41,122.0,5,1,884.0,918.8,74.0,88,23,92.7,391,391,64.7,721,3.9,72,131.7,147,
1800-11-20 13:35:43,124.0,5,1,883.0,918.7,87.0,100,23,92.0,389,389,61.7,715,3.8,72,127.5,146,
1800-11-20 13:35:45,126.0,5,1,883.0,918.3,106.0,107,23,92.0,388,388,61.9,714,3.8,72,126.8,146,
1800-11-20 13:35:47,128.0,5,1,885.0,917.7,111.0,114,23,91.6,387,386,60.0,709,3.8,72,125.9,146,
1800-11-20 13:35:49,130.0,5,1,888.0,917.3,120.0,124,23,92.1,386,386,62.2,714,3.9,72,127.5,146,25.03
1800-11-20 13:35:51,132.0,5,1,892.0,917.2,128.0,127,23,91.8,387,386,60.6,713,3.8,72,126.3,146,
1800-11-20 13:35:53,134.0,7,1,895.0,917.1,131.0,133,23,91.6,387,387,59.7,711,3.8,72,125.2,146,
1800-11-20 13:35:55,136.0,7,1,897.0,917.1,143.0,142,23,91.6,387,387,59.8,712,3.8,71,124.5,146,
1800-11-20 13:35:57,138.0,7,1,894.0,917.4,152.0,144,22,91.5,388,387,57.9,711,3.8,71,122.6,145,
1800-11-20 13:35:59,140.0,7,1,892.0,917.5,157.0,146,22,91.4,388,387,57.6,710,3.8,71,122.5,145,25.1
1800-11-20 13:36:01,142.0,7,1,890.0,917.3,161.0,150,23,91.2,387,386,56.4,708,3.8,70,123.9,145,
1800-11-20 13:36:03,144.0,7,1,890.0,917.3,165.0,151,23,92.3,387,386,61.8,719,3.9,70,128.1,145,
1800-11-20 13:36:05,146.0,7,1,890.0,917.1,170.0,155,23,91.9,387,387,59.6,716,3.9,69,125.4,145,
1800-11-20 13:36:07,148.0,7,1,891.0,917.1,174.0,157,23,91.9,387,387,59.8,716,3.9,69,125.8,145,
1800-11-20 13:36:09,150.0,7,1,889.0,917.1,178.0,162,23,91.7,387,387,58.7,714,3.9,68,123.1,145,25.21
1800-11-20 13:36:11,152.0,7,1,888.0,917.1,180.0,168,23,91.3,387,387,55.7,711,3.9,68,122.4,145,
1800-11-20 13:36:13,154.0,7,1,885.0,917.4,181.0,170,23,91.5,387,386,56.4,713,3.9,68,121.4,144,
1800-11-20 13:36:15,156.0,7,1,882.0,918.0,185.0,166,23,91.2,387,386,53.7,709,3.9,67,119.9,144,
1800-11-20 13:36:17,158.0,7,1,878.0,918.3,189.0,170,23,91.2,387,386,53.2,709,3.9,67,118.8,144,
1800-11-20 13:36:19,160.0,7,1,874.0,918.7,193.0,175,23,91.4,387,386,53.5,710,3.9,67,119.7,144,24.96
1800-11-20 13:36:21,162.0,7,1,869.0,919.4,196.0,175,23,91.3,387,387,53.4,709,3.9,66,119.7,144,
1800-11-20 13:36:23,164.0,7,1,863.0,920.1,198.0,181,23,91.2,387,386,53.5,709,3.9,66,119.6,144,
1800-11-20 13:36:25,166.0,7,1,857.0,920.9,202.0,185,23,90.8,387,387,50.6,703,3.9,66,115.3,144,
1800-11-20 13:36:27,168.0,7,1,851.0,921.5,204.0,187,23,90.4,387,387,49.2,699,3.9,65,113.8,144,
1800-11-20 13:36:29,170.0,7,1,844.0,922.2,206.0,187,23,90.3,387,387,49.1,696,3.9,65,113.3,143,25.1
1800-11-20 13:36:31,172.0,7,1,836.0,923.2,206.0,185,23,90.2,388,387,47.9,693,3.8,65,112.7,143,
1800-11-20 13:36:33,174.0,7,1,827.0,924.2,206.0,183,23,90.2,388,387,48.3,693,3.8,64,113.5,143,
1800-11-20 13:36:35,176.0,7,1,818.0,925.0,206.0,183,23,89.9,387,387,47.5,690,3.9,64,112.2,143,
1800-11-20 13:36:37,178.0,7,1,810.0,925.7,207.0,187,23,90.2,387,387,48.3,690,3.9,64,113.5,143,
1800-11-20 13:36:39,180.0,7,1,801.0,926.6,207.0,185,23,90.0,387,387,47.4,689,3.9,64,111.7,143,24.81
1800-11-20 13:36:41,182.0,7,1,793.0,927.6,207.0,183,23,89.8,388,387,46.8,687,3.9,63,111.6,143,
1800-11-20 13:36:43,184.0,7,1,785.0,928.3,207.0,185,23,89.4,387,387,45.2,683,3.8,63,108.8,143,
1800-11-20 13:36:45,186.0,7,1,777.0,928.8,209.0,188,24,89.0,387,387,43.3,675,3.8,63,106.3,143,
1800-11-20 13:36:47,188.0,7,1,769.0,929.9,211.0,192,24,89.5,387,386,46.1,680,3.8,63,112.4,143,
1800-11-20 13:36:49,190.0,7,1,759.0,930.8,211.0,192,24,89.9,387,387,46.5,685,3.9,62,112.6,142,24.97
1800-11-20 13:36:51,192.0,7,1,749.0,931.8,213.0,190,24,90.2,387,387,49.6,688,3.9,62,116.8,142,
1800-11-20 13:36:53,194.0,7,1,740.0,933.0,213.0,187,24,90.6,388,387,49.5,695,3.9,62,115.6,142,
1800-11-20 13:36:55,196.0,7,1,731.0,933.9,213.0,188,24,90.2,388,387,48.3,691,3.9,62,113.5,142,
1800-11-20 13:36:57,198.0,7,1,722.0,934.7,215.0,190,24,90.1,387,387,48.7,689,3.9,62,117.2,142,
1800-11-20 13:36:59,200.0,7,1,714.0,935.9,213.0,187,24,90.9,387,387,51.2,699,4.0,62,117.7,142,24.95
1800-11-20 13:37:01,202.0,7,1,704.0,936.8,215.0,190,24,90.8,387,387,51.8,699,4.0,61,119.6,142,
1800-11-20 13:37:03,204.0,7,1,692.0,937.8,219.0,188,24,90.4,387,387,49.6,696,4.0,61,114.8,142,
1800-11-20 13:37:05,206.0,7,1,682.0,938.4,219.0,190,25,90.3,388,387,48.0,692,4.0,61,112.8,142,
1800-11-20 13:37:07,208.0,7,1,672.0,938.7,220.0,188,25,90.1,387,387,47.5,689,3.9,61,113.1,142,
1800-11-20 13:37:09,210.0,7,1,666.0,939.2,219.0,188,25,90.7,386,386,52.0,697,3.9,61,122.7,142,25.57
1800-11-20 13:37:11,212.0,7,1,660.0,940.0,219.0,187,25,91.6,387,386,54.2,709,4.0,61,120.9,142,
1800-11-20 13:37:13,214.0,7,1,652.0,941.0,219.0,188,25,90.9,387,387,51.1,700,4.0,61,117.8,141,
1800-11-20 13:37:15,216.0,7,1,644.0,941.5,220.0,190,25,90.5,387,387,49.4,695,4.0,60,114.5,141,
1800-11-20 13:37:17,218.0,7,1,636.0,942.2,220.0,190,25,90.8,386,386,51.6,698,4.0,60,119.7,141,
1800-11-20 13:37:19,220.0,7,1,630.0,942.8,219.0,192,25,90.8,387,387,50.9,699,4.0,60,117.4,141,24.88
1800-11-20 13:37:21,222.0,7,1,624.0,943.7,219.0,190,25,90.2,387,387,48.7,694,4.0,60,112.9,141,
1800-11-20 13:37:23,224.0,7,1,619.0,944.2,217.0,187,25,90.1,386,386,49.0,689,3.9,60,116.2,141,
1800-11-20 13:37:25,226.0,7,1,613.0,945.2,217.0,188,25,90.3,387,387,49.5,693,4.0,60,117.0,141,
1800-11-20 13:37:27,228.0,7,1,606.0,945.9,215.0,185,25,90.7,387,386,50.8,696,4.0,60,117.9,141,
1800-11-20 13:37:29,230.0,7,1,599.0,946.8,215.0,185,25,90.5,387,387,49.5,694,4.0,60,115.5,141,25.04
1800-11-20 13:37:31,232.0,7,1,594.0,947.3,215.0,187,25,90.4,386,386,50.5,693,4.0,60,118.8,141,
1800-11-20 13:37:33,234.0,7,1,587.0,948.1,215.0,187,26,91.0,387,386,51.9,702,4.0,60,118.4,141,
1800-11-20 13:37:35,236.0,7,1,581.0,948.4,217.0,192,26,90.5,387,386,49.6,696,4.0,60,116.0,141,
1800-11-20 13:37:37,238.0,7,1,574.0,949.1,213.0,188,26,90.5,386,386,50.1,696,4.0,60,116.7,140,
1800-11-20 13:37:39,240.0,7,1,567.0,949.8,213.0,188,26,90.1,386,386,48.4,690,3.9,59,115.7,140,25.51
1800-11-20 13:37:41,242.0,7,1,561.0,950.8,213.0,188,26,90.5,387,386,49.9,695,4.0,59,116.0,140,
1800-11-20 13:37:43,244.0,7,1,555.0,951.8,213.0,183,26,90.3,387,386,48.9,693,4.0,59,115.7,140,
1800-11-20 13:37:45,246.0,7,1,549.0,952.5,213.0,190,26,90.2,387,386,48.4,691,4.0,59,114.3,140,
1800-11-20 13:37:47,248.0,7,1,543.0,953.4,213.0,187,26,90.0,387,386,48.2,688,3.9,59,114.2,140,
1800-11-20 13:37:49,250.0,7,1,534.0,954.2,215.0,188,26,89.9,387,386,47.3,687,4.0,59,113.8,140,25.04
1800-11-20 13:37:51,252.0,7,1,527.0,955.0,215.0,188,26,89.9,387,387,46.6,685,4.0,59,112.0,140,
1800-11-20 13:37:53,254.0,7,1,519.0,955.8,213.0,187,26,89.8,387,387,46.6,684,3.9,59,112.6,140,
1800-11-20 13:37:55,256.0,7,1,513.0,956.3,213.0,188,26,89.8,386,386,48.1,684,3.9,59,116.6,140,
1800-11-20 13:37:57,258.0,7,1,507.0,957.1,213.0,187,26,90.7,387,386,51.1,693,4.0,59,119.0,140,
1800-11-20 13:37:59,260.0,7,1,501.0,957.9,211.0,187,26,90.9,386,386,51.8,697,4.0,59,121.2,140,25.08
1800-11-20 13:38:01,262.0,7,1,494.0,958.7,211.0,185,26,91.5,387,386,54.5,704,4.1,59,123.2,140,
1800-11-20 13:38:03,264.0,7,1,488.0,959.0,209.0,187,26,91.4,387,386,53.9,706,4.1,59,121.8,139,
1800-11-20 13:38:05,266.0,7,1,484.0,959.5,209.0,185,26,91.0,386,386,52.1,700,4.0,59,120.5,139,
1800-11-20 13:38:07,268.0,7,1,481.0,959.7,209.0,183,27,91.4,386,386,53.7,704,4.1,59,121.8,139,
1800-11-20 13:38:09,270.0,7,1,477.0,960.2,209.0,183,27,90.9,386,386,51.8,700,4.0,59,118.9,139,24.13
1800-11-20 13:38:11,272.0,7,1,475.0,960.5,207.0,179,27,90.5,386,386,49.8,695,4.0,59,117.4,139,
1800-11-20 13:38:13,274.0,7,1,475.0,960.4,202.0,174,27,91.1,386,385,53.6,700,4.0,59,122.6,139,
1800-11-20 13:38:15,276.0,6,1,474.0,960.6,200.0,172,27,91.5,386,385,54.3,705,4.1,59,123.2,139,
1800-11-20 13:38:17,278.0,6,1,473.0,960.8,200.0,175,27,91.5,386,385,54.5,706,4.1,59,123.3,139,
1800-11-20 13:38:19,280.0,6,1,470.0,961.2,200.0,177,27,91.6,386,385,55.0,707,4.1,59,125.1,139,26.21
1800-11-20 13:38:21,282.0,6,1,467.0,961.4,202.0,177,27,92.3,386,385,61.4,717,4.1,59,134.4,139,
1800-11-20 13:38:23,284.0,6,1,464.0,961.9,202.0,175,27,92.2,386,386,59.2,718,4.1,59,124.2,139,
1800-11-20 13:38:25,286.0,6,1,463.0,961.7,206.0,181,27,91.9,386,385,57.1,712,4.1,59,128.9,139,
1800-11-20 13:38:27,288.0,6,1,462.0,962.1,207.0,181,27,92.1,386,385,58.9,717,4.1,59,129.4,139,
1800-11-20 13:38:29,290.0,6,1,460.0,962.1,207.0,179,27,92.2,386,386,59.2,717,4.1,59,128.3,139,25.0
1800-11-20 13:38:31,292.0,6,1,458.0,962.5,207.0,179,27,92.2,386,385,60.4,719,4.1,59,129.3,139,
1800-11-20 13:38:33,294.0,6,1,456.0,962.8,207.0,179,27,92.0,386,386,58.9,716,4.1,59,127.7,138,
1800-11-20 13:38:35,296.0,6,1,454.0,963.1,207.0,177,27,92.4,386,386,61.4,720,4.1,59,131.7,138,
1800-11-20 13:38:37,298.0,6,1,451.0,963.4,209.0,179,27,92.1,387,386,60.3,718,4.2,59,127.2,138,
1800-11-20 13:38:39,300.0,6,1,448.0,963.7,209.0,181,27,92.1,386,385,58.5,717,4.1,59,129.0,138,25.16
1800-11-20 13:38:41,302.0,6,1,445.0,964.0,209.0,181,27,92.3,386,385,60.3,721,4.1,59,129.3,138,
1800-11-20 13:38:43,304.0,6,1,442.0,964.4,209.0,183,27,92.2,386,386,58.8,719,4.1,59,130.2,138,
1800-11-20 13:38:45,306.0,6,1,438.0,964.7,211.0,183,27,92.4,386,385,61.2,723,4.1,59,129.2,138,
1800-11-20 13:38:47,308.0,6,1,433.0,965.3,213.0,188,27,92.1,386,386,58.8,720,4.1,59,128.7,138,
1800-11-20 13:38:49,310.0,6,1,428.0,965.7,213.0,190,27,92.3,386,386,58.2,723,4.1,59,127.7,138,25.04
1800-11-20 13:38:51,312.0,6,1,425.0,966.2,217.0,190,27,92.0,386,386,56.0,717,4.1,59,124.6,137,
1800-11-20 13:38:53,314.0,6,1,422.0,966.6,217.0,190,27,91.8,386,386,55.1,714,4.1,59,124.3,137,
1800-11-20 13:38:55,316.0,6,1,419.0,966.9,219.0,188,28,91.7,386,386,55.0,714,4.1,59,123.2,137,
1800-11-20 13:38:57,318.0,6,1,415.0,967.5,220.0,192,28,91.3,386,386,52.9,708,4.0,59,120.9,137,
1800-11-20 13:38:59,320.0,6,1,410.0,968.3,220.0,190,28,90.9,386,386,52.0,704,4.0,59,119.2,137,25.09
1800-11-20 13:39:01,322.0,6,1,405.0,968.8,220.0,190,28,91.0,386,386,51.8,704,4.0,59,119.2,137,
1800-11-20 13:39:03,324.0,6,1,400.0,969.2,220.0,194,28,91.2,386,386,53.9,704,4.0,59,125.7,137,
1800-11-20 13:39:05,326.0,6,1,394.0,970.0,220.0,188,28,91.9,386,386,55.9,716,4.1,59,125.6,136,
1800-11-20 13:39:07,328.0,6,1,390.0,970.2,220.0,192,28,91.7,386,386,55.2,713,4.1,59,124.8,136,
1800-11-20 13:39:09,330.0,6,1,388.0,970.3,219.0,192,28,91.7,386,386,55.0,713,4.1,59,123.7,136,25.14
1800-11-20 13:39:11,332.0,6,1,384.0,970.8,219.0,190,28,91.6,386,386,54.3,711,4.1,59,123.9,136,
1800-11-20 13:39:13,334.0,6,1,380.0,971.1,219.0,190,28,91.7,386,386,56.0,713,4.1,59,126.2,136,
1800-11-20 13:39:15,336.0,6,1,377.0,971.5,217.0,190,28,91.8,386,386,55.4,714,4.1,59,123.3,136,
1800-11-20 13:39:17,338.0,6,1,374.0,971.7,217.0,188,28,91.5,386,386,54.1,710,4.1,59,124.6,136,
1800-11-20 13:39:19,340.0,6,1,370.0,972.1,217.0,188,28,92.1,386,385,57.6,717,4.1,59,127.4,136,25.15
1800-11-20 13:39:21,342.0,6,1,367.0,972.7,217.0,187,28,92.0,386,386,56.2,716,4.1,59,125.9,136,
1800-11-20 13:39:23,344.0,6,1,364.0,973.1,217.0,183,28,91.8,386,386,56.1,714,4.1,59,126.1,136,
1800-11-20 13:39:25,346.0,6,1,362.0,973.2,217.0,187,28,91.8,386,386,55.5,714,4.1,59,124.4,136,
1800-11-20 13:39:27,348.0,6,1,359.0,973.5,215.0,187,28,91.6,386,385,54.6,712,4.1,59,124.4,136,
1800-11-20 13:39:29,350.0,6,1,356.0,973.9,215.0,185,28,91.7,386,385,55.1,712,4.1,59,123.9,135,25.07
1800-11-20 13:39:31,352.0,6,1,353.0,974.0,215.0,188,29,91.6,386,385,54.4,711,4.0,59,123.0,135,
1800-11-20 13:39:33,354.0,6,1,350.0,974.6,217.0,187,29,91.4,386,386,53.2,709,4.0,59,121.7,135,
1800-11-20 13:39:35,356.0,6,1,347.0,974.7,215.0,188,29,91.0,385,386,51.9,704,4.0,59,120.8,135,
1800-11-20 13:39:37,358.0,6,1,346.0,975.0,213.0,188,29,91.2,386,385,53.0,705,4.0,60,120.9,135,
1800-11-20 13:39:39,360.0,6,1,344.0,975.0,211.0,187,29,91.2,386,385,52.7,706,4.0,60,121.0,135,25.35
1800-11-20 13:39:41,362.0,6,1,342.0,975.5,209.0,183,29,91.0,386,386,52.2,705,4.0,60,121.3,135,
1800-11-20 13:39:43,364.0,6,1,339.0,976.0,207.0,181,29,91.5,385,385,55.4,708,4.0,60,125.6,135,
1800-11-20 13:39:45,366.0,6,1,335.0,976.3,207.0,183,29,91.6,386,385,54.6,710,4.0,60,124.1,135,
1800-11-20 13:39:47,368.0,6,1,331.0,977.0,207.0,179,29,91.4,386,385,53.7,708,4.1,60,122.0,135,
1800-11-20 13:39:49,370.0,6,1,329.0,977.1,207.0,179,29,91.2,386,385,53.4,707,4.0,60,122.3,135,25.14
1800-11-20 13:39:51,372.0,6,1,326.0,977.3,207.0,181,29,91.4,386,385,53.5,707,4.0,60,121.9,135,
1800-11-20 13:39:53,374.0,6,1,323.0,977.9,207.0,183,29,91.6,386,385,55.3,708,4.0,60,127.6,134,
1800-11-20 13:39:55,376.0,6,1,320.0,978.0,206.0,183,29,91.9,386,385,55.7,715,4.1,60,124.3,134,
1800-11-20 13:39:57,378.0,6,1,318.0,978.3,206.0,181,29,91.6,385,385,54.2,708,4.0,60,123.3,134,
1800-11-20 13:39:59,380.0,6,1,316.0,978.3,204.0,183,29,91.5,386,385,54.1,708,4.0,60,123.1,134,25.16
1800-11-20 13:40:01,382.0,6,1,315.0,978.6,204.0,181,29,91.4,385,385,53.7,709,4.0,60,122.5,134,
1800-11-20 13:40:03,384.0,6,1,313.0,978.6,204.0,183,29,91.4,385,385,54.8,708,4.0,60,124.5,134,
1800-11-20 13:40:05,386.0,6,1,309.0,979.2,204.0,181,29,91.6,386,385,55.6,709,4.0,60,127.1,134,
1800-11-20 13:40:07,388.0,6,1,306.0,979.7,202.0,179,29,92.0,386,385,56.5,716,4.1,60,126.6,134,
1800-11-20 13:40:09,390.0,6,1,303.0,980.0,202.0,181,29,92.0,386,385,56.5,715,4.1,60,127.6,134,24.97
1800-11-20 13:40:11,392.0,6,1,300.0,980.5,202.0,179,29,92.3,386,385,57.8,718,4.1,60,128.2,134,
1800-11-20 13:40:13,394.0,6,1,297.0,980.6,202.0,181,29,92.3,385,385,57.9,719,4.1,60,128.4,134,
1800-11-20 13:40:15,396.0,6,1,294.0,980.9,202.0,185,29,91.7,385,385,55.6,714,4.0,60,124.8,134,
1800-11-20 13:40:17,398.0,6,1,292.0,981.1,204.0,188,29,92.0,386,385,56.7,717,4.1,60,128.9,133,
1800-11-20 13:40:19,400.0,7,1,290.0,981.6,204.0,185,29,92.7,385,385,60.1,722,4.1,60,132.9,133,25.17
1800-11-20 13:40:21,402.0,7,1,289.0,981.9,204.0,183,29,92.6,386,385,62.1,725,4.2,60,131.5,133,
1800-11-20 13:40:23,404.0,7,1,287.0,982.2,204.0,187,29,92.5,386,385,59.3,721,4.1,60,130.4,133,
1800-11-20 13:40:25,406.0,7,1,286.0,982.2,206.0,190,29,92.1,385,385,57.1,719,4.1,60,127.4,133,
1800-11-20 13:40:27,408.0,7,1,285.0,982.4,204.0,192,30,92.1,385,385,56.9,720,4.0,60,126.0,133,
1800-11-20 13:40:29,410.0,7,1,284.0,982.5,204.0,192,30,91.7,385,385,56.4,714,4.0,60,128.3,133,25.21
1800-11-20 13:40:31,412.0,7,1,283.0,982.6,202.0,192,30,92.2,385,385,57.8,721,4.1,60,129.5,133,
1800-11-20 13:40:33,414.0,7,1,280.0,982.8,202.0,192,30,92.1,386,385,56.4,719,4.1,60,126.2,133,
1800-11-20 13:40:35,416.0,7,1,277.0,983.3,200.0,190,30,92.0,385,385,56.1,719,4.1,60,125.5,132,
1800-11-20 13:40:37,418.0,7,1,274.0,983.5,200.0,192,30,91.5,386,385,54.6,713,4.1,60,124.5,132,
1800-11-20 13:40:39,420.0,7,1,271.0,983.5,196.0,201,30,91.0,386,385,51.4,708,4.0,60,119.9,132,25.07
1800-11-20 13:40:41,422.0,7,1,269.0,983.7,194.0,200,30,91.5,386,385,54.2,710,4.0,60,124.4,132,
1800-11-20 13:40:43,424.0,7,1,266.0,983.9,193.0,200,30,91.7,386,386,54.4,712,4.0,60,124.5,132,
1800-11-20 13:40:45,426.0,7,1,263.0,984.1,189.0,201,30,91.1,386,386,50.9,709,3.9,60,115.1,132,
1800-11-20 13:40:47,428.0,7,1,262.0,984.6,183.0,196,30,89.1,386,386,43.4,684,3.8,60,110.3,132,
1800-11-20 13:40:49,430.0,7,1,261.0,984.5,178.0,192,30,89.5,386,385,45.2,682,3.9,60,111.6,131,26.14
1800-11-20 13:40:51,432.0,7,1,259.0,984.9,174.0,185,30,89.7,386,386,46.9,683,3.9,60,115.0,131,
1800-11-20 13:40:53,434.0,7,1,258.0,985.3,169.0,181,30,90.1,386,386,47.2,689,3.9,60,114.8,131,
1800-11-20 13:40:55,436.0,7,1,256.0,985.3,165.0,185,30,89.8,386,386,46.4,685,3.9,60,112.8,131,
1800-11-20 13:40:57,438.0,7,1,256.0,985.4,163.0,177,30,90.1,385,385,47.7,685,3.9,60,116.4,131,
1800-11-20 13:40:59,440.0,7,1,255.0,985.9,163.0,177,30,90.2,386,386,49.6,688,3.9,60,120.1,131,25.16
1800-11-20 13:41:01,442.0,7,1,253.0,986.1,161.0,172,30,90.9,386,385,51.7,700,4.0,60,119.7,131,
1800-11-20 13:41:03,444.0,7,1,253.0,986.1,161.0,175,30,90.5,386,386,50.9,692,4.0,60,120.8,131,
1800-11-20 13:41:05,446.0,7,1,253.0,986.2,161.0,177,30,91.4,385,385,54.5,703,4.0,60,125.9,131,
1800-11-20 13:41:07,448.0,7,1,253.0,986.2,159.0,179,29,91.7,386,385,55.7,708,4.1,60,126.6,131,
1800-11-20 13:41:09,450.0,7,1,253.0,986.3,157.0,177,29,91.5,386,385,54.3,706,4.0,60,123.5,131,25.18
1800-11-20 13:41:11,452.0,7,1,252.0,986.4,157.0,179,29,91.6,385,385,56.2,706,4.0,60,128.5,131,
1800-11-20 13:41:13,454.0,7,1,250.0,986.7,157.0,179,29,92.2,385,385,57.6,716,4.1,60,127.5,131,
1800-11-20 13:41:15,456.0,7,1,248.0,986.9,157.0,177,29,91.8,385,385,57.7,712,4.1,60,130.5,131,
1800-11-20 13:41:17,458.0,7,1,246.0,987.1,156.0,179,29,91.9,386,385,56.5,714,4.0,60,126.2,131,
1800-11-20 13:41:19,460.0,7,1,246.0,987.1,156.0,174,29,92.0,385,385,57.5,713,4.1,61,129.6,131,24.85
1800-11-20 13:41:21,462.0,7,1,244.0,987.1,156.0,174,29,92.1,385,385,57.9,716,4.0,61,127.8,131,
1800-11-20 13:41:23,464.0,7,1,243.0,987.2,156.0,172,29,92.0,385,385,57.0,714,4.1,61,127.5,131,
1800-11-20 13:41:25,466.0,7,1,241.0,987.5,157.0,172,29,91.9,385,385,56.5,712,4.1,61,125.9,131,
1800-11-20 13:41:27,468.0,7,1,238.0,987.9,161.0,166,29,91.3,385,385,54.6,709,4.0,61,124.0,131,
1800-11-20 13:41:29,470.0,7,1,238.0,988.0,165.0,177,29,91.5,385,385,54.9,708,4.0,61,124.8,130,25.78
1800-11-20 13:41:31,472.0,7,1,237.0,988.1,165.0,177,29,91.4,385,385,54.9,707,4.0,61,125.4,130,
1800-11-20 13:41:33,474.0,7,1,236.0,988.3,165.0,175,29,92.2,385,385,58.2,714,4.0,61,129.5,130,
1800-11-20 13:41:35,476.0,7,1,235.0,988.5,165.0,175,29,92.1,385,385,57.2,715,4.1,61,128.3,130,
1800-11-20 13:41:37,478.0,7,1,233.0,988.7,165.0,172,29,92.1,385,385,57.7,715,4.1,61,129.5,130,
1800-11-20 13:41:39,480.0,7,1,232.0,988.7,167.0,175,29,92.2,385,385,58.1,718,4.1,61,128.5,130,26.4
1800-11-20 13:41:41,482.0,7,1,230.0,988.8,167.0,181,29,92.1,385,385,58.1,717,4.1,61,129.9,130,
1800-11-20 13:41:43,484.0,7,1,229.0,988.9,167.0,183,29,92.3,385,385,58.5,720,4.1,61,129.9,130,
1800-11-20 13:41:45,486.0,7,1,228.0,989.1,167.0,183,29,92.4,386,385,58.8,721,4.1,61,130.9,130,
1800-11-20 13:41:47,488.0,7,1,227.0,989.3,169.0,177,29,92.5,385,385,59.4,723,4.1,61,131.6,130,
1800-11-20 13:41:49,490.0,7,1,227.0,989.3,169.0,179,29,92.6,385,385,59.7,723,4.1,61,132.0,130,25.33
1800-11-20 13:41:51,492.0,7,1,227.0,989.3,170.0,177,29,92.6,385,385,61.6,724,4.1,61,132.5,129,
1800-11-20 13:41:53,494.0,7,1,227.0,989.4,170.0,174,29,91.4,386,386,55.1,714,4.0,61,123.1,129,
1800-11-20 13:41:55,496.0,7,1,228.0,989.0,172.0,181,29,91.4,385,385,54.4,709,4.0,61,124.5,129,
1800-11-20 13:41:57,498.0,7,1,230.0,989.0,172.0,177,29,91.8,385,385,56.4,711,4.0,61,127.4,129,
1800-11-20 13:41:59,500.0,7,1,232.0,989.1,170.0,179,29,92.0,386,385,57.6,715,4.1,61,128.7,129,25.23
1800-11-20 13:42:01,502.0,7,1,233.0,989.1,169.0,179,29,91.7,385,385,56.1,713,4.0,61,126.6,129,
1800-11-20 13:42:03,504.0,7,1,233.0,989.0,167.0,175,29,91.9,385,385,56.5,713,4.0,61,126.3,129,
1800-11-20 13:42:05,506.0,7,1,235.0,989.0,167.0,174,29,92.0,385,385,57.0,713,4.1,61,127.9,129,
1800-11-20 13:42:07,508.0,7,1,236.0,989.1,167.0,174,29,92.0,385,385,56.9,714,4.1,61,126.8,129,
1800-11-20 13:42:09,510.0,7,1,236.0,989.2,169.0,179,29,91.4,385,385,54.7,709,4.0,61,124.5,129,25.21
1800-11-20 13:42:11,512.0,7,1,234.0,989.5,169.0,183,29,91.8,385,385,56.6,709,4.0,61,127.3,129,
1800-11-20 13:42:13,514.0,7,1,230.0,989.8,169.0,187,29,92.0,386,385,56.9,714,4.0,61,127.5,128,
1800-11-20 13:42:15,516.0,7,1,227.0,990.1,167.0,187,29,91.4,386,385,54.2,709,4.0,61,123.3,128,
1800-11-20 13:42:17,518.0,7,1,225.0,990.5,167.0,183,29,91.0,386,385,52.5,704,4.0,61,121.9,128,
1800-11-20 13:42:19,520.0,7,1,222.0,990.6,167.0,185,29,91.2,386,385,53.6,705,4.0,61,123.5,128,25.21
1800-11-20 13:42:21,522.0,7,1,218.0,991.0,167.0,185,29,91.2,385,385,54.4,707,4.0,61,125.2,128,
1800-11-20 13:42:23,524.0,7,1,215.0,991.2,167.0,187,29,91.5,386,385,54.7,708,4.0,61,124.6,128,
1800-11-20 13:42:25,526.0,7,1,212.0,991.7,169.0,183,29,91.3,386,385,54.3,708,4.0,61,124.3,128,
1800-11-20 13:42:27,528.0,7,1,209.0,992.2,170.0,187,29,91.4,386,385,54.3,708,4.0,61,123.8,128,
1800-11-20 13:42:29,530.0,7,1,203.0,992.7,172.0,185,29,91.1,385,385,54.0,705,4.0,61,124.9,128,25.21
1800-11-20 13:42:31,532.0,7,1,198.0,993.5,174.0,185,29,91.0,386,385,52.4,703,4.0,61,119.2,128,
1800-11-20 13:42:33,534.0,7,1,193.0,993.9,174.0,187,29,90.6,386,386,50.8,697,4.0,61,120.4,127,
1800-11-20 13:42:35,536.0,7,1,189.0,994.4,174.0,181,29,90.8,386,386,51.5,698,4.0,61,120.2,127,
1800-11-20 13:42:37,538.0,7,1,185.0,994.6,174.0,183,29,90.4,386,385,49.2,692,3.9,61,115.9,127,
1800-11-20 13:42:39,540.0,7,1,180.0,995.3,172.0,177,29,88.7,386,386,41.8,675,3.8,61,106.1,127,24.53
1800-11-20 13:42:41,542.0,7,1,177.0,995.7,172.0,174,29,89.3,385,385,45.9,674,3.8,61,115.2,127,
1800-11-20 13:42:43,544.0,7,1,173.0,996.1,170.0,174,29,90.0,386,385,48.8,683,3.9,61,117.8,127,
1800-11-20 13:42:45,546.0,7,1,169.0,996.7,172.0,175,29,90.4,385,385,50.0,689,3.9,61,118.6,127,
1800-11-20 13:42:47,548.0,7,1,164.0,997.3,169.0,168,29,89.7,386,386,46.8,684,3.9,61,112.0,127,
1800-11-20 13:42:49,550.0,7,1,161.0,997.6,169.0,175,29,89.2,386,385,45.4,673,3.8,61,114.1,127,24.92
1800-11-20 13:42:51,552.0,7,1,157.0,998.0,167.0,175,29,89.5,386,385,46.6,677,3.9,61,115.1,127,
1800-11-20 13:42:53,554.0,7,1,153.0,998.4,165.0,174,29,89.8,386,385,47.2,681,3.9,61,114.6,127,
1800-11-20 13:42:55,556.0,7,1,150.0,998.9,163.0,174,29,89.9,386,386,47.1,681,3.9,61,115.6,127,
1800-11-20 13:42:57,558.0,7,1,147.0,999.3,163.0,170,29,89.7,386,385,47.0,679,3.9,61,114.3,127,
1800-11-20 13:42:59,560.0,7,1,144.0,999.6,163.0,170,29,89.6,385,386,46.4,678,3.9,61,114.3,127,25.18
1800-11-20 13:43:01,562.0,7,1,141.0,999.9,163.0,166,29,89.5,385,385,45.8,676,3.9,61,110.6,126,
1800-11-20 13:43:03,564.0,7,1,138.0,1000.4,161.0,162,29,88.1,385,385,40.7,660,3.8,61,106.7,126,
1800-11-20 13:43:05,566.0,7,1,134.0,1000.9,161.0,162,29,88.4,386,385,41.7,664,3.8,61,106.4,126,
1800-11-20 13:43:07,568.0,7,1,132.0,1001.3,159.0,162,29,85.5,386,386,30.3,634,3.5,61,90.6,126,
1800-11-20 13:43:09,570.0,7,1,128.0,1001.8,156.0,162,29,84.8,387,386,28.3,623,3.5,61,88.4,126,25.25
1800-11-20 13:43:11,572.0,7,1,124.0,1002.3,150.0,162,29,84.3,386,386,26.8,618,3.5,61,87.3,126,
1800-11-20 13:43:13,574.0,7,1,120.0,1002.9,144.0,155,29,83.8,387,387,25.8,613,3.4,61,87.3,126,
1800-11-20 13:43:15,576.0,7,1,114.0,1003.1,139.0,151,29,83.4,387,387,24.1,607,3.4,61,84.8,126,
1800-11-20 13:43:17,578.0,7,1,110.0,1003.9,133.0,142,29,83.2,387,387,24.0,606,3.4,61,83.0,126,
1800-11-20 13:43:19,580.0,7,1,105.0,1004.6,128.0,137,29,81.4,386,386,18.7,592,3.3,61,76.5,126,25.07
1800-11-20 13:43:21,582.0,7,1,100.0,1005.3,124.0,137,29,81.2,387,386,19.0,587,3.2,61,80.2,126,
1800-11-20 13:43:23,584.0,7,1,93.0,1006.2,115.0,127,29,81.3,386,386,19.0,586,3.2,61,80.0,126,
1800-11-20 13:43:25,586.0,7,1,87.0,1006.9,107.0,122,29,82.8,387,386,22.3,598,3.3,61,83.1,126,
1800-11-20 13:43:27,588.0,7,1,80.0,1007.9,104.0,107,29,81.1,387,387,17.3,582,3.2,61,74.4,126,
1800-11-20 13:43:29,590.0,7,1,73.0,1008.4,98.0,109,29,80.8,385,385,18.2,580,3.2,61,80.1,126,25.24
1800-11-20 13:43:31,592.0,7,1,67.0,1009.3,93.0,103,29,81.9,386,385,20.3,590,3.3,61,81.7,126,
1800-11-20 13:43:33,594.0,7,1,61.0,1010.1,83.0,94,29,82.0,385,385,20.6,587,3.3,61,81.6,126,
1800-11-20 13:43:35,596.0,7,1,56.0,1010.7,76.0,87,29,81.9,386,385,19.5,588,3.3,62,78.2,126,
1800-11-20 13:43:37,598.0,7,1,51.0,1011.2,69.0,81,29,82.3,385,385,21.8,590,3.3,62,87.3,126,
1800-11-20 13:43:39,600.0,7,1,47.0,1011.6,59.0,68,29,84.4,385,385,27.4,605,3.4,62,89.4,126,26.02
1800-11-20 13:43:41,602.0,7,1,44.0,1012.1,54.0,48,29,83.5,385,384,24.0,597,3.4,62,84.0,126,
1800-11-20 13:43:43,604.0,10,1,41.0,1012.6,44.0,37,29,84.3,384,384,28.5,603,3.4,62,96.3,126,
1800-11-20 13:43:45,606.0,10,1,38.0,1013.0,33.0,14,29,85.6,385,384,32.7,619,3.6,62,99.5,126,
1800-11-20 13:43:47,608.0,10,1,37.0,1013.4,22.0,5,29,87.6,383,383,42.4,636,3.7,62,116.1,126,
1800-11-20 13:43:49,610.0,10,1,35.0,1013.5,13.0,0,29,90.7,382,381,57.5,675,3.9,63,137.7,126,25.34
1800-11-20 13:43:51,612.0,10,1,35.0,1013.5,11.0,0,30,92.5,384,382,65.6,704,4.1,63,140.3,126,
1800-11-20 13:43:53,614.0,10,1,35.0,1013.5,9.0,0,30,92.1,388,387,61.9,702,4.1,63,136.2,127,
1800-11-20 13:43:55,616.0,10,1,35.0,1013.5,17.0,9,30,92.1,390,390,61.2,707,4.0,64,134.8,127,
1800-11-20 13:43:57,618.0,10,1,35.0,1013.5,20.0,3,30,91.9,392,391,59.9,706,4.0,64,133.8,126,
1800-11-20 13:43:59,620.0,10,1,34.0,1013.6,22.0,0,30,91.6,391,391,57.5,706,4.0,65,135.6,126,25.31
1800-11-20 13:44:01,622.0,10,1,34.0,1013.7,22.0,0,30,92.4,391,391,61.0,713,4.0,66,133.7,126,
1800-11-20 13:44:03,624.0,10,1,35.0,1013.6,17.0,0,31,92.3,391,391,57.9,709,4.0,66,132.9,126,
1800-11-20 13:44:05,626.0,10,1,36.0,1013.6,13.0,1,31,92.4,390,391,59.3,712,4.0,67,131.5,126,
1800-11-20 13:44:07,628.0,10,1,36.0,1014.1,7.0,0,31,92.6,390,390,59.7,712,4.0,67,135.0,126,
1800-11-20 13:44:09,630.0,10,1,35.0,1015.3,2.0,0,31,93.3,391,391,64.2,717,4.0,67,139.2,126,25.35
1800-11-20 13:44:11,632.0,10,1,35.0,1015.4,0.0,0,31,92.8,392,392,57.6,713,3.9,68,126.7,126,
1800-11-20 13:44:13,634.0,4,0,35.0,1014.1,0.0,0,31,85.2,386,388,27.2,653,3.1,68,70.0,125,
1800-11-20 13:44:15,636.0,4,0,35.0,1013.6,0.0,0,31,78.5,375,376,15.9,584,2.9,69,72.1,125,
1800-11-20 13:44:17,638.0,4,0,35.0,1013.7,0.0,0,31,79.1,372,372,17.7,594,2.9,69,74.1,125,
1800-11-20 13:44:19,640.0,4,0,35.0,1013.7,0.0,0,32,79.9,372,372,19.1,595,3.0,69,75.4,125,25.35
1800-11-20 13:44:21,642.0,4,0,35.0,1013.7,0.0,0,32,77.9,366,368,12.8,576,2.6,69,50.4,125,
1800-11-20 13:44:23,644.0,3,0,36.0,1013.7,0.0,0,32,67.1,340,346,4.4,507,2.1,70,50.6,125,
1800-11-20 13:44:25,646.0,2,0,37.0,1013.7,0.0,0,32,67.8,320,326,6.9,550,2.2,70,51.4,125,
1800-11-20 13:44:27,648.0,2,0,38.0,1013.7,0.0,0,32,67.9,303,307,8.1,551,2.2,71,53.0,125,
1800-11-20 13:44:29,650.0,2,0,39.0,1013.6,0.0,0,32,67.9,291,293,9.0,553,2.2,71,53.1,125,25.24
1800-11-20 13:44:31,652.0,2,0,39.0,1013.6,0.0,1,32,68.0,284,285,9.6,551,2.2,71,52.7,125,
1800-11-20 13:44:33,654.0,2,0,39.0,1013.6,0.0,0,32,67.9,278,280,10.0,548,2.2,72,52.5,125,
1800-11-20 13:44:35,656.0,2,0,39.0,1013.6,0.0,0,32,67.9,274,275,10.3,544,2.1,72,52.5,125,
1800-11-20 13:44:37,658.0,2,0,39.0,1013.7,0.0,0,32,67.9,272,272,10.6,544,2.1,73,52.8,125,
1800-11-20 13:44:39,660.0,2,0,40.0,1013.7,0.0,0,32,67.9,270,270,11.1,544,2.1,73,53.1,125,25.36
1800-11-20 13:44:41,662.0,2,0,41.0,1013.6,0.0,0,32,67.9,268,268,11.0,542,2.1,74,52.7,125,
1800-11-20 13:44:43,664.0,2,0,40.0,1013.8,0.0,0,32,67.9,266,267,11.0,540,2.1,74,52.7,125,
1800-11-20 13:44:45,666.0,2,0,39.0,1013.7,0.0,0,32,67.9,265,266,11.2,537,2.1,75,52.8,125,
1800-11-20 13:44:47,668.0,2,0,39.0,1013.6,0.0,0,32,67.9,265,265,11.1,536,2.1,75,52.2,125,
1800-11-20 13:44:49,670.0,2,0,39.0,1013.7,0.0,0,32,67.9,264,264,11.1,537,2.1,76,52.7,125,25.24
1800-11-20 13:44:51,672.0,2,0,37.0,1013.6,0.0,0,32,67.9,264,263,11.3,537,2.1,76,52.7,125,
1800-11-20 13:44:53,674.0,2,0,37.0,1013.8,0.0,0,32,67.9,263,263,11.3,536,2.1,77,52.7,125,
1800-11-20 13:44:55,676.0,2,0,37.0,1013.7,0.0,0,32,67.9,263,262,11.2,536,2.1,77,52.7,125,
1800-11-20 13:44:57,678.0,2,0,36.0,1013.7,0.0,0,32,67.9,262,262,11.2,536,2.1,78,52.5,125,
1800-11-20 13:44:59,680.0,2,0,36.0,1013.7,0.0,0,32,67.9,262,262,11.5,536,2.1,78,53.1,125,25.32
1800-11-20 13:45:01,682.0,2,0,36.0,1013.7,0.0,0,32,67.9,262,262,11.3,534,2.1,78,52.6,125,
1800-11-20 13:45:03,684.0,2,0,35.0,1013.8,0.0,0,32,67.9,262,261,11.4,532,2.1,79,52.2,125,
1800-11-20 13:45:05,686.0,2,0,35.0,1013.6,0.0,0,32,67.9,262,261,11.3,532,2.1,79,52.5,125,
1800-11-20 13:45:07,688.0,2,0,34.0,1013.7,0.0,0,32,67.9,262,261,11.4,532,2.1,79,53.2,124,
1800-11-20 13:45:09,690.0,2,0,34.0,1013.7,0.0,0,32,67.8,262,261,11.5,536,2.1,80,53.2,124,25.07
1800-11-20 13:45:11,692.0,2,0,34.0,1013.7,0.0,0,32,67.9,262,261,11.3,540,2.0,80,53.2,124,
1800-11-20 13:45:13,694.0,2,0,34.0,1013.7,0.0,0,33,67.9,262,262,11.2,540,2.0,80,53.2,124,
1800-11-20 13:45:15,696.0,2,0,35.0,1013.6,0.0,0,33,67.9,262,261,11.2,541,2.0,80,53.2,124,
1800-11-20 13:45:17,698.0,2,0,35.0,1013.7,0.0,0,33,67.9,262,261,11.4,541,2.0,81,53.4,124,
1800-11-20 13:45:19,700.0,2,0,36.0,1013.6,0.0,0,33,67.9,262,261,11.3,541,2.0,81,53.2,124,26.11
1800-11-20 13:45:21,702.0,2,0,35.0,1013.8,0.0,0,33,67.8,262,262,11.4,541,2.0,81,53.9,124,
1800-11-20 13:45:23,704.0,2,0,35.0,1013.9,0.0,0,32,67.9,264,263,11.5,541,2.0,81,53.7,124,
1800-11-20 13:45:25,706.0,2,0,35.0,1013.8,0.0,3,32,67.9,264,264,11.6,538,2.0,81,53.7,124,
1800-11-20 13:45:27,708.0,2,0,35.0,1013.8,0.0,9,32,67.9,264,264,11.6,538,2.1,80,54.0,124,
1800-11-20 13:45:29,710.0,2,0,36.0,1013.9,0.0,16,32,67.9,264,264,11.5,542,2.1,80,53.7,124,24.67
1800-11-20 13:45:31,712.0,2,0,36.0,1013.8,0.0,9,32,67.8,264,264,11.7,542,2.1,79,53.8,124,
1800-11-20 13:45:33,714.0,2,0,36.0,1013.7,0.0,9,32,67.9,264,264,11.6,542,2.1,79,54.2,124,
1800-11-20 13:45:35,716.0,2,0,36.0,1013.7,0.0,5,32,67.9,264,264,11.5,543,2.1,78,53.8,124,
1800-11-20 13:45:37,718.0,2,0,36.0,1013.7,0.0,5,32,67.9,264,264,11.5,543,2.1,78,54.0,124,
1800-11-20 13:45:39,720.0,2,0,35.0,1013.8,0.0,0,32,67.9,264,264,11.4,543,2.1,77,54.0,124,25.93
1800-11-20 13:45:41,722.0,2,0,35.0,1013.6,0.0,0,32,68.0,264,263,11.3,544,2.1,77,53.5,124,
1800-11-20 13:45:43,724.0,2,0,35.0,1013.7,0.0,0,32,67.8,263,262,11.3,539,2.1,76,53.3,124,
1800-11-20 13:45:45,726.0,2,0,35.0,1013.7,0.0,0,32,67.9,263,262,11.6,541,2.1,76,53.7,124,
1800-11-20 13:45:47,728.0,2,0,36.0,1013.4,0.0,0,32,67.9,263,263,11.5,538,2.2,75,53.7,124,
1800-11-20 13:45:49,730.0,2,0,36.0,1013.4,0.0,0,31,67.9,263,263,11.5,535,2.2,75,53.5,124,25.8
1800-11-20 13:45:51,732.0,2,0,36.0,1013.6,0.0,0,31,67.9,263,263,11.5,535,2.2,75,53.7,124,
1800-11-20 13:45:53,734.0,2,0,36.0,1013.5,0.0,0,31,67.9,263,262,11.4,536,2.2,74,53.7,124,
1800-11-20 13:45:55,736.0,2,0,37.0,1013.6,0.0,0,31,67.9,263,262,11.5,536,2.2,74,53.7,124,
1800-11-20 13:45:57,738.0,2,0,37.0,1013.6,0.0,0,31,67.9,263,262,11.7,536,2.2,74,53.9,124,
1800-11-20 13:45:59,740.0,2,0,37.0,1013.5,0.0,0,31,67.8,263,263,11.5,535,2.2,74,53.6,124,25.26
1800-11-20 13:46:01,742.0,2,0,38.0,1013.5,0.0,0,31,67.9,263,263,11.7,535,2.2,73,53.8,124,
1800-11-20 13:46:03,744.0,2,0,38.0,1013.5,0.0,0,31,67.9,263,263,11.6,534,2.2,73,53.8,124,
1800-11-20 13:46:05,746.0,2,0,39.0,1013.6,0.0,0,31,67.9,263,263,11.7,536,2.2,73,53.8,124,
1800-11-20 13:46:07,748.0,2,0,40.0,1013.4,2.0,0,31,67.8,262,263,11.4,535,2.2,72,53.8,124,
1800-11-20 13:46:09,750.0,2,0,42.0,1013.4,0.0,0,31,67.9,262,262,11.7,537,2.2,72,53.7,124,25.47
1800-11-20 13:46:11,752.0,2,0,43.0,1013.7,0.0,0,32,67.8,262,262,11.5,536,2.2,72,53.9,124,
1800-11-20 13:46:13,754.0,2,0,43.0,1013.7,0.0,0,32,67.9,262,262,11.5,537,2.2,71,53.3,124,
1800-11-20 13:46:15,756.0,2,0,43.0,1013.7,0.0,0,32,67.9,262,262,11.4,537,2.2,71,53.4,124,
1800-11-20 13:46:17,758.0,2,0,43.0,1013.7,0.0,0,32,67.9,262,261,11.4,537,2.2,71,53.6,124,
1800-11-20 13:46:19,760.0,2,0,43.0,1013.7,0.0,0,32,67.9,262,262,11.4,538,2.2,71,53.4,123,25.38
1800-11-20 13:46:21,762.0,2,0,43.0,1013.7,0.0,0,32,67.9,262,262,11.4,538,2.2,71,54.0,123,
1800-11-20 13:46:23,764.0,2,0,43.0,1013.7,0.0,0,32,67.9,262,262,11.4,539,2.2,70,53.7,123,
1800-11-20 13:46:25,766.0,2,0,43.0,1013.7,2.0,0,32,67.9,262,262,11.5,539,2.3,70,53.7,123,
1800-11-20 13:46:27,768.0,2,0,44.0,1013.6,2.0,0,32,67.9,262,262,11.5,538,2.3,70,53.8,123,
1800-11-20 13:46:29,770.0,2,0,44.0,1013.7,2.0,0,32,68.0,262,262,11.5,537,2.3,70,53.3,123,25.23
1800-11-20 13:46:31,772.0,2,0,44.0,1013.7,4.0,0,32,67.9,262,262,11.2,532,2.3,70,52.7,123,
1800-11-20 13:46:33,774.0,2,0,46.0,1013.7,0.0,0,32,67.9,262,262,11.3,528,2.3,69,52.7,123,
1800-11-20 13:46:35,776.0,2,0,46.0,1013.7,0.0,0,32,67.8,262,261,11.4,527,2.3,69,52.9,123,
1800-11-20 13:46:37,778.0,2,0,46.0,1013.7,0.0,0,32,67.9,262,261,11.6,527,2.3,69,53.4,123,
1800-11-20 13:46:39,780.0,2,0,46.0,1013.6,0.0,0,32,67.9,262,262,11.5,530,2.3,69,53.6,123,25.33
1800-11-20 13:46:41,782.0,2,0,45.0,1013.7,0.0,0,32,67.9,262,262,11.3,531,2.3,69,53.3,123,
1800-11-20 13:46:43,784.0,2,0,44.0,1013.7,0.0,0,32,67.9,262,262,11.5,531,2.3,69,53.6,123,
1800-11-20 13:46:45,786.0,2,0,44.0,1013.7,0.0,0,32,67.9,262,262,11.4,531,2.3,69,53.2,123,
1800-11-20 13:46:47,788.0,2,0,43.0,1013.8,0.0,0,32,67.8,262,262,11.4,532,2.3,69,53.4,123,
1800-11-20 13:46:49,790.0,2,0,42.0,1013.7,0.0,0,32,67.9,262,262,11.3,533,2.3,69,53.1,123,24.11
1800-11-20 13:46:51,792.0,2,0,42.0,1013.8,0.0,0,32,67.8,262,262,11.3,531,2.3,70,52.9,123,
1800-11-20 13:46:53,794.0,2,0,41.0,1013.7,0.0,0,32,67.9,262,261,11.3,531,2.2,70,53.2,123,
1800-11-20 13:46:55,796.0,2,0,41.0,1013.7,0.0,0,32,67.9,262,261,11.5,530,2.2,71,53.2,123,
1800-11-20 13:46:57,798.0,2,0,42.0,1013.7,0.0,0,32,67.8,262,262,11.5,530,2.2,71,53.1,123,
1800-11-20 13:46:59,800.0,2,0,42.0,1013.8,0.0,0,32,67.8,262,262,11.5,529,2.2,72,53.5,123,25.16
1800-11-20 13:47:01,802.0,2,0,42.0,1013.7,0.0,0,32,67.9,262,262,11.7,531,2.2,72,53.5,123,
1800-11-20 13:47:03,804.0,2,0,43.0,1013.8,0.0,0,32,67.9,262,262,11.4,530,2.2,73,53.2,123,
1800-11-20 13:47:05,806.0,2,0,43.0,1013.7,0.0,0,32,67.9,262,262,11.4,528,2.2,73,53.2,123,
1800-11-20 13:47:07,808.0,2,0,43.0,1013.8,0.0,0,32,67.9,262,262,11.4,528,2.2,74,53.4,123,
1800-11-20 13:47:09,810.0,2,0,44.0,1013.7,0.0,0,32,67.9,262,262,11.3,529,2.2,74,53.1,123,25.49
1800-11-20 13:47:11,812.0,2,0,45.0,1013.7,2.0,0,32,67.9,262,262,11.3,529,2.2,75,53.2,123,
1800-11-20 13:47:13,814.0,2,0,46.0,1013.8,0.0,0,32,67.9,262,262,11.4,528,2.2,75,53.2,123,
1800-11-20 13:47:15,816.0,2,0,46.0,1013.7,0.0,0,32,67.8,262,262,11.5,528,2.2,75,53.6,123,
1800-11-20 13:47:17,818.0,2,0,46.0,1013.7,0.0,0,32,67.9,262,262,11.5,529,2.1,76,53.6,123,
1800-11-20 13:47:19,820.0,2,0,46.0,1013.7,0.0,0,32,68.0,263,262,11.4,531,2.1,76,53.2,123,25.41
1800-11-20 13:47:21,822.0,2,0,47.0,1013.7,0.0,0,32,67.8,263,262,11.4,530,2.1,76,54.2,123,
1800-11-20 13:47:23,824.0,2,0,48.0,1013.7,0.0,0,32,67.9,263,263,11.4,536,2.1,77,54.0,123,
1800-11-20 13:47:25,826.0,2,0,48.0,1013.6,0.0,0,32,67.9,263,263,11.4,539,2.1,77,54.0,122,
1800-11-20 13:47:27,828.0,2,0,48.0,1013.7,0.0,0,32,67.9,263,263,11.5,540,2.1,77,54.2,122,
1800-11-20 13:47:29,830.0,2,0,49.0,1013.7,0.0,0,32,67.9,263,263,11.4,540,2.1,77,53.8,122,25.39
1800-11-20 13:47:31,832.0,2,0,48.0,1013.6,0.0,0,32,67.9,263,263,11.4,540,2.1,78,54.1,122,
1800-11-20 13:47:33,834.0,2,0,48.0,1013.6,0.0,0,32,67.9,263,263,11.4,542,2.1,78,54.1,122,
1800-11-20 13:47:35,836.0,2,0,48.0,1013.7,0.0,0,32,67.9,263,263,11.3,541,2.1,78,53.7,122,
1800-11-20 13:47:37,838.0,2,0,48.0,1013.7,0.0,0,32,67.9,263,263,11.3,541,2.1,78,53.7,122,
1800-11-20 13:47:39,840.0,2,0,48.0,1013.7,0.0,0,32,67.9,263,263,11.4,541,2.1,77,53.9,122,25.61
1800-11-20 13:47:41,842.0,2,0,48.0,1013.7,0.0,0,32,67.9,263,263,11.5,541,2.1,77,54.0,122,
1800-11-20 13:47:43,844.0,2,0,47.0,1013.7,0.0,0,32,67.9,263,263,11.5,540,2.2,76,54.1,122,
1800-11-20 13:47:45,846.0,2,0,47.0,1013.7,0.0,0,32,67.9,263,263,11.4,542,2.2,76,54.0,122,
1800-11-20 13:47:47,848.0,2,0,47.0,1013.7,0.0,0,32,67.9,263,263,11.3,544,2.2,75,53.7,122,
1800-11-20 13:47:49,850.0,2,0,47.0,1013.7,0.0,0,32,67.9,263,262,11.5,544,2.2,75,53.9,122,25.09
1800-11-20 13:47:51,852.0,2,0,47.0,1013.6,0.0,0,32,67.9,263,262,11.4,540,2.2,74,53.8,122,
1800-11-20 13:47:53,854.0,2,0,48.0,1013.7,0.0,0,32,67.9,263,262,11.6,540,2.2,74,54.2,122,
1800-11-20 13:47:55,856.0,2,0,47.0,1013.6,0.0,0,32,67.9,263,263,11.2,542,2.2,74,53.7,122,
1800-11-20 13:47:57,858.0,2,0,47.0,1013.6,0.0,0,32,67.9,263,262,11.3,538,2.2,73,53.2,122,
1800-11-20 13:47:59,860.0,2,0,47.0,1013.6,0.0,0,32,67.9,263,262,11.3,538,2.2,73,53.8,122,25.43
1800-11-20 13:48:01,862.0,2,0,48.0,1013.6,0.0,0,32,67.9,262,262,11.2,539,2.2,73,53.4,122,
1800-11-20 13:48:03,864.0,2,0,49.0,1013.7,0.0,0,32,67.8,262,262,11.2,539,2.2,72,53.9,122,
1800-11-20 13:48:05,866.0,2,0,49.0,1013.7,0.0,0,32,67.9,262,262,11.3,541,2.2,72,53.4,122,
1800-11-20 13:48:07,868.0,2,0,49.0,1013.7,0.0,0,32,67.9,262,261,11.4,541,2.2,72,53.6,122,
1800-11-20 13:48:09,870.0,2,0,50.0,1013.7,0.0,0,32,67.8,261,261,11.4,538,2.2,71,53.8,122,25.4
1800-11-20 13:48:11,872.0,2,0,51.0,1013.7,0.0,0,32,67.9,262,261,11.4,540,2.3,71,54.2,122,
1800-11-20 13:48:13,874.0,2,0,51.0,1013.7,0.0,0,32,67.9,262,261,11.4,543,2.3,71,53.9,122,
1800-11-20 13:48:15,876.0,2,0,52.0,1013.7,0.0,0,32,67.9,262,261,11.5,544,2.3,71,54.0,122,
1800-11-20 13:48:17,878.0,2,0,52.0,1013.6,0.0,0,32,67.9,262,262,11.5,543,2.3,70,54.1,122,
1800-11-20 13:48:19,880.0,2,0,52.0,1013.8,0.0,0,32,67.9,262,262,11.5,544,2.3,70,53.8,122,25.47
1800-11-20 13:48:21,882.0,2,0,52.0,1013.6,0.0,0,32,67.9,262,262,11.4,541,2.3,70,53.7,122,
1800-11-20 13:48:23,884.0,2,0,52.0,1013.6,0.0,0,32,67.9,262,262,11.3,537,2.3,70,53.0,122,
1800-11-20 13:48:25,886.0,2,0,53.0,1013.6,0.0,0,32,67.8,262,261,11.2,535,2.3,70,53.5,122,
1800-11-20 13:48:27,888.0,2,0,52.0,1013.6,0.0,0,32,67.9,262,262,11.4,535,2.3,69,53.4,122,
1800-11-20 13:48:29,890.0,2,0,51.0,1013.7,0.0,0,32,67.9,262,262,11.5,536,2.3,69,53.7,122,25.42
1800-11-20 13:48:31,892.0,2,0,51.0,1013.7,0.0,0,32,67.8,262,262,11.2,536,2.3,69,53.3,122,
1800-11-20 13:48:33,894.0,2,0,51.0,1013.7,0.0,0,32,67.8,262,262,11.3,536,2.3,69,53.7,124,
1800-11-20 13:48:35,896.0,2,0,51.0,1013.7,0.0,0,32,67.9,263,262,11.7,538,2.3,69,54.1,126,
1800-11-20 13:48:37,898.0,2,0,51.0,1013.6,0.0,0,32,67.9,263,263,11.6,538,2.3,69,54.1,130,
1800-11-20 13:48:39,900.0,2,0,49.0,1013.7,0.0,0,32,67.9,263,263,11.3,540,2.3,69,53.7,133,26.14
1800-11-20 13:48:41,902.0,2,0,48.0,1013.7,0.0,0,32,67.9,263,263,11.3,539,2.3,69,53.9,137,
1800-11-20 13:48:43,904.0,2,0,47.0,1013.7,0.0,0,32,67.9,264,263,11.4,540,2.3,69,53.9,141,
1800-11-20 13:48:45,906.0,2,0,46.0,1013.8,0.0,0,32,67.9,264,263,11.3,537,2.3,70,53.5,145,
1800-11-20 13:48:47,908.0,2,0,46.0,1013.7,0.0,0,32,67.9,264,263,11.4,535,2.3,70,53.5,149,
1800-11-20 13:48:49,910.0,2,0,46.0,1013.4,0.0,0,32,67.8,263,263,11.5,535,2.3,71,53.7,153,25.47
1800-11-20 13:48:51,912.0,2,0,45.0,1013.5,0.0,0,32,67.9,263,263,11.6,532,2.2,71,53.7,157,
1800-11-20 13:48:53,914.0,2,0,45.0,1013.5,0.0,0,32,67.9,263,262,11.5,531,2.2,72,53.5,162,
1800-11-20 13:48:55,916.0,2,0,45.0,1013.4,0.0,0,32,67.9,263,262,11.5,530,2.2,72,53.6,166,
1800-11-20 13:48:57,918.0,2,0,44.0,1013.6,0.0,0,32,67.9,262,262,11.2,531,2.2,72,53.2,170,
1800-11-20 13:48:59,920.0,2,0,43.0,1013.7,0.0,0,32,67.8,263,262,11.4,532,2.2,73,54.6,174,24.95
1800-11-20 13:49:01,922.0,2,0,43.0,1013.7,0.0,0,32,67.9,263,262,11.4,537,2.2,73,53.9,177,
1800-11-20 13:49:03,924.0,2,0,44.0,1013.8,0.0,0,33,67.9,263,263,11.4,538,2.2,74,53.9,181,
1800-11-20 13:49:05,926.0,2,0,44.0,1013.7,0.0,0,33,67.9,262,262,11.2,536,2.2,74,53.2,184,
1800-11-20 13:49:07,928.0,2,0,44.0,1013.7,0.0,0,33,67.9,262,262,11.3,536,2.2,75,53.6,188,
1800-11-20 13:49:09,930.0,2,0,44.0,1013.8,0.0,0,33,67.9,262,262,11.4,536,2.2,75,53.2,192,25.42
1800-11-20 13:49:11,932.0,2,0,44.0,1013.7,0.0,0,33,67.9,262,262,11.6,535,2.2,75,53.7,195,
1800-11-20 13:49:13,934.0,2,0,43.0,1013.6,0.0,0,33,67.9,262,262,11.5,534,2.2,76,53.7,199,
1800-11-20 13:49:15,936.0,2,0,43.0,1013.7,0.0,0,33,67.9,262,262,11.3,534,2.1,76,53.6,202,
1800-11-20 13:49:17,938.0,2,0,42.0,1013.5,0.0,0,33,67.9,262,262,11.4,536,2.1,77,53.8,206,
1800-11-20 13:49:19,940.0,2,0,42.0,1013.8,0.0,3,33,67.9,262,262,11.4,539,2.1,77,54.2,209,25.39
1800-11-20 13:49:21,942.0,2,0,43.0,1013.7,0.0,0,33,67.9,262,262,11.4,542,2.1,77,54.2,213,
1800-11-20 13:49:23,944.0,2,0,44.0,1013.8,0.0,5,33,67.9,262,262,11.5,541,2.1,77,54.2,217,
1800-11-20 13:49:25,946.0,2,0,44.0,1013.8,0.0,1,33,67.9,262,262,11.5,542,2.1,78,54.1,222,
1800-11-20 13:49:27,948.0,2,0,46.0,1013.8,0.0,1,33,67.9,262,262,11.6,543,2.1,78,54.2,226,
1800-11-20 13:49:29,950.0,2,0,47.0,1013.7,0.0,5,32,67.9,262,262,11.5,544,2.1,78,54.4,231,26.37
1800-11-20 13:49:31,952.0,2,0,47.0,1013.8,0.0,3,32,67.9,262,262,11.5,545,2.1,78,54.3,235,
1800-11-20 13:49:33,954.0,2,0,47.0,1013.7,0.0,5,32,67.9,262,262,11.3,543,2.1,78,53.6,240,
1800-11-20 13:49:35,956.0,2,0,47.0,1013.8,0.0,1,32,67.9,262,261,11.4,541,2.1,77,53.9,243,
1800-11-20 13:49:37,958.0,2,0,47.0,1013.8,0.0,1,32,67.9,262,261,11.5,542,2.2,76,54.4,245,
1800-11-20 13:49:39,960.0,2,0,47.0,1013.7,0.0,1,32,67.8,262,262,11.4,544,2.2,76,54.3,247,24.34
1800-11-20 13:49:41,962.0,2,0,47.0,1013.8,0.0,0,32,67.9,262,262,11.4,548,2.2,76,54.3,248,
1800-11-20 13:49:43,964.0,2,0,46.0,1013.7,0.0,0,32,67.9,263,262,11.5,546,2.2,75,54.4,248,
1800-11-20 13:49:45,966.0,2,0,46.0,1013.8,0.0,0,32,67.9,263,262,11.7,547,2.2,75,54.8,249,
1800-11-20 13:49:47,968.0,2,0,46.0,1013.8,0.0,0,32,67.9,264,263,11.5,548,2.2,74,54.5,249,
1800-11-20 13:49:49,970.0,2,0,46.0,1013.8,0.0,0,32,67.9,264,263,11.5,549,2.2,74,54.7,250,25.88
1800-11-20 13:49:51,972.0,2,0,47.0,1013.8,0.0,0,32,67.9,264,263,11.5,549,2.2,73,54.7,250,
1800-11-20 13:49:53,974.0,2,0,47.0,1013.6,0.0,0,32,67.9,264,264,11.6,549,2.2,73,54.6,250,
1800-11-20 13:49:55,976.0,2,0,47.0,1013.7,0.0,0,32,67.9,264,264,11.5,548,2.2,73,54.7,250,
1800-11-20 13:49:57,978.0,2,0,47.0,1013.7,0.0,0,32,67.9,265,264,11.3,548,2.2,72,54.3,250,
1800-11-20 13:49:59,980.0,2,0,48.0,1013.6,0.0,0,32,67.8,264,264,11.4,548,2.2,72,54.5,250,25.28
1800-11-20 13:50:01,982.0,2,0,48.0,1013.6,0.0,0,32,67.8,264,264,11.3,549,2.3,72,54.5,250,
1800-11-20 13:50:03,984.0,2,0,48.0,1013.7,0.0,0,32,67.8,264,264,11.2,546,2.3,71,54.1,250,
1800-11-20 13:50:05,986.0,2,0,47.0,1013.6,0.0,0,32,67.8,264,264,11.4,547,2.3,71,54.2,250,
1800-11-20 13:50:07,988.0,2,0,46.0,1013.6,0.0,0,32,67.9,264,263,11.4,546,2.3,71,54.2,250,
1800-11-20 13:50:09,990.0,2,0,45.0,1013.6,0.0,0,32,67.9,263,263,11.4,544,2.3,71,53.8,250,25.39
1800-11-20 13:50:11,992.0,2,0,44.0,1013.6,0.0,0,32,67.9,263,263,11.6,543,2.3,70,54.7,250,
1800-11-20 13:50:13,994.0,2,0,43.0,1013.6,0.0,0,32,67.9,263,263,11.6,545,2.3,70,54.7,250,
1800-11-20 13:50:15,996.0,2,0,43.0,1013.6,0.0,0,32,67.9,264,263,11.5,546,2.3,70,54.2,250,
1800-11-20 13:50:17,998.0,2,0,42.0,1013.7,0.0,0,32,67.9,263,263,11.5,541,2.3,70,53.9,250,
1800-11-20 13:50:19,1000.0,2,0,42.0,1013.6,0.0,0,32,67.9,263,263,11.5,540,2.3,69,54.1,250,25.91
1800-11-20 13:50:21,1002.0,2,0,41.0,1013.6,0.0,0,32,67.9,263,263,11.5,538,2.3,69,53.8,250,
1800-11-20 13:50:23,1004.0,2,0,40.0,1013.6,0.0,0,32,67.9,263,263,11.8,537,2.3,69,54.3,250,
1800-11-20 13:50:25,1006.0,2,0,40.0,1013.6,0.0,0,32,67.9,264,263,11.7,538,2.3,69,54.2,250,
1800-11-20 13:50:27,1008.0,2,0,39.0,1013.6,0.0,1,32,67.9,264,263,11.8,538,2.3,69,54.4,250,
1800-11-20 13:50:29,1010.0,2,0,38.0,1013.6,0.0,0,32,67.9,264,264,11.8,538,2.3,69,54.7,250,25.45
1800-11-20 13:50:31,1012.0,2,0,38.0,1013.6,0.0,0,32,67.9,264,264,11.7,539,2.3,69,54.2,250,
1800-11-20 13:50:33,1014.0,2,0,37.0,1013.6,0.0,0,32,68.0,264,263,11.5,539,2.3,69,54.0,250,
1800-11-20 13:50:35,1016.0,2,0,38.0,1013.6,0.0,0,32,67.9,264,263,11.5,538,2.3,69,54.2,250,
1800-11-20 13:50:37,1018.0,2,0,40.0,1013.7,2.0,0,32,67.9,264,263,11.5,537,2.3,69,54.1,250,
1800-11-20 13:50:39,1020.0,2,0,40.0,1013.6,2.0,0,32,67.9,264,263,11.5,535,2.3,69,53.8,250,25.5
1800-11-20 13:50:41,1022.0,2,0,40.0,1013.6,0.0,0,32,67.9,264,263,11.7,536,2.3,70,54.3,250,
1800-11-20 13:50:43,1024.0,2,0,40.0,1013.6,0.0,1,32,67.9,264,263,11.8,537,2.3,70,54.5,250,
1800-11-20 13:50:45,1026.0,2,0,40.0,1013.6,0.0,0,32,67.9,264,264,11.7,538,2.3,71,54.5,250,
1800-11-20 13:50:47,1028.0,2,0,39.0,1013.7,0.0,0,31,67.9,264,264,11.7,538,2.2,71,54.2,250,
1800-11-20 13:50:49,1030.0,2,0,40.0,1013.6,0.0,0,31,67.9,264,264,11.5,537,2.2,72,53.8,250,25.48
1800-11-20 13:50:51,1032.0,2,0,40.0,1013.6,0.0,0,31,67.9,264,264,11.7,538,2.2,72,54.4,250,
1800-11-20 13:50:53,1034.0,2,0,40.0,1013.7,0.0,0,31,67.9,264,264,11.7,538,2.2,73,54.2,250,
1800-11-20 13:50:55,1036.0,2,0,41.0,1013.6,0.0,0,31,67.8,264,264,11.4,536,2.2,73,53.9,250,
1800-11-20 13:50:57,1038.0,2,0,41.0,1013.6,0.0,0,31,67.8,264,263,11.5,536,2.2,73,54.2,250,
1800-11-20 13:50:59,1040.0,2,0,41.0,1013.7,0.0,0,31,67.9,264,263,11.3,537,2.2,74,53.7,250,25.52
1800-11-20 13:51:01,1042.0,2,0,41.0,1013.7,0.0,0,31,67.9,264,263,11.5,537,2.2,74,53.8,250,
1800-11-20 13:51:03,1044.0,2,0,42.0,1013.7,0.0,0,31,67.9,264,263,11.4,534,2.2,74,53.7,250,
1800-11-20 13:51:05,1046.0,2,0,42.0,1013.8,0.0,0,31,67.9,264,263,11.5,534,2.2,75,54.2,249,
1800-11-20 13:51:07,1048.0,2,0,43.0,1013.7,0.0,0,31,67.9,264,263,11.6,535,2.2,75,54.6,249,
1800-11-20 13:51:09,1050.0,2,0,43.0,1013.6,0.0,0,31,67.9,264,263,11.6,537,2.2,75,54.2,249,25.77
1800-11-20 13:51:11,1052.0,2,0,44.0,1013.6,2.0,0,31,67.9,264,263,11.5,538,2.2,76,54.2,249,
1800-11-20 13:51:13,1054.0,2,0,45.0,1013.7,2.0,0,32,67.9,263,263,11.6,539,2.2,76,54.1,249,
1800-11-20 13:51:15,1056.0,2,0,46.0,1013.7,0.0,0,32,67.8,263,263,11.4,539,2.2,76,54.3,249,
1800-11-20 13:51:17,1058.0,2,0,45.0,1013.7,0.0,0,32,67.9,263,263,11.4,543,2.1,76,54.3,249,
1800-11-20 13:51:19,1060.0,2,0,45.0,1013.7,0.0,0,32,67.8,263,263,11.4,544,2.1,77,54.8,249,25.33
1800-11-20 13:51:21,1062.0,2,0,46.0,1013.6,0.0,0,32,67.8,263,263,11.3,546,2.1,77,54.2,249,
1800-11-20 13:51:23,1064.0,2,0,46.0,1013.7,0.0,0,32,67.8,263,263,11.5,546,2.1,77,54.2,249,
1800-11-20 13:51:25,1066.0,2,0,45.0,1013.6,0.0,0,32,67.9,263,263,11.3,544,2.1,77,54.3,249,
1800-11-20 13:51:27,1068.0,2,0,44.0,1013.7,0.0,0,32,67.9,264,263,11.6,545,2.1,78,54.5,249,
1800-11-20 13:51:29,1070.0,2,0,44.0,1013.7,0.0,0,32,67.9,264,263,11.5,545,2.1,78,54.5,249,25.81
1800-11-20 13:51:31,1072.0,2,0,43.0,1013.7,0.0,0,32,67.9,264,263,11.6,546,2.1,77,55.0,249,
1800-11-20 13:51:33,1074.0,2,0,42.0,1013.7,0.0,0,32,67.9,264,263,11.6,548,2.2,77,54.5,249,
1800-11-20 13:51:35,1076.0,2,0,41.0,1013.6,0.0,0,32,67.9,263,263,11.3,547,2.2,76,54.1,249,
1800-11-20 13:51:37,1078.0,2,0,40.0,1013.7,0.0,0,32,67.8,263,263,11.3,541,2.2,76,53.7,249,
1800-11-20 13:51:39,1080.0,2,0,39.0,1013.7,0.0,0,32,67.9,263,263,11.6,542,2.2,75,54.7,249,25.1
1800-11-20 13:51:41,1082.0,2,0,38.0,1013.7,0.0,0,32,67.9,263,263,11.5,545,2.2,75,54.4,249,
1800-11-20 13:51:43,1084.0,2,0,38.0,1013.6,0.0,0,32,67.9,263,263,11.5,546,2.2,74,54.7,249,
1800-11-20 13:51:45,1086.0,2,0,38.0,1013.7,0.0,0,32,67.9,264,263,11.5,546,2.2,74,54.6,249,
1800-11-20 13:51:47,1088.0,2,0,38.0,1013.6,0.0,0,32,67.9,264,263,11.6,545,2.2,73,55.0,249,
1800-11-20 13:51:49,1090.0,2,0,38.0,1013.7,0.0,0,32,67.9,264,263,11.5,547,2.2,73,54.5,249,25.46
1800-11-20 13:51:51,1092.0,2,0,38.0,1013.6,0.0,0,32,67.9,264,264,11.6,547,2.2,73,55.0,249,
1800-11-20 13:51:53,1094.0,2,0,38.0,1013.7,0.0,0,32,67.9,264,264,11.7,547,2.2,72,54.8,249,
1800-11-20 13:51:55,1096.0,2,0,38.0,1013.7,0.0,0,32,67.9,264,264,11.7,546,2.2,72,54.7,249,
1800-11-20 13:51:57,1098.0,2,0,39.0,1013.7,0.0,0,32,67.8,264,264,11.6,546,2.3,72,54.7,249,
1800-11-20 13:51:59,1100.0,2,0,39.0,1013.7,0.0,0,32,67.8,264,264,11.4,545,2.3,71,54.3,249,25.02
1800-11-20 13:52:01,1102.0,2,0,39.0,1013.7,0.0,0,32,67.9,264,264,11.6,545,2.3,71,54.7,249,
1800-11-20 13:52:03,1104.0,2,0,39.0,1013.7,0.0,0,32,67.9,264,264,11.6,547,2.3,71,54.7,249,
1800-11-20 13:52:05,1106.0,2,0,39.0,1013.6,0.0,0,32,67.9,264,264,11.7,547,2.3,71,54.6,249,
1800-11-20 13:52:07,1108.0,2,0,40.0,1013.6,0.0,0,32,67.9,264,264,11.4,546,2.3,70,54.6,248,
1800-11-20 13:52:09,1110.0,2,0,40.0,1013.7,0.0,0,32,67.9,264,264,11.7,547,2.3,70,54.7,248,25.37
1800-11-20 13:52:11,1112.0,2,0,40.0,1013.7,0.0,0,32,67.9,264,264,11.5,544,2.3,70,54.5,248,
1800-11-20 13:52:13,1114.0,2,0,41.0,1013.8,0.0,0,32,67.9,264,264,11.5,541,2.3,70,53.8,248,
1800-11-20 13:52:15,1116.0,2,0,41.0,1013.8,0.0,0,32,67.9,264,263,11.5,538,2.3,69,53.9,248,
1800-11-20 13:52:17,1118.0,2,0,42.0,1013.8,0.0,0,32,67.9,264,263,11.5,539,2.3,69,54.2,248,
1800-11-20 13:52:19,1120.0,2,0,42.0,1013.7,0.0,0,32,67.9,263,263,11.5,539,2.3,69,53.8,248,25.28
1800-11-20 13:52:21,1122.0,2,0,42.0,1013.8,0.0,0,32,67.9,263,263,11.4,538,2.3,69,53.7,248,
1800-11-20 13:52:23,1124.0,2,0,42.0,1013.7,0.0,0,32,67.8,263,263,11.5,536,2.3,69,54.6,248,
1800-11-20 13:52:25,1126.0,2,0,42.0,1013.7,0.0,0,32,67.9,264,263,11.5,539,2.3,69,54.0,248,
1800-11-20 13:52:27,1128.0,2,0,43.0,1013.7,0.0,0,32,67.9,264,263,11.5,539,2.3,69,54.2,248,
1800-11-20 13:52:29,1130.0,2,0,43.0,1013.8,0.0,0,32,67.9,263,263,11.3,539,2.3,69,54.3,248,25.53
1800-11-20 13:52:31,1132.0,2,0,44.0,1013.7,0.0,0,32,67.9,264,263,11.6,540,2.3,69,54.4,248,
1800-11-20 13:52:33,1134.0,2,0,45.0,1013.7,0.0,0,32,67.9,264,263,11.6,540,2.3,69,54.2,248,
1800-11-20 13:52:35,1136.0,2,0,46.0,1013.7,0.0,0,32,67.9,264,263,11.7,539,2.3,70,54.2,248,
1800-11-20 13:52:37,1138.0,2,0,46.0,1013.7,0.0,0,32,67.9,264,264,11.5,539,2.3,70,53.9,248,
1800-11-20 13:52:39,1140.0,2,0,47.0,1013.8,0.0,0,32,67.9,264,263,11.5,538,2.2,71,54.2,248,25.73
1800-11-20 13:52:41,1142.0,2,0,48.0,1013.8,0.0,0,32,67.9,263,263,11.5,538,2.2,71,53.7,248,
1800-11-20 13:52:43,1144.0,2,0,49.0,1013.8,0.0,0,32,67.9,263,263,11.5,538,2.2,72,53.7,248,
1800-11-20 13:52:45,1146.0,2,0,49.0,1013.8,0.0,0,32,67.9,263,263,11.5,538,2.2,72,53.9,248,
1800-11-20 13:52:47,1148.0,2,0,49.0,1013.7,0.0,0,32,67.9,263,263,11.3,538,2.2,73,53.9,248,
1800-11-20 13:52:49,1150.0,2,1,49.0,1013.7,0.0,0,32,67.9,263,262,11.5,538,2.2,73,53.6,248,25.47
1800-11-20 13:52:51,1152.0,2,1,48.0,1013.6,0.0,0,32,67.9,262,262,11.2,533,2.2,74,53.1,248,
1800-11-20 13:52:53,1154.0,2,1,48.0,1013.7,0.0,0,32,67.9,261,261,11.3,533,2.2,74,53.2,248,
1800-11-20 13:52:55,1156.0,2,1,47.0,1013.6,0.0,0,32,67.8,261,261,11.5,533,2.2,74,53.3,248,
1800-11-20 13:52:57,1158.0,2,1,47.0,1013.7,0.0,0,32,67.8,261,261,11.4,533,2.2,75,53.9,248,
1800-11-20 13:52:59,1160.0,2,1,46.0,1013.8,0.0,0,32,67.9,261,261,11.6,536,2.2,75,53.9,248,25.61
1800-11-20 13:53:01,1162.0,2,1,46.0,1013.8,0.0,0,32,67.9,262,261,11.6,536,2.2,75,53.8,248,
1800-11-20 13:53:03,1164.0,2,1,45.0,1013.7,0.0,0,32,67.8,262,261,11.4,534,2.2,76,53.4,247,
1800-11-20 13:53:05,1166.0,2,1,45.0,1013.7,0.0,0,32,67.8,262,261,11.6,535,2.1,76,54.7,247,
1800-11-20 13:53:07,1168.0,2,1,44.0,1013.7,0.0,0,32,68.0,262,262,11.4,542,2.2,76,54.1,247,
1800-11-20 13:53:09,1170.0,2,1,43.0,1013.7,0.0,0,32,67.9,262,262,11.3,539,2.1,77,53.2,247,25.48
1800-11-20 13:53:11,1172.0,2,1,43.0,1013.7,0.0,0,32,67.9,262,261,11.2,538,2.1,77,53.8,247,
1800-11-20 13:53:13,1174.0,2,1,42.0,1013.7,0.0,0,32,67.9,262,261,11.7,540,2.1,77,54.4,247,
1800-11-20 13:53:15,1176.0,2,1,42.0,1013.8,0.0,0,32,67.9,262,261,11.5,541,2.1,77,53.8,247,
1800-11-20 13:53:17,1178.0,2,1,43.0,1013.7,0.0,0,32,67.8,262,261,11.7,541,2.1,77,54.7,247,
1800-11-20 13:53:19,1180.0,2,1,44.0,1013.8,0.0,0,32,67.9,262,262,11.5,542,2.1,77,54.2,247,25.55
1800-11-20 13:53:21,1182.0,2,1,45.0,1013.7,0.0,0,32,67.9,262,262,11.4,541,2.2,77,53.7,247,
1800-11-20 13:53:23,1184.0,2,1,46.0,1013.7,0.0,0,32,67.9,262,261,11.3,540,2.2,76,53.5,247,
1800-11-20 13:53:25,1186.0,2,1,47.0,1013.7,0.0,0,32,67.9,262,261,11.5,538,2.2,76,53.9,247,
1800-11-20 13:53:27,1188.0,2,1,47.0,1013.8,0.0,0,32,67.9,262,261,11.5,540,2.2,75,54.0,247,
1800-11-20 13:53:29,1190.0,2,1,47.0,1013.8,0.0,0,32,67.9,262,261,11.5,540,2.2,75,53.9,247,25.14
1800-11-20 13:53:31,1192.0,2,1,47.0,1013.8,0.0,0,32,67.9,262,261,11.7,541,2.2,74,54.4,247,
1800-11-20 13:53:33,1194.0,2,1,47.0,1013.8,0.0,0,32,67.9,262,262,11.4,543,2.2,74,53.7,247,
1800-11-20 13:53:35,1196.0,2,1,46.0,1013.8,0.0,0,31,67.9,262,262,11.5,541,2.2,73,53.7,247,
1800-11-20 13:53:37,1198.0,2,1,46.0,1013.8,0.0,0,31,67.9,262,261,11.5,540,2.2,73,54.2,247,
1800-11-20 13:53:39,1200.0,2,1,45.0,1013.8,0.0,0,31,67.9,262,261,11.5,543,2.2,73,54.0,247,25.36
1800-11-20 13:53:41,1202.0,2,1,45.0,1013.8,0.0,0,31,67.8,261,261,11.4,539,2.2,72,53.4,247,
1800-11-20 13:53:43,1204.0,2,1,45.0,1013.8,0.0,0,31,67.8,261,261,11.5,540,2.2,72,53.9,247,
1800-11-20 13:53:45,1206.0,2,1,45.0,1013.7,0.0,0,31,67.8,261,261,11.5,540,2.2,72,53.9,247,
1800-11-20 13:53:47,1208.0,2,1,45.0,1013.8,0.0,0,31,67.9,261,261,11.7,541,2.3,71,54.2,247,
1800-11-20 13:53:49,1210.0,2,1,45.0,1013.8,0.0,0,32,67.9,262,262,11.7,542,2.3,71,54.4,247,25.79
1800-11-20 13:53:51,1212.0,2,1,45.0,1013.8,0.0,0,32,67.9,262,262,11.5,545,2.3,71,54.3,247,
1800-11-20 13:53:53,1214.0,2,1,45.0,1013.7,0.0,0,32,67.9,262,262,11.5,543,2.3,70,53.9,247,
1800-11-20 13:53:55,1216.0,2,1,45.0,1013.8,0.0,0,32,68.1,262,262,12.5,543,2.3,70,63.8,247,
1800-11-20 13:53:57,1218.0,3,1,45.0,1013.8,0.0,0,32,76.9,277,272,25.1,610,2.5,70,79.2,247,
1800-11-20 13:53:59,1220.0,3,1,44.0,1013.7,0.0,0,32,80.5,305,299,27.5,593,3.0,70,85.1,247,25.62
1800-11-20 13:54:01,1222.0,3,1,44.0,1013.6,0.0,0,32,83.3,334,328,29.9,592,3.2,69,92.2,247,
1800-11-20 13:54:03,1224.0,3,1,44.0,1013.8,0.0,0,32,84.4,364,358,28.4,599,3.3,69,86.9,246,
1800-11-20 13:54:05,1226.0,4,1,44.0,1013.8,0.0,0,32,80.6,372,372,19.5,571,3.1,69,79.0,246,
1800-11-20 13:54:07,1228.0,4,1,44.0,1013.7,0.0,0,32,80.5,372,372,19.4,574,3.1,69,79.0,246,
1800-11-20 13:54:09,1230.0,4,1,44.0,1013.8,0.0,0,32,80.2,373,372,19.6,577,3.1,69,79.7,246,25.62
1800-11-20 13:54:11,1232.0,4,1,44.0,1013.8,0.0,0,32,80.2,373,372,19.4,579,3.1,69,79.5,246,
1800-11-20 13:54:13,1234.0,4,1,44.0,1013.8,0.0,0,32,80.2,373,372,19.4,582,3.1,69,79.0,246,
1800-11-20 13:54:15,1236.0,4,1,45.0,1013.7,0.0,0,32,80.3,373,372,19.1,582,3.1,69,78.8,246,
1800-11-20 13:54:17,1238.0,4,1,45.0,1013.8,0.0,0,32,80.3,373,372,19.2,581,3.1,69,79.0,246,
1800-11-20 13:54:19,1240.0,4,1,45.0,1013.8,0.0,0,32,80.4,373,372,19.4,582,3.1,70,78.8,246,25.62
1800-11-20 13:54:21,1242.0,4,1,46.0,1013.8,0.0,0,32,80.5,372,372,19.2,578,3.1,70,78.2,246,
1800-11-20 13:54:23,1244.0,4,1,46.0,1013.8,0.0,0,32,80.7,372,372,19.5,578,3.1,71,78.2,246,
1800-11-20 13:54:25,1246.0,4,1,45.0,1013.8,0.0,0,32,80.8,372,372,19.5,577,3.0,71,78.2,246,
1800-11-20 13:54:27,1248.0,4,1,45.0,1013.8,0.0,0,32,80.4,372,372,19.7,577,3.0,72,79.4,246,
1800-11-20 13:54:29,1250.0,4,1,46.0,1013.7,0.0,0,32,80.1,373,372,19.5,580,3.0,73,78.9,246,25.24
1800-11-20 13:54:31,1252.0,4,1,45.0,1013.8,0.0,0,32,79.6,372,372,18.5,578,2.9,73,77.5,246,
1800-11-20 13:54:33,1254.0,4,1,45.0,1013.8,0.0,0,32,79.9,372,372,18.9,580,2.9,74,77.6,246,
1800-11-20 13:54:35,1256.0,4,1,45.0,1013.7,0.0,0,32,80.0,372,372,18.9,580,2.9,74,77.6,246,
1800-11-20 13:54:37,1258.0,4,1,45.0,1013.7,0.0,0,32,80.0,372,372,18.7,579,2.9,75,77.5,246,
1800-11-20 13:54:39,1260.0,4,1,45.0,1013.7,0.0,0,32,80.0,372,371,18.6,578,2.9,75,77.2,245,25.49
1800-11-20 13:54:41,1262.0,4,1,45.0,1013.7,0.0,0,32,80.0,372,371,18.5,578,2.9,76,77.2,245,
1800-11-20 13:54:43,1264.0,5,0,45.0,1014.0,0.0,0,32,83.8,375,372,30.6,609,2.9,76,108.8,245,
1800-11-20 13:54:45,1266.0,5,0,44.0,1015.1,0.0,0,32,90.1,381,381,55.0,670,3.4,77,147.0,245,
1800-11-20 13:54:47,1268.0,5,1,44.0,1014.9,0.0,0,32,94.1,383,381,72.5,729,3.9,77,150.9,245,
1800-11-20 13:54:49,1270.0,5,1,43.0,1015.0,0.0,0,32,94.2,387,387,74.3,730,3.9,77,156.6,245,25.63
1800-11-20 13:54:51,1272.0,5,1,43.0,1014.9,2.0,0,31,94.2,390,389,73.6,736,3.9,78,156.2,245,
1800-11-20 13:54:53,1274.0,5,1,42.0,1015.0,4.0,0,31,94.7,392,390,73.6,741,3.9,78,153.7,245,
1800-11-20 13:54:55,1276.0,5,1,42.0,1014.6,4.0,0,31,95.6,391,391,78.2,749,4.0,79,162.2,245,
1800-11-20 13:54:57,1278.0,5,1,41.0,1014.6,7.0,0,31,95.0,394,393,76.5,757,4.0,79,156.9,245,
1800-11-20 13:54:59,1280.0,5,1,40.0,1014.4,11.0,0,31,95.6,393,393,80.2,763,4.0,78,166.5,245,24.94
1800-11-20 13:55:01,1282.0,5,1,40.0,1014.3,15.0,0,31,96.0,395,394,82.1,775,4.1,78,164.8,244,
1800-11-20 13:55:03,1284.0,5,1,39.0,1013.7,17.0,5,31,96.0,395,395,82.1,776,4.1,77,166.1,244,
1800-11-20 13:55:05,1286.0,5,1,39.0,1013.5,19.0,18,31,94.5,397,396,73.4,769,3.9,77,145.7,244,
1800-11-20 13:55:07,1288.0,5,1,39.0,1013.7,22.0,9,31,93.2,394,394,66.6,745,3.9,76,144.4,244,
1800-11-20 13:55:09,1290.0,5,1,39.0,1013.6,26.0,27,31,92.6,394,393,65.3,743,3.8,76,144.5,244,25.57
1800-11-20 13:55:11,1292.0,5,1,40.0,1013.4,30.0,37,31,93.4,393,393,68.8,752,3.9,75,146.8,244,
1800-11-20 13:55:13,1294.0,3,1,39.0,1013.3,35.0,61,31,93.4,391,391,70.1,752,4.0,75,146.9,244,
1800-11-20 13:55:15,1296.0,3,1,37.0,1013.0,44.0,72,31,93.3,389,389,70.6,748,4.0,75,149.6,244,
1800-11-20 13:55:17,1298.0,3,1,37.0,1012.4,56.0,87,31,93.7,388,388,72.3,756,4.0,74,149.7,244,
1800-11-20 13:55:19,1300.0,3,1,39.0,1011.9,63.0,90,30,93.2,387,387,70.5,751,4.0,74,145.7,244,24.39
1800-11-20 13:55:21,1302.0,3,1,44.0,1011.2,70.0,92,30,93.1,386,385,68.2,748,4.0,74,143.9,244,
1800-11-20 13:55:23,1304.0,3,1,49.0,1010.4,76.0,98,30,93.2,385,385,68.8,748,4.0,74,143.7,244,
1800-11-20 13:55:25,1306.0,3,1,56.0,1009.7,78.0,100,30,92.6,385,384,66.2,743,3.9,73,140.6,244,
1800-11-20 13:55:27,1308.0,3,1,63.0,1008.8,78.0,101,30,92.8,385,384,66.9,745,3.9,73,140.9,244,
1800-11-20 13:55:29,1310.0,3,1,71.0,1007.9,81.0,107,30,92.7,385,384,66.2,744,4.0,73,140.1,244,25.66
1800-11-20 13:55:31,1312.0,3,1,79.0,1006.8,85.0,111,30,92.6,385,385,65.4,741,3.9,72,140.2,243,
1800-11-20 13:55:33,1314.0,3,1,89.0,1005.7,87.0,111,30,92.6,385,384,66.1,741,3.9,72,141.1,243,
1800-11-20 13:55:35,1316.0,3,1,99.0,1004.9,87.0,109,30,92.4,385,384,64.9,738,3.9,72,138.2,243,
1800-11-20 13:55:37,1318.0,3,1,108.0,1004.1,91.0,116,30,92.6,384,384,66.1,738,3.9,72,139.9,243,
1800-11-20 13:55:39,1320.0,3,1,114.0,1003.6,94.0,114,29,92.6,384,384,66.2,738,3.9,72,142.9,243,25.67
1800-11-20 13:55:41,1322.0,6,1,119.0,1003.0,100.0,124,29,93.6,385,384,70.6,749,4.0,71,145.9,243,
1800-11-20 13:55:43,1324.0,6,1,123.0,1002.4,104.0,125,29,93.4,385,385,69.7,749,4.0,71,144.8,243,
1800-11-20 13:55:45,1326.0,6,1,127.0,1001.9,109.0,135,29,93.3,385,385,69.1,748,4.0,71,144.2,243,
1800-11-20 13:55:47,1328.0,6,1,130.0,1001.4,115.0,137,29,93.0,385,385,67.3,744,4.0,71,142.1,243,
1800-11-20 13:55:49,1330.0,6,1,134.0,1001.1,120.0,137,29,93.3,385,385,70.3,746,4.0,70,147.1,243,25.67
1800-11-20 13:55:51,1332.0,6,1,138.0,1000.3,124.0,140,28,94.0,385,385,73.0,755,4.1,70,149.5,243,
1800-11-20 13:55:53,1334.0,6,1,142.0,999.6,128.0,140,28,93.6,385,385,71.5,752,4.1,70,145.2,243,
1800-11-20 13:55:55,1336.0,6,1,147.0,998.6,131.0,146,28,93.5,385,385,70.9,749,4.0,70,146.1,243,
1800-11-20 13:55:57,1338.0,6,1,155.0,998.1,135.0,144,28,93.6,385,385,71.6,751,4.1,70,148.5,242,
1800-11-20 13:55:59,1340.0,6,1,163.0,997.3,139.0,146,28,94.1,385,385,73.7,758,4.1,69,149.6,242,25.72
1800-11-20 13:56:01,1342.0,6,1,171.0,996.5,141.0,146,28,94.0,386,385,72.3,756,4.1,69,146.5,242,
1800-11-20 13:56:03,1344.0,6,1,177.0,995.8,143.0,146,28,93.5,385,385,69.8,751,4.1,69,144.5,242,
1800-11-20 13:56:05,1346.0,6,1,184.0,994.9,146.0,146,28,93.8,386,385,71.2,753,4.1,69,146.0,242,
1800-11-20 13:56:07,1348.0,6,1,192.0,994.1,150.0,144,28,93.8,386,385,71.3,753,4.1,69,145.2,242,
1800-11-20 13:56:09,1350.0,6,1,199.0,993.5,152.0,140,28,93.7,385,385,71.0,752,4.1,69,145.3,242,25.51
1800-11-20 13:56:11,1352.0,6,1,205.0,992.9,154.0,142,28,93.5,386,385,70.1,750,4.1,69,143.6,242,
1800-11-20 13:56:13,1354.0,6,1,211.0,992.2,159.0,142,28,93.3,386,385,68.6,747,4.1,69,141.0,242,
1800-11-20 13:56:15,1356.0,6,1,217.0,991.4,163.0,140,28,93.2,386,385,67.7,745,4.0,68,140.1,241,
1800-11-20 13:56:17,1358.0,6,1,224.0,990.5,165.0,140,28,93.2,386,385,67.4,744,4.0,68,140.2,241,
1800-11-20 13:56:19,1360.0,6,1,231.0,989.8,169.0,142,28,93.2,385,385,67.9,744,4.0,68,140.9,241,25.63
1800-11-20 13:56:21,1362.0,6,1,238.0,989.1,172.0,144,28,93.1,386,385,67.2,741,4.1,68,138.8,241,
1800-11-20 13:56:23,1364.0,6,1,244.0,988.4,178.0,148,27,93.1,386,385,66.8,741,4.0,68,139.2,241,
1800-11-20 13:56:25,1366.0,6,1,250.0,988.1,180.0,146,27,93.1,385,385,67.0,742,4.0,68,139.7,241,
1800-11-20 13:56:27,1368.0,6,1,254.0,987.6,183.0,146,27,93.0,386,385,66.2,740,4.0,68,137.9,241,
1800-11-20 13:56:29,1370.0,6,1,258.0,987.0,187.0,150,27,92.9,385,385,65.7,739,4.0,68,137.3,241,25.7
1800-11-20 13:56:31,1372.0,6,1,262.0,986.1,187.0,150,27,92.9,385,385,67.6,739,4.0,68,141.8,241,
1800-11-20 13:56:33,1374.0,6,1,270.0,985.2,185.0,151,27,93.6,385,385,70.2,747,4.1,68,143.9,241,
1800-11-20 13:56:35,1376.0,6,1,277.0,984.5,183.0,150,27,93.7,386,385,69.9,747,4.1,68,144.0,241,
1800-11-20 13:56:37,1378.0,6,1,284.0,983.7,181.0,153,27,93.9,386,385,73.5,751,4.1,68,149.3,240,
1800-11-20 13:56:39,1380.0,6,1,290.0,982.9,181.0,153,27,94.2,386,386,73.2,756,4.2,68,147.2,240,25.96
1800-11-20 13:56:41,1382.0,6,1,298.0,981.9,180.0,153,27,94.1,386,386,72.8,756,4.1,68,146.0,240,
1800-11-20 13:56:43,1384.0,6,1,308.0,980.9,174.0,151,27,94.2,386,385,73.2,755,4.1,68,147.2,240,
1800-11-20 13:56:45,1386.0,6,1,317.0,980.0,172.0,148,27,94.1,386,385,72.6,757,4.1,67,145.9,240,
1800-11-20 13:56:47,1388.0,6,1,327.0,979.0,167.0,148,27,94.0,386,385,71.9,754,4.1,67,144.4,240,
1800-11-20 13:56:49,1390.0,6,1,338.0,978.1,163.0,148,26,94.0,386,385,71.8,754,4.1,67,145.1,240,25.49
1800-11-20 13:56:51,1392.0,6,1,349.0,977.1,163.0,146,26,93.8,386,385,71.4,752,4.1,67,143.8,240,
1800-11-20 13:56:53,1394.0,6,1,358.0,976.1,159.0,142,26,93.7,386,385,70.6,751,4.1,67,142.9,240,
1800-11-20 13:56:55,1396.0,6,1,367.0,975.2,159.0,144,26,93.7,386,385,70.0,749,4.1,67,141.8,240,
1800-11-20 13:56:57,1398.0,6,1,375.0,974.3,157.0,142,26,93.7,386,385,69.9,750,4.1,67,142.0,239,
1800-11-20 13:56:59,1400.0,6,1,383.0,973.5,157.0,142,26,93.7,386,385,69.8,749,4.1,67,141.6,239,24.8
1800-11-20 13:57:01,1402.0,6,1,391.0,972.7,157.0,142,26,93.5,386,385,69.4,748,4.1,67,140.5,239,
1800-11-20 13:57:03,1404.0,6,1,398.0,971.8,156.0,140,26,93.4,386,385,69.3,747,4.1,67,140.7,239,
1800-11-20 13:57:05,1406.0,6,1,405.0,971.0,154.0,142,26,93.5,386,385,69.2,746,4.1,67,140.0,239,
1800-11-20 13:57:07,1408.0,6,1,413.0,970.3,156.0,140,26,93.4,386,385,68.9,745,4.1,67,139.4,239,
1800-11-20 13:57:09,1410.0,6,1,419.0,969.5,156.0,142,26,93.4,386,385,68.6,745,4.1,66,139.3,239,25.67
1800-11-20 13:57:11,1412.0,6,1,426.0,968.9,156.0,140,26,93.4,386,385,68.8,745,4.1,66,139.4,239,
1800-11-20 13:57:13,1414.0,6,1,432.0,968.1,156.0,140,26,93.3,386,385,68.2,744,4.1,66,138.3,239,
1800-11-20 13:57:15,1416.0,6,1,438.0,967.4,156.0,142,26,93.4,386,385,68.3,743,4.1,66,138.9,239,
1800-11-20 13:57:17,1418.0,6,1,444.0,966.7,156.0,142,26,93.3,386,385,68.1,744,4.1,66,138.3,239,
1800-11-20 13:57:19,1420.0,6,1,449.0,966.0,157.0,142,25,93.3,386,385,67.8,742,4.1,66,138.1,238,26.0
1800-11-20 13:57:21,1422.0,6,1,455.0,965.3,157.0,142,25,93.3,386,385,67.8,742,4.1,66,138.9,238,
1800-11-20 13:57:23,1424.0,6,1,460.0,964.4,159.0,144,25,93.6,386,385,69.1,744,4.1,66,140.2,238,
1800-11-20 13:57:25,1426.0,6,1,465.0,963.8,159.0,144,25,93.4,386,386,68.5,744,4.1,66,139.1,238,
1800-11-20 13:57:27,1428.0,6,1,471.0,962.9,159.0,144,25,93.4,386,386,68.2,743,4.1,66,138.7,238,
1800-11-20 13:57:29,1430.0,6,1,477.0,962.1,157.0,142,25,93.4,386,385,68.9,744,4.1,66,139.8,238,26.2
1800-11-20 13:57:31,1432.0,6,1,485.0,961.4,159.0,144,25,93.5,386,386,68.8,744,4.1,66,139.7,238,
1800-11-20 13:57:33,1434.0,6,1,491.0,960.6,157.0,144,25,93.4,386,386,68.3,743,4.1,66,138.3,238,
1800-11-20 13:57:35,1436.0,6,1,498.0,960.1,159.0,146,25,93.4,386,386,68.0,743,4.1,66,137.7,238,
1800-11-20 13:57:37,1438.0,6,1,505.0,959.2,159.0,146,25,93.4,386,386,68.0,742,4.1,66,138.4,238,
1800-11-20 13:57:39,1440.0,6,1,512.0,958.4,163.0,144,25,93.6,386,386,69.4,744,4.1,66,140.1,238,25.7
1800-11-20 13:57:41,1442.0,6,1,520.0,957.5,161.0,142,25,93.6,386,386,69.5,745,4.1,66,140.2,237,
1800-11-20 13:57:43,1444.0,6,1,530.0,956.5,161.0,140,25,93.7,386,386,69.7,746,4.1,66,140.9,237,
1800-11-20 13:57:45,1446.0,6,1,539.0,955.7,159.0,140,25,93.7,386,386,69.8,747,4.1,66,140.6,237,
1800-11-20 13:57:47,1448.0,6,1,548.0,954.7,159.0,140,25,93.7,386,386,69.6,746,4.1,66,139.6,237,
1800-11-20 13:57:49,1450.0,6,1,558.0,954.0,157.0,140,25,93.6,386,386,69.6,746,4.1,66,139.7,237,26.91
1800-11-20 13:57:51,1452.0,6,1,566.0,953.1,157.0,140,25,93.7,386,386,69.7,746,4.1,65,139.9,237,
1800-11-20 13:57:53,1454.0,6,1,575.0,952.1,157.0,140,25,93.7,386,386,69.5,745,4.1,65,139.3,237,
1800-11-20 13:57:55,1456.0,6,1,583.0,951.5,157.0,140,24,93.7,386,386,69.7,746,4.1,65,139.6,237,
1800-11-20 13:57:57,1458.0,6,1,591.0,950.7,157.0,140,24,93.6,386,386,69.4,745,4.1,65,139.3,237,
1800-11-20 13:57:59,1460.0,6,1,597.0,949.7,157.0,140,24,93.7,386,386,69.5,746,4.1,65,138.9,237,25.03
1800-11-20 13:58:01,1462.0,6,1,603.0,949.1,157.0,142,24,93.6,386,386,68.8,745,4.1,65,137.9,237,
1800-11-20 13:58:03,1464.0,6,1,609.0,948.3,159.0,142,24,93.5,386,386,68.8,745,4.1,65,138.0,236,
1800-11-20 13:58:05,1466.0,6,1,615.0,947.5,159.0,142,24,93.6,386,386,68.8,744,4.1,65,137.9,236,
1800-11-20 13:58:07,1468.0,6,1,622.0,946.7,159.0,140,24,93.5,386,386,68.8,744,4.1,65,137.9,236,
1800-11-20 13:58:09,1470.0,6,1,629.0,945.8,159.0,142,24,93.6,386,386,68.9,744,4.1,65,138.2,236,25.78
1800-11-20 13:58:11,1472.0,6,1,635.0,945.2,159.0,140,24,93.5,387,386,68.6,745,4.1,65,137.0,236,
1800-11-20 13:58:13,1474.0,6,1,642.0,944.6,161.0,144,24,93.5,387,386,68.1,743,4.1,65,136.2,236,
1800-11-20 13:58:15,1476.0,6,1,648.0,943.8,161.0,146,24,93.5,387,386,68.4,743,4.1,65,137.1,236,
1800-11-20 13:58:17,1478.0,6,1,654.0,943.3,163.0,148,24,93.5,387,386,68.4,744,4.1,65,136.9,236,
1800-11-20 13:58:19,1480.0,6,1,660.0,942.9,165.0,151,24,93.5,387,386,68.4,744,4.1,65,137.2,236,25.7
1800-11-20 13:58:21,1482.0,6,1,663.0,942.6,167.0,153,24,93.6,387,386,68.3,745,4.1,65,137.0,236,
1800-11-20 13:58:23,1484.0,6,1,665.0,942.6,170.0,157,24,93.4,387,386,67.2,742,4.1,65,135.7,236,
1800-11-20 13:58:25,1486.0,6,1,667.0,942.4,174.0,159,23,93.3,387,387,66.7,741,4.1,65,134.7,235,
1800-11-20 13:58:27,1488.0,6,1,669.0,942.2,178.0,162,23,93.2,387,387,65.6,739,4.1,65,133.5,235,
1800-11-20 13:58:29,1490.0,6,1,670.0,942.0,181.0,162,23,93.1,387,387,65.3,739,4.1,65,133.1,235,25.37
1800-11-20 13:58:31,1492.0,6,1,670.0,941.8,183.0,162,23,93.0,387,387,64.9,738,4.1,65,132.2,235,
1800-11-20 13:58:33,1494.0,6,1,672.0,941.4,183.0,162,23,92.9,387,387,63.9,737,4.1,64,131.6,235,
1800-11-20 13:58:35,1496.0,6,1,672.0,941.2,183.0,164,23,93.0,387,387,64.1,737,4.1,64,132.0,235,
1800-11-20 13:58:37,1498.0,6,1,674.0,940.9,185.0,164,23,92.9,387,387,64.0,736,4.1,64,131.6,235,
1800-11-20 13:58:39,1500.0,6,1,676.0,940.5,185.0,162,23,92.8,387,387,63.4,734,4.1,64,130.3,235,25.67
1800-11-20 13:58:41,1502.0,6,1,678.0,940.2,185.0,164,23,92.8,387,387,63.3,733,4.1,64,130.6,235,
1800-11-20 13:58:43,1504.0,6,1,680.0,939.9,185.0,162,23,92.7,387,387,63.0,732,4.1,64,130.0,235,
1800-11-20 13:58:45,1506.0,6,1,683.0,939.7,185.0,161,23,92.7,387,386,62.9,731,4.1,64,130.0,235,
1800-11-20 13:58:47,1508.0,7,1,685.0,939.4,183.0,162,23,92.6,387,387,62.2,731,4.1,64,128.9,235,
1800-11-20 13:58:49,1510.0,7,1,687.0,939.3,185.0,164,23,92.6,387,386,62.3,729,4.1,64,129.5,235,26.05
1800-11-20 13:58:51,1512.0,7,1,689.0,939.2,185.0,164,23,92.5,387,387,61.9,728,4.1,64,128.1,234,
1800-11-20 13:58:53,1514.0,7,1,690.0,939.1,185.0,164,23,92.4,387,387,61.1,727,4.0,63,127.5,234,
1800-11-20 13:58:55,1516.0,7,1,691.0,938.9,187.0,166,23,92.3,387,387,61.0,725,4.0,63,127.1,234,
1800-11-20 13:58:57,1518.0,7,1,692.0,938.8,187.0,166,23,92.3,387,387,60.6,725,4.0,63,126.7,234,
1800-11-20 13:58:59,1520.0,7,1,693.0,938.5,187.0,162,23,92.2,387,387,60.5,723,4.0,63,126.4,234,25.8
1800-11-20 13:59:01,1522.0,7,1,694.0,938.3,187.0,164,23,92.2,387,387,60.1,723,4.0,63,126.2,234,
1800-11-20 13:59:03,1524.0,7,1,696.0,938.0,185.0,164,23,92.2,387,387,60.3,722,4.1,63,126.2,234,
1800-11-20 13:59:05,1526.0,7,1,699.0,938.0,185.0,162,23,92.2,387,387,60.3,722,4.0,63,126.3,234,
1800-11-20 13:59:07,1528.0,7,1,701.0,937.7,187.0,164,23,92.2,387,387,60.7,722,4.0,63,127.4,234,
1800-11-20 13:59:09,1530.0,7,1,704.0,937.5,187.0,162,23,92.3,387,387,60.5,723,4.1,63,126.3,234,25.7
1800-11-20 13:59:11,1532.0,7,1,707.0,937.2,187.0,161,23,92.2,387,387,60.8,722,4.1,63,127.2,234,
1800-11-20 13:59:13,1534.0,7,1,710.0,936.7,185.0,161,23,92.4,387,387,60.8,722,4.1,63,126.3,234,
1800-11-20 13:59:15,1536.0,7,1,714.0,936.4,185.0,162,23,92.3,387,387,60.8,721,4.1,62,126.8,233,
1800-11-20 13:59:17,1538.0,7,1,717.0,936.1,185.0,159,23,92.2,387,387,60.5,721,4.1,62,126.3,233,
1800-11-20 13:59:19,1540.0,7,1,721.0,935.7,185.0,159,23,92.2,387,387,60.9,721,4.1,62,126.5,233,25.59
1800-11-20 13:59:21,1542.0,7,1,726.0,935.2,185.0,161,23,92.3,387,387,60.9,720,4.1,62,126.4,233,
1800-11-20 13:59:23,1544.0,7,1,730.0,935.1,185.0,161,23,92.2,387,387,60.4,720,4.1,62,125.6,233,
1800-11-20 13:59:25,1546.0,7,1,732.0,935.0,185.0,161,23,92.2,387,387,60.1,720,4.1,62,124.8,233,
1800-11-20 13:59:27,1548.0,7,1,734.0,934.6,187.0,159,23,91.9,388,387,58.9,716,4.0,62,123.5,233,
1800-11-20 13:59:29,1550.0,7,1,735.0,934.3,185.0,159,23,91.8,387,387,56.9,714,4.0,62,121.9,233,25.69
1800-11-20 13:59:31,1552.0,7,1,739.0,933.8,185.0,155,23,91.9,387,386,56.3,714,4.0,62,122.2,233,
1800-11-20 13:59:33,1554.0,7,1,744.0,933.5,183.0,153,23,92.1,387,386,56.9,716,4.0,62,123.2,233,
1800-11-20 13:59:35,1556.0,7,1,748.0,933.2,183.0,153,23,92.1,387,386,57.2,717,4.0,62,124.0,233,
1800-11-20 13:59:37,1558.0,7,1,751.0,933.1,183.0,153,23,92.2,387,386,57.4,717,4.0,62,123.9,232,
1800-11-20 13:59:39,1560.0,7,1,751.0,933.1,185.0,155,23,92.1,387,386,58.4,717,4.0,62,124.5,232,24.67
1800-11-20 13:59:41,1562.0,7,1,750.0,933.3,187.0,159,23,91.9,387,386,57.6,714,4.0,62,124.4,232,
1800-11-20 13:59:43,1564.0,7,1,749.0,933.4,189.0,161,23,92.3,387,386,57.6,718,4.1,62,124.0,232,
1800-11-20 13:59:45,1566.0,7,1,748.0,933.6,193.0,162,23,92.1,387,386,56.9,716,4.0,62,122.5,232,
1800-11-20 13:59:47,1568.0,7,1,746.0,933.9,193.0,164,23,92.0,387,386,56.3,715,4.0,62,122.3,232,
1800-11-20 13:59:49,1570.0,7,1,744.0,934.1,194.0,166,23,91.9,387,386,56.0,714,4.0,62,121.8,232,25.71
1800-11-20 13:59:51,1572.0,7,1,742.0,934.4,196.0,168,23,91.9,387,386,55.6,713,4.0,62,121.4,232,
1800-11-20 13:59:53,1574.0,7,1,738.0,934.6,196.0,172,23,91.9,387,386,55.7,713,4.0,62,121.8,232,
1800-11-20 13:59:55,1576.0,7,1,734.0,935.0,200.0,172,23,91.8,387,386,55.5,712,4.0,62,120.8,232,
1800-11-20 13:59:57,1578.0,7,1,729.0,935.6,202.0,174,23,91.7,387,387,55.5,710,4.0,62,122.3,232,
1800-11-20 13:59:59,1580.0,7,1,725.0,936.0,202.0,175,23,91.8,387,387,55.3,712,4.0,62,121.2,232,25.77
1800-11-20 14:00:01,1582.0,7,1,720.0,936.3,204.0,177,23,91.6,387,387,54.7,710,4.0,62,120.3,232,
1800-11-20 14:00:03,1584.0,7,1,716.0,936.7,204.0,175,23,91.7,387,387,55.2,710,4.0,62,122.4,232,
1800-11-20 14:00:05,1586.0,7,1,713.0,936.8,204.0,177,23,91.4,387,387,54.1,706,4.0,61,119.7,231,
1800-11-20 14:00:07,1588.0,7,1,709.0,937.0,204.0,177,23,91.5,387,387,53.7,707,4.0,61,118.7,231,
1800-11-20 14:00:09,1590.0,7,1,707.0,937.3,204.0,175,23,91.4,387,387,53.4,705,4.0,61,119.2,231,25.79
1800-11-20 14:00:11,1592.0,7,1,702.0,937.9,204.0,174,23,91.3,387,387,52.7,703,4.0,61,118.4,231,
1800-11-20 14:00:13,1594.0,7,1,699.0,938.1,204.0,174,23,91.2,387,387,52.5,702,4.0,61,117.9,231,
1800-11-20 14:00:15,1596.0,7,1,696.0,938.6,204.0,174,23,90.9,388,387,51.8,701,4.0,61,117.2,231,
1800-11-20 14:00:17,1598.0,7,1,693.0,939.1,202.0,175,23,91.0,388,387,51.9,701,4.0,61,117.1,231,
1800-11-20 14:00:19,1600.0,7,1,690.0,939.6,204.0,172,23,90.9,387,387,52.0,699,4.0,61,118.3,231,25.31
1800-11-20 14:00:21,1602.0,7,1,687.0,940.0,204.0,172,23,91.6,387,387,53.9,703,4.0,61,120.4,231,
1800-11-20 14:00:23,1604.0,7,1,684.0,940.3,204.0,174,23,91.5,387,387,54.6,703,4.0,61,122.3,231,
1800-11-20 14:00:25,1606.0,7,1,680.0,940.7,204.0,174,23,91.6,387,387,54.8,706,4.0,61,122.4,231,
1800-11-20 14:00:27,1608.0,7,1,677.0,941.2,202.0,172,23,91.9,387,387,56.0,708,4.1,61,122.1,231,
1800-11-20 14:00:29,1610.0,7,1,673.0,941.7,200.0,172,23,91.2,388,387,53.1,703,4.0,61,118.6,231,25.75
1800-11-20 14:00:31,1612.0,7,1,667.0,942.0,200.0,170,23,91.4,387,387,53.8,702,4.0,61,119.6,230,
1800-11-20 14:00:33,1614.0,7,1,663.0,942.3,198.0,174,23,90.4,387,387,49.0,692,3.9,60,113.9,230,
1800-11-20 14:00:35,1616.0,7,1,660.0,942.7,196.0,174,23,90.8,387,387,52.0,694,4.0,60,118.5,230,
1800-11-20 14:00:37,1618.0,7,1,655.0,943.2,196.0,174,23,90.7,387,387,50.5,696,4.0,60,115.9,230,
1800-11-20 14:00:39,1620.0,7,1,651.0,943.6,194.0,170,23,90.4,387,387,49.4,691,3.9,60,113.9,230,25.81
1800-11-20 14:00:41,1622.0,7,1,648.0,944.1,193.0,168,24,90.2,387,387,48.1,688,3.9,60,113.9,230,
1800-11-20 14:00:43,1624.0,7,1,644.0,944.7,193.0,166,24,90.7,387,387,51.4,691,4.0,60,118.0,230,
1800-11-20 14:00:45,1626.0,7,1,642.0,944.8,193.0,168,24,90.3,387,387,48.9,689,3.9,60,115.0,230,
1800-11-20 14:00:47,1628.0,7,1,640.0,945.0,191.0,168,24,90.5,387,387,49.9,691,4.0,60,115.4,230,
1800-11-20 14:00:49,1630.0,7,1,639.0,945.2,187.0,168,24,90.6,387,387,50.0,692,4.0,60,114.7,230,25.72
1800-11-20 14:00:51,1632.0,7,1,639.0,945.1,185.0,166,24,90.7,387,387,51.3,692,4.0,60,118.7,230,
1800-11-20 14:00:53,1634.0,7,1,639.0,945.2,181.0,162,24,90.8,387,387,51.1,693,4.0,60,117.5,230,
1800-11-20 14:00:55,1636.0,7,1,639.0,945.5,180.0,153,24,90.5,387,386,49.2,693,4.0,60,111.6,230,
1800-11-20 14:00:57,1638.0,7,1,640.0,945.3,176.0,153,24,89.7,386,386,46.9,679,3.9,60,113.1,229,
1800-11-20 14:00:59,1640.0,7,1,641.0,945.2,172.0,153,24,90.7,386,386,51.3,688,3.9,60,116.9,229,25.79
1800-11-20 14:01:01,1642.0,7,1,643.0,945.4,169.0,146,24,90.4,387,386,49.4,688,4.0,60,114.1,229,
1800-11-20 14:01:03,1644.0,7,1,643.0,945.3,165.0,144,23,89.9,387,386,48.3,683,3.9,60,112.4,229,
1800-11-20 14:01:05,1646.0,7,1,645.0,945.1,161.0,146,24,90.5,386,386,50.8,688,3.9,60,117.2,229,
1800-11-20 14:01:07,1648.0,7,1,647.0,945.2,159.0,144,24,90.3,386,386,49.9,688,4.0,60,114.4,229,
1800-11-20 14:01:09,1650.0,7,1,648.0,944.9,156.0,142,24,89.6,387,387,47.0,681,3.9,60,110.7,229,25.73
1800-11-20 14:01:11,1652.0,7,1,651.0,944.8,152.0,137,23,90.0,386,385,50.0,681,3.9,60,117.3,229,
1800-11-20 14:01:13,1654.0,7,1,654.0,945.0,152.0,133,23,90.7,386,385,51.5,692,4.0,60,117.1,229,
1800-11-20 14:01:15,1656.0,7,1,655.0,945.0,152.0,133,23,90.7,386,385,51.8,691,4.0,60,117.5,229,
1800-11-20 14:01:17,1658.0,7,1,657.0,945.2,152.0,129,23,90.4,386,385,51.9,690,4.0,60,118.7,229,
1800-11-20 14:01:19,1660.0,7,1,659.0,945.5,152.0,131,23,91.0,386,385,53.4,698,4.0,60,119.4,229,25.7
1800-11-20 14:01:21,1662.0,7,1,655.0,945.9,156.0,131,23,90.9,386,386,52.9,697,4.0,60,119.6,228,
1800-11-20 14:01:23,1664.0,7,1,652.0,946.4,157.0,131,23,90.7,387,386,52.5,695,4.0,60,117.4,228,
1800-11-20 14:01:25,1666.0,7,1,649.0,946.2,159.0,133,23,90.7,386,386,53.0,695,4.0,61,119.8,228,
1800-11-20 14:01:27,1668.0,7,1,646.0,946.3,161.0,133,23,91.1,386,386,53.8,699,4.0,61,120.4,228,
1800-11-20 14:01:29,1670.0,7,1,645.0,945.9,161.0,131,24,90.6,386,386,51.8,695,4.0,61,115.7,228,25.7
1800-11-20 14:01:31,1672.0,7,1,644.0,945.2,161.0,131,24,89.6,386,386,46.9,682,3.9,61,110.8,228,
1800-11-20 14:01:33,1674.0,7,1,645.0,944.7,159.0,135,23,90.8,385,385,52.6,691,3.9,61,119.4,228,
1800-11-20 14:01:35,1676.0,7,1,646.0,944.0,157.0,131,23,90.6,386,386,52.6,693,4.0,61,120.7,228,
1800-11-20 14:01:37,1678.0,7,1,648.0,943.4,154.0,127,23,91.7,386,385,57.2,704,4.0,61,125.7,228,
1800-11-20 14:01:39,1680.0,7,1,652.0,942.8,156.0,131,23,91.9,385,385,59.4,709,4.1,61,127.0,228,25.66
1800-11-20 14:01:41,1682.0,7,1,657.0,942.2,156.0,127,23,91.5,387,386,58.9,705,4.1,61,124.5,228,
1800-11-20 14:01:43,1684.0,7,1,666.0,941.4,154.0,129,23,91.6,386,386,59.6,706,4.1,61,126.1,227,
1800-11-20 14:01:45,1686.0,7,1,676.0,940.3,152.0,127,23,91.6,386,386,58.7,706,4.1,61,124.8,227,
1800-11-20 14:01:47,1688.0,7,1,685.0,939.3,148.0,127,23,91.8,386,386,60.4,707,4.1,61,127.6,227,
1800-11-20 14:01:49,1690.0,7,1,693.0,938.6,144.0,124,23,91.9,387,386,60.7,709,4.1,61,125.4,227,25.55
1800-11-20 14:01:51,1692.0,7,1,702.0,937.6,141.0,124,23,92.0,386,386,61.5,710,4.1,61,127.6,227,
1800-11-20 14:01:53,1694.0,7,1,709.0,936.8,139.0,120,23,91.8,387,386,60.2,709,4.1,61,125.1,227,
1800-11-20 14:01:55,1696.0,7,1,715.0,936.4,139.0,120,23,91.9,386,386,62.2,709,4.1,62,129.0,227,
1800-11-20 14:01:57,1698.0,7,1,722.0,935.6,139.0,122,23,92.2,387,386,62.8,714,4.1,62,130.3,227,
1800-11-20 14:01:59,1700.0,7,1,729.0,935.1,139.0,124,23,92.7,386,386,64.9,718,4.1,62,132.1,227,25.84
1800-11-20 14:02:01,1702.0,7,1,737.0,934.8,139.0,118,23,92.4,387,386,64.0,719,4.1,62,130.6,227,
1800-11-20 14:02:03,1704.0,7,1,745.0,934.0,139.0,122,23,92.4,386,386,63.7,718,4.1,62,130.0,227,
1800-11-20 14:02:05,1706.0,7,1,751.0,933.0,135.0,131,22,92.4,387,386,63.8,719,4.1,62,130.2,226,
1800-11-20 14:02:07,1708.0,7,1,760.0,932.3,135.0,129,22,92.5,387,387,63.7,721,4.1,62,129.7,226,
1800-11-20 14:02:09,1710.0,7,1,771.0,931.5,133.0,124,22,92.6,387,386,64.5,722,4.1,62,131.4,226,25.7
1800-11-20 14:02:11,1712.0,7,1,782.0,930.8,133.0,118,22,92.5,387,386,63.9,721,4.1,62,129.4,226,
1800-11-20 14:02:13,1714.0,7,1,789.0,929.8,130.0,118,22,92.4,387,387,63.1,719,4.1,62,129.0,226,
1800-11-20 14:02:15,1716.0,7,1,797.0,928.9,126.0,116,22,92.4,387,387,63.5,721,4.1,62,129.5,226,
1800-11-20 14:02:17,1718.0,7,1,807.0,928.0,124.0,111,22,92.2,387,387,62.6,718,4.1,62,126.9,226,
1800-11-20 14:02:19,1720.0,7,1,818.0,927.0,117.0,105,22,92.1,387,386,62.7,716,4.1,62,128.0,226,25.61
1800-11-20 14:02:21,1722.0,7,1,825.0,926.2,115.0,103,22,92.3,387,386,63.0,717,4.1,62,127.8,226,
1800-11-20 14:02:23,1724.0,7,1,833.0,925.4,113.0,100,22,92.1,387,386,62.0,715,4.1,62,126.0,226,
1800-11-20 14:02:25,1726.0,7,1,841.0,924.6,113.0,103,22,92.0,387,386,62.0,714,4.1,62,127.2,226,
1800-11-20 14:02:27,1728.0,7,1,848.0,924.0,113.0,105,22,92.0,387,386,61.1,714,4.1,62,124.7,225,
1800-11-20 14:02:29,1730.0,7,1,853.0,923.3,113.0,105,22,92.0,387,386,61.2,714,4.0,62,125.5,225,25.57
1800-11-20 14:02:31,1732.0,7,1,859.0,922.5,113.0,105,22,91.9,387,387,60.6,713,4.0,63,124.0,225,
1800-11-20 14:02:33,1734.0,7,1,866.0,921.9,113.0,103,22,91.9,387,387,60.4,712,4.0,63,124.5,225,
1800-11-20 14:02:35,1736.0,7,1,869.0,921.3,113.0,101,21,91.9,387,387,60.3,711,4.0,63,124.8,225,
1800-11-20 14:02:37,1738.0,7,1,876.0,920.9,117.0,103,21,91.9,387,386,60.8,713,4.0,63,124.8,225,
1800-11-20 14:02:39,1740.0,7,1,879.0,920.3,117.0,103,21,91.9,387,387,59.7,711,4.0,63,123.7,225,25.61
1800-11-20 14:02:41,1742.0,7,1,884.0,920.1,117.0,107,21,92.0,387,387,59.9,712,4.0,63,123.5,225,
1800-11-20 14:02:43,1744.0,7,1,886.0,919.6,120.0,111,21,91.6,387,387,58.6,709,4.0,63,121.6,225,
1800-11-20 14:02:45,1746.0,7,1,885.0,919.3,122.0,118,21,91.5,387,387,59.4,709,4.0,64,124.2,225,
1800-11-20 14:02:47,1748.0,7,1,885.0,919.5,124.0,124,21,91.7,387,387,58.1,708,4.0,64,120.8,225,
1800-11-20 14:02:49,1750.0,7,1,883.0,919.6,122.0,131,21,91.8,387,386,56.9,710,4.0,64,122.5,225,25.69
1800-11-20 14:02:51,1752.0,7,1,883.0,919.8,130.0,137,21,91.9,387,386,56.9,715,4.0,64,121.2,225,
1800-11-20 14:02:53,1754.0,7,1,880.0,920.1,146.0,148,21,90.9,387,387,51.8,704,3.9,64,113.9,225,
1800-11-20 14:02:55,1756.0,7,1,876.0,920.7,150.0,148,22,90.6,387,387,51.4,699,3.9,64,116.0,224,
1800-11-20 14:02:57,1758.0,7,1,870.0,921.1,152.0,150,22,90.6,387,387,51.0,700,3.9,64,113.7,224,
1800-11-20 14:02:59,1760.0,7,1,863.0,921.7,156.0,153,22,90.5,387,387,50.6,694,3.9,64,115.4,224,25.73
1800-11-20 14:03:01,1762.0,7,1,858.0,922.3,161.0,157,22,90.3,388,387,49.0,692,3.9,64,110.8,224,
1800-11-20 14:03:03,1764.0,7,1,851.0,922.8,163.0,159,22,89.8,388,387,47.7,686,3.8,64,111.7,224,
1800-11-20 14:03:05,1766.0,7,1,846.0,923.0,167.0,162,22,90.2,387,387,48.4,690,3.9,64,112.8,224,
1800-11-20 14:03:07,1768.0,7,1,840.0,923.3,169.0,170,22,90.4,388,387,49.2,691,3.9,64,112.9,224,
1800-11-20 14:03:09,1770.0,7,1,834.0,923.8,170.0,174,22,90.2,388,387,49.1,691,3.9,64,113.8,224,25.56
1800-11-20 14:03:11,1772.0,7,1,829.0,924.4,172.0,174,22,90.4,387,387,49.5,693,3.9,64,113.7,224,
1800-11-20 14:03:13,1774.0,7,1,824.0,924.7,172.0,172,22,90.4,388,387,48.9,692,3.9,64,112.7,224,
1800-11-20 14:03:15,1776.0,7,1,819.0,925.1,172.0,170,22,90.3,387,387,49.6,689,3.9,63,115.2,224,
1800-11-20 14:03:17,1778.0,7,1,814.0,925.7,172.0,172,22,90.6,387,387,50.5,693,3.9,63,116.0,224,
1800-11-20 14:03:19,1780.0,7,1,809.0,926.3,174.0,170,22,90.7,388,387,50.0,695,3.9,63,112.7,224,25.77
1800-11-20 14:03:21,1782.0,7,1,803.0,926.3,174.0,174,22,90.5,387,387,49.4,691,3.9,63,113.2,224,
1800-11-20 14:03:23,1784.0,7,1,800.0,926.5,176.0,174,22,89.5,388,388,46.2,682,3.9,63,109.8,223,
1800-11-20 14:03:25,1786.0,7,1,799.0,926.4,176.0,174,22,90.0,388,388,47.7,685,3.9,63,112.3,223,
1800-11-20 14:03:27,1788.0,7,1,798.0,926.3,176.0,174,22,90.5,387,387,50.2,689,3.9,62,116.3,223,
1800-11-20 14:03:29,1790.0,7,1,796.0,926.4,174.0,175,22,90.9,387,386,50.9,696,4.0,62,114.6,223,26.74
1800-11-20 14:03:31,1792.0,7,1,792.0,927.1,172.0,172,22,90.2,388,387,48.9,689,3.9,62,114.9,223,
1800-11-20 14:03:33,1794.0,7,1,789.0,927.6,170.0,168,22,90.8,388,387,51.8,693,3.9,62,118.8,223,
1800-11-20 14:03:35,1796.0,7,1,786.0,927.9,170.0,168,22,91.7,387,387,55.2,704,4.0,62,122.1,223,
1800-11-20 14:03:37,1798.0,7,1,781.0,928.4,172.0,174,22,91.7,387,387,55.1,705,4.0,62,121.4,223,
1800-11-20 14:03:39,1800.0,7,1,777.0,928.8,172.0,172,22,91.8,387,387,55.6,707,4.0,62,121.5,223,25.73
1800-11-20 14:03:41,1802.0,7,1,774.0,929.2,170.0,175,22,91.6,388,387,54.2,704,4.0,62,120.8,223,
1800-11-20 14:03:43,1804.0,7,1,770.0,929.6,170.0,181,23,91.3,388,387,52.8,701,4.0,61,117.2,223,
1800-11-20 14:03:45,1806.0,7,1,766.0,930.1,172.0,172,23,91.0,388,388,52.1,700,4.0,61,117.4,223,
1800-11-20 14:03:47,1808.0,7,1,763.0,930.2,170.0,168,23,91.0,387,387,53.0,700,4.0,61,120.2,223,
1800-11-20 14:03:49,1810.0,7,1,761.0,930.4,170.0,166,23,91.6,387,387,54.4,704,4.0,61,121.5,223,25.64
1800-11-20 14:03:51,1812.0,7,1,760.0,930.8,169.0,162,23,91.3,387,386,53.2,703,4.0,61,114.7,222,
1800-11-20 14:03:53,1814.0,7,1,758.0,931.0,169.0,159,22,89.6,388,387,46.7,683,3.9,61,110.3,222,
1800-11-20 14:03:55,1816.0,7,1,759.0,930.6,165.0,157,22,90.3,387,387,50.0,689,4.0,61,117.2,222,
1800-11-20 14:03:57,1818.0,7,1,762.0,930.5,165.0,155,22,91.3,387,386,55.2,700,4.0,61,122.2,222,
1800-11-20 14:03:59,1820.0,7,1,765.0,930.5,163.0,157,22,91.6,387,386,56.4,704,4.1,61,125.6,222,25.09
1800-11-20 14:04:01,1822.0,7,1,765.0,930.7,163.0,157,22,91.5,388,386,56.0,708,4.0,61,118.0,222,
1800-11-20 14:04:03,1824.0,7,1,766.0,930.3,161.0,161,22,91.6,387,386,56.7,705,4.0,61,126.4,222,
1800-11-20 14:04:05,1826.0,7,1,770.0,930.3,163.0,161,22,91.7,387,386,58.5,709,4.0,61,121.9,222,
1800-11-20 14:04:07,1828.0,7,1,774.0,929.6,163.0,164,22,91.5,386,386,54.4,704,4.0,61,120.9,222,
1800-11-20 14:04:09,1830.0,7,1,780.0,929.5,163.0,161,23,91.2,387,386,53.1,704,4.0,61,117.4,222,25.79
1800-11-20 14:04:11,1832.0,7,1,784.0,929.2,163.0,150,23,90.8,386,386,51.3,696,4.0,61,115.2,222,
1800-11-20 14:04:13,1834.0,7,1,789.0,928.9,161.0,153,22,90.6,387,386,51.2,693,4.0,61,116.3,222,
1800-11-20 14:04:15,1836.0,7,1,792.0,928.6,161.0,153,22,90.7,387,387,50.6,693,4.0,61,115.1,221,
1800-11-20 14:04:17,1838.0,7,1,796.0,928.5,163.0,150,22,90.8,387,386,51.6,695,4.0,61,116.5,221,
1800-11-20 14:04:19,1840.0,7,1,798.0,928.5,163.0,151,22,90.5,387,387,50.6,692,4.0,61,114.6,221,25.64
1800-11-20 14:04:21,1842.0,7,1,799.0,928.4,163.0,153,22,90.6,387,387,50.9,692,4.0,61,115.5,221,
1800-11-20 14:04:23,1844.0,7,1,800.0,928.4,165.0,150,22,90.8,387,387,51.4,694,4.0,61,116.0,221,
1800-11-20 14:04:25,1846.0,7,1,800.0,928.3,165.0,146,22,90.9,387,387,53.8,695,4.0,61,121.1,221,
1800-11-20 14:04:27,1848.0,7,1,801.0,928.1,165.0,146,22,91.6,387,386,55.2,704,4.0,61,121.2,221,
1800-11-20 14:04:29,1850.0,7,1,802.0,928.0,165.0,148,22,91.9,386,386,59.0,705,4.0,61,125.4,221,25.68
1800-11-20 14:04:31,1852.0,7,1,803.0,928.3,165.0,142,22,90.9,387,387,53.4,700,4.0,61,113.0,221,
1800-11-20 14:04:33,1854.0,7,1,803.0,928.2,163.0,135,22,89.5,387,386,45.9,680,3.9,61,107.7,221,
1800-11-20 14:04:35,1856.0,7,1,804.0,927.7,163.0,153,22,88.7,387,387,41.8,671,3.8,61,101.2,221,
1800-11-20 14:04:37,1858.0,7,1,805.0,927.6,163.0,153,22,87.6,387,387,38.5,654,3.7,61,99.5,221,
1800-11-20 14:04:39,1860.0,7,1,805.0,927.8,159.0,148,22,88.8,386,386,43.1,663,3.8,61,105.3,221,25.56
1800-11-20 14:04:41,1862.0,7,1,801.0,928.4,157.0,155,22,87.8,388,388,38.7,656,3.7,61,99.2,220,
1800-11-20 14:04:43,1864.0,7,1,796.0,928.7,159.0,157,22,88.3,387,387,41.0,660,3.7,61,102.5,220,
1800-11-20 14:04:45,1866.0,7,1,791.0,929.2,159.0,151,22,88.1,388,388,41.1,655,3.7,61,104.5,220,
1800-11-20 14:04:47,1868.0,7,1,787.0,929.5,159.0,153,22,89.3,387,387,45.9,668,3.8,61,111.5,220,
1800-11-20 14:04:49,1870.0,7,1,782.0,930.1,159.0,151,22,89.3,388,388,44.7,670,3.8,61,107.5,220,25.71
1800-11-20 14:04:51,1872.0,7,1,779.0,930.3,161.0,153,22,89.7,387,387,47.6,673,3.9,61,112.8,220,
1800-11-20 14:04:53,1874.0,7,1,776.0,930.8,163.0,150,22,90.4,387,387,49.2,681,3.9,61,115.5,220,
1800-11-20 14:04:55,1876.0,7,1,772.0,931.5,165.0,150,22,90.8,387,387,51.7,687,4.0,61,118.4,220,
1800-11-20 14:04:57,1878.0,7,1,769.0,931.6,170.0,155,22,91.5,387,387,53.7,695,4.1,61,120.5,220,
1800-11-20 14:04:59,1880.0,7,1,765.0,932.0,174.0,157,22,91.2,387,387,52.5,695,4.0,61,117.6,220,26.15
1800-11-20 14:05:01,1882.0,7,1,762.0,932.3,181.0,159,22,90.9,387,387,51.1,690,4.0,61,115.1,220,
1800-11-20 14:05:03,1884.0,7,1,761.0,932.7,183.0,162,22,90.8,387,387,50.8,689,4.0,61,116.4,220,
1800-11-20 14:05:05,1886.0,7,1,760.0,932.8,187.0,172,23,90.6,388,387,49.9,688,4.0,61,112.8,220,
1800-11-20 14:05:07,1888.0,7,1,758.0,933.0,191.0,168,23,90.0,387,387,47.8,682,3.9,61,113.8,219,
1800-11-20 14:05:09,1890.0,7,1,757.0,933.2,194.0,172,23,91.1,387,386,52.7,692,4.0,61,119.8,219,26.04
1800-11-20 14:05:11,1892.0,7,1,753.0,933.8,194.0,174,23,91.4,387,387,52.8,696,4.0,61,118.9,219,
1800-11-20 14:05:13,1894.0,7,1,746.0,934.8,196.0,174,22,91.1,387,387,51.7,694,4.0,61,116.6,219,
1800-11-20 14:05:15,1896.0,7,1,739.0,935.7,200.0,172,22,90.6,388,388,49.6,690,4.0,61,114.1,219,
1800-11-20 14:05:17,1898.0,7,1,732.0,936.4,200.0,174,23,90.5,388,387,49.8,688,4.0,61,115.4,219,
1800-11-20 14:05:19,1900.0,7,1,725.0,937.0,202.0,174,23,90.8,388,387,50.5,692,4.0,61,115.8,219,25.7
1800-11-20 14:05:21,1902.0,7,1,717.0,937.7,202.0,174,23,90.3,387,387,48.9,687,4.0,60,114.5,219,
1800-11-20 14:05:23,1904.0,7,1,712.0,938.0,204.0,172,23,91.0,387,387,52.8,692,4.0,60,119.5,219,
1800-11-20 14:05:25,1906.0,7,1,706.0,938.3,202.0,168,23,91.4,387,387,54.5,697,4.0,60,122.2,219,
1800-11-20 14:05:27,1908.0,7,1,702.0,938.6,202.0,166,23,91.8,387,387,55.8,702,4.1,60,124.1,219,
1800-11-20 14:05:29,1910.0,7,1,700.0,938.6,202.0,170,23,91.5,388,387,54.5,704,4.0,60,119.2,219,25.72
1800-11-20 14:05:31,1912.0,7,1,699.0,938.2,200.0,174,23,90.9,387,387,51.0,695,4.0,60,116.9,219,
1800-11-20 14:05:33,1914.0,7,1,700.0,938.0,198.0,174,23,90.2,386,386,49.0,689,4.0,60,114.6,219,
1800-11-20 14:05:35,1916.0,7,1,699.0,938.3,196.0,170,23,91.0,386,386,51.9,695,4.0,60,116.6,219,
1800-11-20 14:05:37,1918.0,7,1,696.0,938.6,196.0,170,23,90.8,387,386,53.2,693,4.0,60,121.7,218,
1800-11-20 14:05:39,1920.0,7,1,692.0,939.4,198.0,170,23,91.5,387,387,54.1,701,4.0,60,120.4,218,25.6
1800-11-20 14:05:41,1922.0,7,1,686.0,939.8,200.0,172,23,91.1,388,387,52.6,697,4.0,60,117.7,218,
1800-11-20 14:05:43,1924.0,7,1,680.0,940.3,202.0,174,23,90.7,387,387,50.4,692,4.0,60,115.9,218,
1800-11-20 14:05:45,1926.0,7,1,676.0,940.7,202.0,175,23,91.1,387,387,53.6,693,4.0,60,121.5,218,
1800-11-20 14:05:47,1928.0,7,1,671.0,941.4,204.0,172,23,91.4,387,387,53.2,699,4.0,60,118.9,218,
1800-11-20 14:05:49,1930.0,7,1,666.0,941.6,204.0,175,23,91.0,388,387,51.7,695,4.0,60,116.4,218,25.62
1800-11-20 14:05:51,1932.0,7,1,663.0,941.9,204.0,175,23,90.6,387,387,50.5,689,4.0,60,116.6,218,
1800-11-20 14:05:53,1934.0,7,1,658.0,942.5,206.0,174,23,91.0,387,387,51.9,694,4.0,60,117.0,218,
1800-11-20 14:05:55,1936.0,7,1,654.0,942.8,206.0,179,23,90.0,388,388,47.8,683,3.9,59,110.9,218,
1800-11-20 14:05:57,1938.0,7,1,649.0,943.4,207.0,179,23,89.7,388,387,45.9,678,3.9,59,110.0,218,
1800-11-20 14:05:59,1940.0,7,1,643.0,944.1,207.0,181,24,89.8,387,387,47.0,680,3.9,59,112.1,218,25.64
1800-11-20 14:06:01,1942.0,7,1,636.0,945.0,207.0,181,24,90.0,388,387,47.1,682,3.9,59,111.8,218,
1800-11-20 14:06:03,1944.0,7,1,630.0,945.6,207.0,183,24,90.1,388,388,48.4,682,4.0,59,115.0,217,
1800-11-20 14:06:05,1946.0,7,1,624.0,946.5,207.0,177,24,90.3,388,387,47.9,683,4.0,59,112.4,217,
1800-11-20 14:06:07,1948.0,7,1,620.0,947.1,207.0,175,24,90.1,388,388,47.5,681,3.9,59,112.9,217,
1800-11-20 14:06:09,1950.0,7,1,614.0,947.7,207.0,177,24,90.1,388,388,47.5,681,4.0,59,112.6,217,25.35
1800-11-20 14:06:11,1952.0,7,1,608.0,948.4,207.0,177,24,90.0,388,388,47.7,682,4.0,59,112.6,217,
1800-11-20 14:06:13,1954.0,7,1,601.0,949.1,207.0,177,24,89.9,388,388,47.5,680,4.0,59,113.6,217,
1800-11-20 14:06:15,1956.0,7,1,594.0,949.7,209.0,179,24,90.2,387,387,48.9,681,4.0,59,115.7,217,
1800-11-20 14:06:17,1958.0,7,1,588.0,950.2,207.0,177,24,90.8,387,387,50.5,687,4.0,59,117.2,217,
1800-11-20 14:06:19,1960.0,7,1,581.0,951.0,207.0,177,24,90.8,388,387,51.0,689,4.0,59,118.4,217,26.33
1800-11-20 14:06:21,1962.0,7,1,575.0,951.8,207.0,174,24,91.1,387,387,53.1,691,4.0,59,122.1,217,
1800-11-20 14:06:23,1964.0,7,1,569.0,952.4,207.0,172,24,91.6,387,387,54.6,700,4.1,59,121.2,217,
1800-11-20 14:06:25,1966.0,7,1,564.0,952.6,207.0,177,24,90.9,387,387,51.6,692,4.1,59,117.6,217,
1800-11-20 14:06:27,1968.0,7,1,560.0,953.0,206.0,177,24,90.5,387,387,49.9,687,4.0,59,115.4,217,
1800-11-20 14:06:29,1970.0,7,1,557.0,953.6,206.0,174,24,90.8,387,387,51.2,689,4.0,59,118.6,217,25.48
1800-11-20 14:06:31,1972.0,7,1,552.0,954.2,206.0,177,24,91.2,387,387,52.5,693,4.0,59,120.0,217,
1800-11-20 14:06:33,1974.0,7,1,546.0,955.0,207.0,177,24,91.1,387,387,53.0,696,4.0,59,121.0,216,
1800-11-20 14:06:35,1976.0,7,1,539.0,955.5,207.0,177,24,91.1,387,387,53.3,696,4.1,59,121.3,216,
1800-11-20 14:06:37,1978.0,7,1,533.0,956.3,209.0,179,24,91.6,387,387,55.1,699,4.1,59,123.7,216,
1800-11-20 14:06:39,1980.0,7,1,527.0,957.0,209.0,181,24,91.7,387,387,55.9,703,4.1,59,125.7,216,26.09
1800-11-20 14:06:41,1982.0,7,1,521.0,957.3,211.0,185,24,91.8,387,387,56.4,708,4.1,59,124.5,216,
1800-11-20 14:06:43,1984.0,7,1,515.0,958.1,211.0,187,24,91.5,387,387,54.0,702,4.1,59,120.9,216,
1800-11-20 14:06:45,1986.0,7,1,511.0,958.5,211.0,181,24,91.0,387,387,52.2,698,4.1,59,119.3,216,
1800-11-20 14:06:47,1988.0,7,1,507.0,958.9,211.0,179,25,91.0,387,387,52.5,696,4.1,59,119.8,216,
1800-11-20 14:06:49,1990.0,7,1,505.0,959.0,211.0,185,25,90.5,387,387,49.7,690,4.0,59,116.0,216,25.69
1800-11-20 14:06:51,1992.0,7,1,502.0,959.2,209.0,185,25,90.9,386,386,51.8,693,4.0,59,118.6,216,
1800-11-20 14:06:53,1994.0,7,1,498.0,960.1,209.0,181,25,90.6,387,387,50.2,691,4.0,59,116.9,216,
1800-11-20 14:06:55,1996.0,7,1,493.0,960.7,209.0,181,25,90.8,387,387,51.0,691,4.0,59,118.2,216,
1800-11-20 14:06:57,1998.0,7,1,488.0,961.3,207.0,179,25,90.6,388,387,50.4,691,4.0,59,117.0,216,
1800-11-20 14:06:59,2000.0,7,1,483.0,962.0,207.0,181,25,90.4,388,387,49.6,689,4.0,59,115.7,216,24.59
1800-11-20 14:07:01,2002.0,7,1,478.0,962.6,207.0,181,25,90.4,387,387,49.9,688,4.0,59,118.1,216,
1800-11-20 14:07:03,2004.0,7,1,475.0,963.0,207.0,179,25,90.8,387,387,51.9,690,4.0,59,119.5,216,
1800-11-20 14:07:05,2006.0,7,1,470.0,963.4,207.0,179,25,90.8,387,387,51.3,693,4.0,59,118.6,216,
1800-11-20 14:07:07,2008.0,7,1,466.0,964.0,207.0,181,25,91.0,387,387,52.0,693,4.0,59,120.2,216,
1800-11-20 14:07:09,2010.0,7,1,462.0,964.1,207.0,183,25,90.9,386,386,51.9,693,4.0,59,120.6,216,25.33
1800-11-20 14:07:11,2012.0,7,1,458.0,964.6,207.0,177,25,91.3,387,386,53.6,698,4.1,59,121.0,215,
1800-11-20 14:07:13,2014.0,7,1,454.0,965.1,206.0,181,25,91.0,387,387,52.3,696,4.0,59,119.3,215,
1800-11-20 14:07:15,2016.0,7,1,450.0,965.8,207.0,179,25,90.8,387,387,51.3,693,4.0,59,118.1,215,
1800-11-20 14:07:17,2018.0,7,1,446.0,966.1,207.0,177,25,90.7,387,387,51.7,691,4.0,59,120.3,215,
1800-11-20 14:07:19,2020.0,7,1,443.0,966.7,207.0,179,25,91.2,387,387,53.5,697,4.1,59,121.7,215,25.43
1800-11-20 14:07:21,2022.0,7,1,438.0,967.3,207.0,179,25,91.0,387,387,52.4,697,4.1,59,120.2,215,
1800-11-20 14:07:23,2024.0,7,1,435.0,967.7,207.0,179,25,91.1,387,387,52.6,697,4.0,59,120.6,215,
1800-11-20 14:07:25,2026.0,7,1,431.0,968.0,207.0,177,25,90.9,387,386,52.1,695,4.0,59,119.5,215,
1800-11-20 14:07:27,2028.0,7,1,427.0,968.6,207.0,177,25,90.7,387,387,51.0,692,4.0,59,118.0,215,
1800-11-20 14:07:29,2030.0,7,1,423.0,969.1,207.0,179,25,90.6,387,387,50.7,691,4.0,59,118.1,215,25.15
1800-11-20 14:07:31,2032.0,7,1,418.0,969.7,207.0,177,25,90.5,387,387,50.2,689,4.0,59,116.9,215,
1800-11-20 14:07:33,2034.0,7,1,415.0,970.1,207.0,177,25,90.5,387,387,50.8,688,4.0,59,119.4,215,
1800-11-20 14:07:35,2036.0,7,1,411.0,970.4,206.0,177,25,90.9,387,387,52.2,693,4.0,59,120.0,215,
1800-11-20 14:07:37,2038.0,7,1,407.0,971.0,206.0,175,25,90.5,387,387,50.3,689,4.0,59,117.2,215,
1800-11-20 14:07:39,2040.0,7,1,405.0,971.4,206.0,175,25,90.3,388,387,49.3,687,4.0,59,115.7,215,25.46
1800-11-20 14:07:41,2042.0,7,1,402.0,971.6,206.0,172,25,90.2,387,387,49.2,685,4.0,59,116.6,215,
1800-11-20 14:07:43,2044.0,7,1,400.0,972.0,207.0,170,26,90.5,386,386,52.0,688,4.0,59,122.4,215,
1800-11-20 14:07:45,2046.0,7,1,398.0,972.3,207.0,172,26,92.0,386,386,59.0,705,4.1,59,132.9,214,
1800-11-20 14:07:47,2048.0,7,1,397.0,972.1,207.0,170,26,93.1,387,387,67.4,718,4.2,59,143.5,214,
1800-11-20 14:07:49,2050.0,7,1,398.0,971.4,206.0,168,26,94.6,387,387,77.3,743,4.4,59,155.4,214,25.52
1800-11-20 14:07:51,2052.0,7,1,400.0,970.5,204.0,166,26,95.0,387,387,78.0,754,4.5,59,150.7,214,
1800-11-20 14:07:53,2054.0,7,1,405.0,969.5,204.0,164,25,94.5,387,387,75.5,748,4.4,59,147.2,214,
1800-11-20 14:07:55,2056.0,7,1,413.0,968.6,202.0,164,25,94.3,387,386,74.5,748,4.4,59,145.9,214,
1800-11-20 14:07:57,2058.0,7,1,422.0,967.9,202.0,162,25,94.1,387,386,73.4,746,4.3,59,144.6,214,
1800-11-20 14:07:59,2060.0,7,1,430.0,967.0,200.0,161,25,94.1,387,386,74.3,745,4.3,59,148.5,214,26.4
1800-11-20 14:08:01,2062.0,7,1,437.0,966.1,200.0,161,25,94.7,387,387,77.1,754,4.4,59,149.7,214,
1800-11-20 14:08:03,2064.0,7,1,445.0,965.3,200.0,161,25,94.6,387,387,76.1,755,4.4,59,148.2,214,
1800-11-20 14:08:05,2066.0,7,1,452.0,964.7,200.0,162,25,94.5,387,387,75.1,754,4.3,59,146.7,214,
1800-11-20 14:08:07,2068.0,7,1,458.0,964.0,200.0,164,25,94.3,387,387,75.7,753,4.3,59,148.5,214,
1800-11-20 14:08:09,2070.0,7,1,465.0,963.1,200.0,161,25,94.5,387,387,75.4,755,4.3,59,147.3,214,24.98
1800-11-20 14:08:11,2072.0,7,1,472.0,962.4,200.0,162,25,94.3,387,387,74.2,753,4.3,59,145.1,214,
1800-11-20 14:08:13,2074.0,7,1,478.0,961.8,202.0,162,25,94.1,387,387,73.4,751,4.3,59,144.5,214,
1800-11-20 14:08:15,2076.0,7,1,484.0,961.0,200.0,162,25,94.2,387,387,75.1,752,4.3,59,148.1,213,
1800-11-20 14:08:17,2078.0,7,1,491.0,960.3,200.0,161,25,94.5,387,387,75.7,757,4.4,59,147.5,213,
1800-11-20 14:08:19,2080.0,7,1,498.0,959.4,200.0,161,25,94.5,387,387,75.3,756,4.3,59,147.1,213,26.05
1800-11-20 14:08:21,2082.0,7,1,505.0,958.7,200.0,162,25,94.3,387,387,74.3,755,4.3,59,145.3,213,
1800-11-20 14:08:23,2084.0,7,1,512.0,957.8,200.0,162,25,94.3,387,387,74.1,755,4.3,59,145.5,213,
1800-11-20 14:08:25,2086.0,7,1,519.0,957.4,200.0,161,25,94.3,387,387,73.8,754,4.3,59,144.8,213,
1800-11-20 14:08:27,2088.0,7,1,525.0,956.4,200.0,159,25,94.3,387,387,74.0,755,4.3,59,145.3,213,
1800-11-20 14:08:29,2090.0,7,1,532.0,955.7,200.0,161,25,94.2,387,387,73.7,754,4.3,59,144.5,213,25.71
1800-11-20 14:08:31,2092.0,7,1,539.0,955.0,200.0,161,25,94.2,387,387,73.5,754,4.3,59,144.1,213,
1800-11-20 14:08:33,2094.0,7,1,545.0,954.4,200.0,161,25,94.2,387,387,73.3,754,4.3,59,143.5,213,
1800-11-20 14:08:35,2096.0,7,1,551.0,953.6,200.0,161,25,94.2,387,387,73.1,754,4.3,59,143.5,213,
1800-11-20 14:08:37,2098.0,7,1,558.0,952.9,200.0,161,24,94.2,387,387,73.0,753,4.3,59,143.2,213,
1800-11-20 14:08:39,2100.0,7,1,564.0,952.3,200.0,161,24,94.2,387,387,73.0,754,4.3,59,143.6,212,24.87
1800-11-20 14:08:41,2102.0,7,1,570.0,951.7,200.0,166,24,94.2,387,387,72.8,754,4.3,60,142.9,212,
1800-11-20 14:08:43,2104.0,7,1,576.0,951.0,200.0,166,24,94.0,387,387,71.8,752,4.3,60,141.5,212,
1800-11-20 14:08:45,2106.0,7,1,581.0,950.8,200.0,166,24,93.7,387,387,70.7,748,4.3,60,140.1,212,
1800-11-20 14:08:47,2108.0,7,1,585.0,950.4,202.0,164,24,93.7,387,387,70.1,748,4.3,60,140.0,212,
1800-11-20 14:08:49,2110.0,7,1,589.0,949.8,202.0,164,24,93.7,387,387,70.3,748,4.3,60,139.7,212,25.86
1800-11-20 14:08:51,2112.0,7,1,594.0,949.4,202.0,166,24,93.5,387,387,69.5,746,4.3,60,138.2,212,
1800-11-20 14:08:53,2114.0,7,1,598.0,949.1,204.0,168,24,93.4,387,387,67.9,743,4.2,60,137.3,212,
1800-11-20 14:08:55,2116.0,7,1,601.0,948.7,204.0,168,24,93.3,387,387,67.6,742,4.2,60,136.4,212,
1800-11-20 14:08:57,2118.0,7,1,605.0,948.4,206.0,166,24,93.2,387,387,66.8,740,4.2,60,134.8,211,
1800-11-20 14:08:59,2120.0,7,1,608.0,948.0,206.0,170,24,93.0,387,387,66.1,739,4.2,60,135.4,211,24.47
1800-11-20 14:09:01,2122.0,7,1,611.0,947.5,206.0,166,24,93.2,387,387,67.8,739,4.2,60,137.3,211,
1800-11-20 14:09:03,2124.0,7,1,615.0,947.0,204.0,168,24,93.1,387,387,66.9,738,4.2,60,135.0,211,
1800-11-20 14:09:05,2126.0,7,1,620.0,946.5,202.0,168,24,93.2,387,387,66.8,738,4.2,60,135.3,211,
1800-11-20 14:09:07,2128.0,7,1,625.0,946.0,202.0,164,24,93.2,387,387,66.9,738,4.2,60,135.1,211,
1800-11-20 14:09:09,2130.0,7,1,630.0,945.4,200.0,162,24,93.1,387,387,66.8,737,4.2,60,135.2,211,25.86
1800-11-20 14:09:11,2132.0,7,1,635.0,944.9,200.0,159,24,93.1,387,386,66.9,736,4.2,60,135.2,211,
1800-11-20 14:09:13,2134.0,7,1,639.0,944.6,200.0,162,24,93.2,387,386,67.1,736,4.2,60,136.0,211,
1800-11-20 14:09:15,2136.0,7,1,643.0,944.2,200.0,162,24,93.2,387,386,67.0,737,4.2,60,135.4,211,
1800-11-20 14:09:17,2138.0,7,1,645.0,943.8,202.0,162,24,93.3,387,387,67.1,735,4.2,60,135.3,210,
1800-11-20 14:09:19,2140.0,7,1,648.0,943.6,202.0,161,24,93.2,387,387,66.6,736,4.2,60,133.8,210,25.76
1800-11-20 14:09:21,2142.0,7,1,651.0,943.1,202.0,164,24,93.2,387,387,66.5,735,4.2,60,133.9,210,
1800-11-20 14:09:23,2144.0,7,1,654.0,942.8,202.0,162,24,93.0,387,387,65.8,733,4.2,60,133.0,210,
1800-11-20 14:09:25,2146.0,7,1,657.0,942.6,202.0,164,23,93.0,387,387,65.8,732,4.2,60,133.1,210,
1800-11-20 14:09:27,2148.0,7,1,660.0,942.3,204.0,164,23,92.9,387,387,65.3,731,4.2,60,132.3,210,
1800-11-20 14:09:29,2150.0,7,1,663.0,941.9,202.0,161,23,92.9,387,387,65.1,731,4.2,60,131.7,210,25.72
1800-11-20 14:09:31,2152.0,7,1,666.0,941.6,202.0,162,23,92.9,387,387,64.7,731,4.2,60,131.4,210,
1800-11-20 14:09:33,2154.0,7,1,668.0,941.6,202.0,162,23,92.8,387,387,64.8,730,4.2,60,131.6,210,
1800-11-20 14:09:35,2156.0,7,1,669.0,941.4,204.0,164,23,92.6,387,387,64.0,727,4.2,60,130.2,210,
1800-11-20 14:09:37,2158.0,7,1,671.0,941.1,204.0,164,23,92.6,387,387,64.1,728,4.2,60,130.9,210,
1800-11-20 14:09:39,2160.0,7,1,672.0,941.0,204.0,164,23,92.7,387,387,63.8,728,4.1,60,130.4,210,25.57
1800-11-20 14:09:41,2162.0,7,1,673.0,940.9,204.0,168,23,92.8,387,387,64.6,728,4.1,60,132.0,209,
1800-11-20 14:09:43,2164.0,7,1,672.0,940.9,206.0,170,23,92.8,387,387,64.3,729,4.2,60,131.3,209,
1800-11-20 14:09:45,2166.0,7,1,671.0,941.2,206.0,170,23,92.7,387,387,63.8,729,4.2,60,130.1,209,
1800-11-20 14:09:47,2168.0,7,1,670.0,941.3,207.0,172,23,92.6,387,387,62.9,727,4.2,60,129.0,209,
1800-11-20 14:09:49,2170.0,7,1,668.0,941.4,209.0,172,23,92.7,387,387,64.4,727,4.1,60,134.5,209,24.45
1800-11-20 14:09:51,2172.0,7,1,668.0,941.1,211.0,177,23,94.2,387,387,73.0,747,4.3,60,145.2,209,
1800-11-20 14:09:53,2174.0,7,1,668.0,941.1,211.0,181,23,94.4,388,387,73.8,753,4.3,60,145.4,209,
1800-11-20 14:09:55,2176.0,7,1,667.0,941.0,215.0,183,23,94.7,388,388,74.2,757,4.3,60,146.2,209,
1800-11-20 14:09:57,2178.0,7,1,665.0,941.2,217.0,185,23,94.8,388,388,75.0,759,4.3,60,146.8,209,
1800-11-20 14:09:59,2180.0,7,1,664.0,941.3,220.0,188,23,94.8,388,388,74.9,761,4.3,60,146.4,209,26.27
1800-11-20 14:10:01,2182.0,7,1,662.0,941.5,224.0,190,23,94.7,388,388,74.2,762,4.3,60,145.3,209,
1800-11-20 14:10:03,2184.0,7,1,661.0,941.5,226.0,190,23,94.7,388,388,74.5,762,4.3,59,146.1,209,
1800-11-20 14:10:05,2186.0,7,1,660.0,941.5,228.0,192,24,94.8,388,388,74.4,763,4.3,59,145.8,209,
1800-11-20 14:10:07,2188.0,7,1,660.0,941.3,230.0,192,24,94.7,388,388,74.1,762,4.3,59,145.0,208,
1800-11-20 14:10:09,2190.0,7,1,660.0,941.4,230.0,192,24,94.7,388,388,73.7,762,4.3,59,144.6,208,26.24
1800-11-20 14:10:11,2192.0,7,1,661.0,941.0,230.0,194,24,94.6,388,388,73.8,762,4.3,59,144.9,208,
1800-11-20 14:10:13,2194.0,7,1,663.0,941.0,230.0,192,24,94.6,388,388,73.1,761,4.3,59,143.3,208,
1800-11-20 14:10:15,2196.0,7,1,665.0,940.8,228.0,192,24,94.5,388,388,72.9,761,4.3,59,143.1,208,
1800-11-20 14:10:17,2198.0,7,1,667.0,940.4,226.0,190,24,94.5,388,388,72.9,760,4.3,59,143.9,208,
1800-11-20 14:10:19,2200.0,7,1,670.0,940.1,224.0,188,24,94.5,388,388,73.2,761,4.3,59,143.7,208,26.01
1800-11-20 14:10:21,2202.0,7,1,674.0,939.5,222.0,185,24,94.6,388,388,73.7,762,4.3,59,144.5,208,
1800-11-20 14:10:23,2204.0,7,1,679.0,939.1,220.0,187,24,94.6,388,388,73.6,760,4.3,59,143.9,208,
1800-11-20 14:10:25,2206.0,7,1,684.0,938.6,219.0,187,23,94.6,388,388,73.3,761,4.3,59,144.1,208,
1800-11-20 14:10:27,2208.0,7,1,688.0,938.3,219.0,185,23,94.5,388,388,73.3,760,4.3,59,143.7,208,
1800-11-20 14:10:29,2210.0,7,1,693.0,938.0,217.0,183,23,94.5,388,388,73.3,761,4.3,59,143.2,208,24.73
1800-11-20 14:10:31,2212.0,7,1,696.0,937.7,217.0,183,23,94.5,388,388,73.0,760,4.3,59,142.6,208,
1800-11-20 14:10:33,2214.0,7,1,700.0,937.2,217.0,183,23,94.4,388,388,72.8,759,4.3,59,143.2,208,
1800-11-20 14:10:35,2216.0,7,1,703.0,937.0,217.0,185,23,94.4,388,388,72.6,760,4.3,59,142.4,207,
1800-11-20 14:10:37,2218.0,7,1,706.0,936.8,217.0,183,23,94.3,388,388,72.0,758,4.3,59,140.8,207,
1800-11-20 14:10:39,2220.0,7,1,709.0,936.6,217.0,185,23,93.8,388,388,69.8,753,4.3,59,138.3,207,25.55
1800-11-20 14:10:41,2222.0,7,1,711.0,936.4,217.0,183,23,93.6,388,387,68.1,749,4.2,59,136.1,207,
1800-11-20 14:10:43,2224.0,7,1,713.0,936.2,215.0,185,23,93.2,388,387,66.8,744,4.2,59,133.1,207,
1800-11-20 14:10:45,2226.0,7,1,715.0,936.2,215.0,185,23,92.7,388,387,63.4,736,4.2,59,129.2,207,
1800-11-20 14:10:47,2228.0,7,1,716.0,936.3,213.0,185,23,92.4,388,387,61.7,731,4.1,59,126.6,207,
1800-11-20 14:10:49,2230.0,7,1,716.0,936.6,213.0,185,23,91.5,387,387,55.5,721,4.0,58,118.0,207,25.47
1800-11-20 14:10:51,2232.0,7,1,713.0,937.0,213.0,183,23,90.9,387,387,52.5,711,4.0,58,116.5,207,
1800-11-20 14:10:53,2234.0,7,1,711.0,937.6,211.0,183,23,90.5,388,387,50.2,704,4.0,58,113.3,207,
1800-11-20 14:10:55,2236.0,7,1,706.0,938.3,211.0,183,23,90.4,388,387,49.4,700,3.9,58,113.0,207,
1800-11-20 14:10:57,2238.0,7,1,701.0,938.9,211.0,179,23,90.4,388,387,49.4,697,3.9,58,114.9,207,
1800-11-20 14:10:59,2240.0,7,1,695.0,939.3,211.0,185,23,90.8,388,387,51.3,701,4.0,58,116.5,207,25.74
1800-11-20 14:11:01,2242.0,7,1,689.0,940.0,213.0,183,24,90.7,388,387,50.5,699,4.0,58,115.3,207,
1800-11-20 14:11:03,2244.0,7,1,681.0,940.7,213.0,183,24,90.6,388,387,50.1,697,4.0,58,114.5,207,
1800-11-20 14:11:05,2246.0,6,1,674.0,941.5,213.0,183,24,90.1,388,387,48.4,691,4.0,58,111.8,206,
1800-11-20 14:11:07,2248.0,6,1,666.0,942.3,213.0,183,24,90.0,388,388,48.1,689,4.0,58,114.0,206,
1800-11-20 14:11:09,2250.0,6,1,659.0,942.7,213.0,183,24,90.5,388,387,49.9,693,4.0,58,115.6,206,24.86
1800-11-20 14:11:11,2252.0,6,1,653.0,943.3,213.0,185,24,90.8,388,387,50.4,695,4.0,58,115.7,206,
1800-11-20 14:11:13,2254.0,6,1,647.0,944.1,213.0,183,24,90.7,388,387,50.3,695,4.0,58,115.7,206,
1800-11-20 14:11:15,2256.0,6,1,640.0,944.9,213.0,183,24,90.7,388,387,50.2,694,4.0,58,115.5,206,
1800-11-20 14:11:17,2258.0,6,1,634.0,945.4,213.0,183,24,90.6,388,387,49.8,692,4.0,58,115.4,206,
1800-11-20 14:11:19,2260.0,6,1,627.0,946.1,213.0,183,24,90.4,388,387,49.2,690,4.0,58,113.5,206,26.04
1800-11-20 14:11:21,2262.0,6,1,620.0,946.9,213.0,183,24,90.3,388,387,48.6,688,4.0,58,113.7,206,
1800-11-20 14:11:23,2264.0,6,1,613.0,947.7,213.0,183,24,90.0,388,387,47.6,684,4.0,58,111.4,206,
1800-11-20 14:11:25,2266.0,6,1,605.0,948.4,211.0,183,24,90.0,388,387,47.6,683,4.0,58,112.1,206,
1800-11-20 14:11:27,2268.0,6,1,597.0,949.2,211.0,183,24,90.0,388,387,47.3,683,4.0,58,112.3,206,
1800-11-20 14:11:29,2270.0,6,1,590.0,950.1,211.0,183,24,89.9,388,387,47.7,682,4.0,58,112.2,206,25.63
1800-11-20 14:11:31,2272.0,6,1,583.0,950.8,211.0,183,24,90.1,388,387,49.2,681,4.0,58,116.4,206,
1800-11-20 14:11:33,2274.0,6,1,577.0,951.4,209.0,183,24,90.5,388,388,49.9,688,4.0,58,116.1,206,
1800-11-20 14:11:35,2276.0,6,1,572.0,951.8,207.0,181,24,90.6,388,387,50.3,689,4.0,58,115.6,206,
1800-11-20 14:11:37,2278.0,6,1,568.0,952.1,207.0,181,24,90.6,387,387,50.2,687,4.0,58,116.1,206,
1800-11-20 14:11:39,2280.0,6,1,564.0,952.5,206.0,179,24,90.4,388,387,48.9,686,4.0,58,114.4,205,25.67
1800-11-20 14:11:41,2282.0,6,1,560.0,953.0,206.0,179,24,90.5,388,387,49.5,686,4.0,58,115.5,205,
1800-11-20 14:11:43,2284.0,6,1,555.0,953.6,206.0,177,24,90.2,388,387,48.9,685,4.0,58,113.5,205,
1800-11-20 14:11:45,2286.0,6,1,550.0,954.1,206.0,175,24,90.1,388,387,47.8,681,4.0,58,112.7,205,
1800-11-20 14:11:47,2288.0,6,1,544.0,954.8,204.0,175,24,89.8,388,387,47.0,679,4.0,58,111.6,205,
1800-11-20 14:11:49,2290.0,6,1,539.0,955.4,204.0,174,24,90.0,388,387,48.2,679,4.0,58,114.2,205,24.41
1800-11-20 14:11:51,2292.0,6,1,534.0,955.9,204.0,177,24,90.3,387,387,49.8,683,4.0,58,117.4,205,
1800-11-20 14:11:53,2294.0,6,1,529.0,956.5,206.0,175,24,90.7,387,387,51.3,688,4.0,58,117.4,205,
1800-11-20 14:11:55,2296.0,6,1,524.0,956.9,206.0,179,24,90.7,387,387,50.5,688,4.0,58,116.4,205,
1800-11-20 14:11:57,2298.0,6,1,518.0,957.6,206.0,181,24,90.5,388,387,49.6,686,4.0,58,115.6,205,
1800-11-20 14:11:59,2300.0,6,1,512.0,958.3,207.0,181,24,90.4,387,387,49.8,686,4.0,58,116.7,205,25.68
1800-11-20 14:12:01,2302.0,6,1,506.0,958.8,207.0,177,24,90.5,388,387,49.8,686,4.0,58,115.7,205,
1800-11-20 14:12:03,2304.0,6,1,500.0,959.4,206.0,181,24,90.5,387,387,50.5,686,4.0,58,117.9,205,
1800-11-20 14:12:05,2306.0,6,1,495.0,960.0,206.0,179,24,90.8,387,387,51.5,690,4.0,58,118.0,205,
1800-11-20 14:12:07,2308.0,6,1,489.0,960.5,204.0,179,24,90.8,387,387,51.3,691,4.0,58,117.9,205,
1800-11-20 14:12:09,2310.0,6,1,484.0,961.0,204.0,181,24,90.6,388,387,50.6,689,4.0,58,116.7,204,25.53
1800-11-20 14:12:11,2312.0,6,1,480.0,961.3,204.0,179,24,90.6,387,387,50.2,689,4.0,58,116.0,204,
1800-11-20 14:12:13,2314.0,6,1,477.0,961.9,202.0,179,24,90.4,388,387,49.3,686,4.0,58,114.9,204,
1800-11-20 14:12:15,2316.0,6,1,474.0,962.2,202.0,175,24,90.2,388,387,48.6,684,4.0,58,114.7,204,
1800-11-20 14:12:17,2318.0,6,1,473.0,962.4,198.0,175,24,90.1,387,387,49.0,683,4.0,58,116.1,204,
1800-11-20 14:12:19,2320.0,6,1,471.0,962.5,196.0,175,24,90.4,387,387,49.7,686,4.0,58,115.8,204,25.03
1800-11-20 14:12:21,2322.0,6,1,469.0,963.0,196.0,172,25,90.3,387,387,49.2,685,4.0,58,115.2,204,
1800-11-20 14:12:23,2324.0,6,1,468.0,963.1,194.0,172,25,90.3,387,387,49.3,685,4.0,58,115.1,204,
1800-11-20 14:12:25,2326.0,6,1,466.0,963.4,193.0,170,25,90.2,387,387,48.8,683,4.0,58,114.3,204,
1800-11-20 14:12:27,2328.0,6,1,464.0,963.6,191.0,168,25,90.2,387,387,48.7,682,4.0,59,114.4,204,
1800-11-20 14:12:29,2330.0,6,1,463.0,963.9,189.0,166,25,89.9,387,387,47.9,678,3.9,59,113.2,204,25.77
1800-11-20 14:12:31,2332.0,6,1,461.0,964.1,187.0,166,25,90.1,387,387,48.9,679,4.0,59,115.4,204,
1800-11-20 14:12:33,2334.0,6,1,459.0,964.2,187.0,164,25,90.2,387,387,48.9,682,4.0,59,114.6,204,
1800-11-20 14:12:35,2336.0,6,1,457.0,964.6,185.0,164,25,90.2,387,387,48.9,681,4.0,59,115.2,204,
1800-11-20 14:12:37,2338.0,6,1,454.0,965.0,185.0,162,25,90.0,387,387,48.4,681,4.0,59,114.4,204,
1800-11-20 14:12:39,2340.0,6,1,451.0,965.3,187.0,159,25,90.0,387,386,48.3,681,4.0,59,113.6,204,25.93
1800-11-20 14:12:41,2342.0,6,1,448.0,965.6,187.0,164,25,89.9,387,386,48.4,679,4.0,59,115.0,204,
1800-11-20 14:12:43,2344.0,6,1,445.0,965.8,187.0,162,25,89.8,386,386,48.0,677,4.0,59,113.6,203,
1800-11-20 14:12:45,2346.0,6,1,443.0,965.9,187.0,164,25,90.1,387,386,48.7,680,4.0,59,114.6,203,
1800-11-20 14:12:47,2348.0,6,1,440.0,966.3,187.0,159,25,89.7,387,386,47.8,677,3.9,59,113.1,203,
1800-11-20 14:12:49,2350.0,6,1,438.0,966.8,187.0,159,25,89.6,387,387,46.4,674,3.9,59,110.6,203,25.0
1800-11-20 14:12:51,2352.0,6,1,437.0,966.7,183.0,157,25,89.5,387,386,47.3,672,3.9,59,114.1,203,
1800-11-20 14:12:53,2354.0,6,1,438.0,966.6,183.0,157,25,90.0,387,386,48.7,677,4.0,59,114.4,203,
1800-11-20 14:12:55,2356.0,6,1,438.0,966.7,183.0,157,25,89.9,387,386,48.3,677,4.0,59,113.8,203,
1800-11-20 14:12:57,2358.0,6,1,437.0,966.7,181.0,155,25,90.1,386,386,48.8,678,4.0,59,115.0,203,
1800-11-20 14:12:59,2360.0,6,1,437.0,966.8,181.0,153,25,89.9,386,386,48.7,678,4.0,59,114.3,203,25.69
1800-11-20 14:13:01,2362.0,6,1,437.0,966.8,181.0,155,25,89.9,386,386,48.5,677,4.0,59,115.5,203,
1800-11-20 14:13:03,2364.0,6,1,438.0,966.9,180.0,153,25,90.1,386,386,49.2,680,4.0,59,115.0,203,
1800-11-20 14:13:05,2366.0,6,1,439.0,966.8,180.0,155,25,90.3,386,386,49.4,680,4.0,59,115.1,203,
1800-11-20 14:13:07,2368.0,6,1,439.0,966.9,180.0,155,25,89.7,387,386,47.3,675,4.0,59,112.5,203,
1800-11-20 14:13:09,2370.0,6,1,439.0,966.8,178.0,157,25,89.7,385,385,48.1,675,3.9,59,115.1,203,24.44
1800-11-20 14:13:11,2372.0,6,1,440.0,966.8,176.0,150,25,89.4,387,386,46.1,673,3.9,59,110.5,203,
1800-11-20 14:13:13,2374.0,6,1,441.0,966.5,172.0,150,25,89.9,386,385,48.8,674,3.9,59,116.0,202,
1800-11-20 14:13:15,2376.0,7,1,445.0,966.2,169.0,138,25,91.1,385,385,54.3,687,4.0,60,125.6,202,
1800-11-20 14:13:17,2378.0,7,1,449.0,965.6,167.0,144,25,91.9,385,385,57.1,697,4.1,60,126.3,202,
1800-11-20 14:13:19,2380.0,7,1,452.0,965.3,167.0,151,25,92.1,385,385,57.3,702,4.1,60,125.1,202,25.54
1800-11-20 14:13:21,2382.0,7,1,453.0,965.1,165.0,153,25,91.7,385,385,56.4,699,4.1,60,125.9,202,
1800-11-20 14:13:23,2384.0,7,1,456.0,965.3,165.0,151,25,91.3,386,385,54.5,698,4.1,60,120.9,202,
1800-11-20 14:13:25,2386.0,7,1,458.0,964.9,163.0,150,25,90.8,386,386,52.4,692,4.0,60,118.8,202,
1800-11-20 14:13:27,2388.0,7,1,461.0,964.5,163.0,148,25,90.9,386,386,53.4,694,4.0,60,120.8,202,
1800-11-20 14:13:29,2390.0,7,1,465.0,964.4,161.0,148,25,91.6,385,385,55.8,698,4.0,60,124.5,202,25.53
1800-11-20 14:13:31,2392.0,7,1,466.0,964.3,159.0,146,25,91.1,386,386,54.3,698,4.0,60,122.3,202,
1800-11-20 14:13:33,2394.0,7,1,467.0,964.2,157.0,144,25,91.4,386,385,55.3,701,4.1,60,123.5,202,
1800-11-20 14:13:35,2396.0,7,1,469.0,963.9,157.0,142,25,91.4,386,386,54.6,701,4.1,60,121.8,202,
1800-11-20 14:13:37,2398.0,7,1,471.0,963.6,157.0,140,25,90.8,386,386,52.7,694,4.0,60,117.1,202,
1800-11-20 14:13:39,2400.0,7,1,473.0,963.6,154.0,142,25,90.1,386,386,48.8,685,4.0,60,114.0,202,25.48
1800-11-20 14:13:41,2402.0,7,1,475.0,963.2,156.0,142,25,90.1,386,386,48.9,683,4.0,60,114.2,202,
1800-11-20 14:13:43,2404.0,7,1,476.0,962.9,156.0,142,25,90.0,386,386,48.0,680,3.9,60,113.0,202,
1800-11-20 14:13:45,2406.0,7,1,478.0,962.7,156.0,146,25,89.4,385,386,45.2,676,3.8,60,108.4,202,
1800-11-20 14:13:47,2408.0,7,1,480.0,962.3,157.0,150,25,89.2,386,386,45.0,669,3.8,61,110.2,202,
1800-11-20 14:13:49,2410.0,7,1,483.0,962.4,156.0,151,25,89.5,386,386,46.8,672,3.9,61,110.8,202,25.68
1800-11-20 14:13:51,2412.0,7,1,483.0,962.4,154.0,146,25,89.6,386,386,47.6,673,3.9,61,114.6,201,
1800-11-20 14:13:53,2414.0,7,1,483.0,962.9,154.0,144,25,89.8,386,386,47.5,677,3.9,61,111.7,201,
1800-11-20 14:13:55,2416.0,7,1,482.0,963.3,154.0,140,25,89.5,386,386,47.1,674,3.9,61,112.6,201,
1800-11-20 14:13:57,2418.0,7,1,482.0,963.9,156.0,135,25,89.2,386,386,45.0,669,3.8,61,110.3,201,
1800-11-20 14:13:59,2420.0,7,1,480.0,963.9,156.0,140,25,89.5,386,386,46.5,672,3.9,61,110.7,201,25.63
1800-11-20 14:14:01,2422.0,7,1,478.0,963.9,156.0,140,25,89.6,387,386,46.2,672,3.9,61,111.5,201,
1800-11-20 14:14:03,2424.0,7,1,478.0,964.1,156.0,135,25,89.7,387,386,46.9,672,3.9,61,113.1,201,
1800-11-20 14:14:05,2426.0,7,1,478.0,963.9,156.0,131,25,90.2,386,386,50.5,678,3.9,61,118.7,201,
1800-11-20 14:14:07,2428.0,7,1,479.0,963.7,154.0,129,25,91.1,386,386,53.2,689,4.0,61,121.1,201,
1800-11-20 14:14:09,2430.0,7,1,482.0,963.3,154.0,127,25,91.4,386,386,54.2,693,4.0,61,122.0,201,25.22
1800-11-20 14:14:11,2432.0,7,1,485.0,963.0,154.0,127,25,91.3,386,385,54.2,695,4.0,61,121.6,201,
1800-11-20 14:14:13,2434.0,7,1,488.0,962.8,154.0,124,25,91.4,386,386,54.3,695,4.0,61,121.7,201,
1800-11-20 14:14:15,2436.0,7,1,491.0,962.1,152.0,118,25,91.4,386,386,53.9,695,4.0,61,121.0,201,
1800-11-20 14:14:18,2439.0,7,1,495.0,961.7,150.0,118,25,91.6,386,385,54.6,696,4.0,61,122.3,201,
1800-11-20 14:14:20,2441.0,7,1,500.0,961.1,146.0,107,25,91.6,386,386,54.8,697,4.0,61,122.6,200,24.88
1800-11-20 14:14:22,2443.0,7,1,506.0,960.5,144.0,107,25,91.1,386,386,52.4,693,4.0,61,116.8,200,
1800-11-20 14:14:24,2445.0,7,1,512.0,960.2,143.0,107,25,90.5,386,386,49.4,683,3.9,61,113.5,200,
1800-11-20 14:14:26,2447.0,7,1,516.0,959.8,139.0,109,25,89.5,387,386,44.9,674,3.8,62,106.5,200,
1800-11-20 14:14:28,2449.0,7,1,520.0,959.6,137.0,98,25,88.8,385,386,43.1,664,3.8,62,107.7,200,
1800-11-20 14:14:30,2451.0,7,1,520.0,959.7,135.0,92,25,89.9,385,385,46.0,669,3.8,62,110.1,200,25.74
1800-11-20 14:14:32,2453.0,7,1,516.0,960.4,131.0,98,24,89.3,387,386,44.5,666,3.8,62,107.7,200,
1800-11-20 14:14:34,2455.0,7,1,511.0,960.8,131.0,96,24,89.4,387,386,44.0,666,3.8,62,108.1,200,
1800-11-20 14:14:36,2457.0,7,1,506.0,961.3,126.0,100,25,89.3,387,386,43.7,664,3.8,62,107.1,200,
1800-11-20 14:14:38,2459.0,7,1,500.0,961.7,124.0,103,25,89.7,386,386,45.7,666,3.8,62,113.2,200,
1800-11-20 14:14:40,2461.0,7,1,497.0,962.0,124.0,107,24,91.6,385,385,54.5,686,4.0,62,127.3,200,25.63
1800-11-20 14:14:42,2463.0,7,1,493.0,961.8,124.0,109,24,92.3,385,385,59.9,700,4.1,63,127.8,200,
1800-11-20 14:14:44,2465.0,7,1,491.0,961.6,126.0,112,24,92.4,386,386,62.0,701,4.1,63,131.1,200,
1800-11-20 14:14:46,2467.0,7,1,492.0,961.0,131.0,116,25,92.4,386,386,62.3,706,4.1,63,130.5,200,
1800-11-20 14:14:48,2469.0,7,1,496.0,960.2,133.0,116,25,92.6,386,386,62.8,708,4.1,63,130.5,200,
1800-11-20 14:14:50,2471.0,7,1,502.0,959.3,135.0,114,25,92.5,386,385,62.6,709,4.1,63,130.1,200,25.84
1800-11-20 14:14:52,2473.0,7,1,509.0,958.1,137.0,112,24,92.4,386,385,62.6,709,4.1,63,130.2,199,
1800-11-20 14:14:54,2475.0,7,1,520.0,957.2,139.0,111,24,92.4,386,385,62.7,710,4.1,63,129.3,199,
1800-11-20 14:14:56,2477.0,7,1,531.0,956.1,139.0,103,24,92.4,386,385,62.9,710,4.1,63,130.0,199,
1800-11-20 14:14:58,2479.0,7,1,542.0,955.2,137.0,107,24,92.0,386,385,60.4,706,4.0,64,124.7,199,
1800-11-20 14:15:00,2481.0,7,1,554.0,954.4,139.0,101,24,91.1,386,385,53.6,696,3.9,64,118.5,199,25.61
1800-11-20 14:15:02,2483.0,7,1,563.0,953.8,133.0,96,24,91.2,385,384,53.7,695,3.9,64,119.9,199,
1800-11-20 14:15:04,2485.0,7,1,570.0,953.4,128.0,98,24,91.5,385,385,54.2,698,3.9,64,120.9,199,
1800-11-20 14:15:06,2487.0,7,1,576.0,953.0,122.0,101,24,91.3,385,385,53.8,697,3.9,64,120.1,199,
1800-11-20 14:15:08,2489.0,7,1,578.0,952.9,119.0,101,24,91.3,386,385,53.2,696,3.9,64,119.1,199,
1800-11-20 14:15:10,2491.0,7,1,577.0,952.7,113.0,101,24,91.4,385,385,52.9,697,3.9,64,118.3,199,25.54
1800-11-20 14:15:12,2493.0,7,1,577.0,952.6,107.0,109,24,90.8,386,385,52.2,695,3.9,64,118.3,199,
1800-11-20 14:15:14,2495.0,7,1,575.0,952.5,106.0,112,24,91.1,385,385,53.5,696,3.9,64,121.0,199,
1800-11-20 14:15:16,2497.0,7,1,573.0,952.6,102.0,118,24,91.2,386,386,53.4,698,3.9,64,120.4,199,
1800-11-20 14:15:18,2499.0,7,1,571.0,952.9,102.0,122,24,91.0,386,386,52.4,698,3.9,64,118.1,199,
1800-11-20 14:15:20,2501.0,7,1,568.0,952.9,104.0,124,24,90.9,386,386,52.6,697,3.9,64,118.6,199,25.58
1800-11-20 14:15:22,2503.0,7,1,565.0,953.4,104.0,127,24,90.4,386,386,50.5,692,3.9,65,116.8,198,
1800-11-20 14:15:24,2505.0,7,1,565.0,953.5,104.0,129,24,90.7,386,386,51.4,694,3.9,65,117.9,198,
1800-11-20 14:15:26,2507.0,7,1,564.0,953.8,106.0,131,24,90.9,386,386,51.9,696,3.9,65,118.3,198,
1800-11-20 14:15:28,2509.0,7,1,564.0,954.0,111.0,133,24,90.9,386,386,52.4,696,3.9,65,119.0,198,
1800-11-20 14:15:30,2511.0,7,1,562.0,954.3,117.0,140,24,90.8,386,386,51.2,694,3.9,65,117.3,198,25.41
1800-11-20 14:15:32,2513.0,7,1,560.0,954.5,124.0,144,24,90.7,386,386,50.6,692,3.9,65,117.0,198,
1800-11-20 14:15:34,2515.0,7,1,558.0,954.7,130.0,148,24,90.6,386,386,50.8,691,3.9,65,116.4,198,
1800-11-20 14:15:36,2517.0,7,1,556.0,954.6,133.0,146,24,90.5,387,386,49.9,690,3.9,65,116.7,198,
1800-11-20 14:15:38,2519.0,7,1,555.0,954.5,137.0,150,24,90.8,386,386,51.8,691,3.9,65,119.4,198,
1800-11-20 14:15:40,2521.0,7,1,554.0,954.8,141.0,146,24,90.8,387,386,50.9,693,3.9,65,115.8,198,26.03
1800-11-20 14:15:42,2523.0,7,1,553.0,954.9,143.0,140,24,89.9,387,387,47.3,682,3.8,65,111.8,198,
1800-11-20 14:15:44,2525.0,7,1,553.0,954.6,146.0,138,24,90.1,387,387,48.3,683,3.8,65,113.7,198,
1800-11-20 14:15:46,2527.0,7,1,556.0,954.1,148.0,133,24,90.0,387,387,47.7,682,3.8,65,113.5,198,
1800-11-20 14:15:48,2529.0,7,1,560.0,953.5,148.0,129,24,90.3,387,386,50.7,685,3.8,64,119.3,198,
1800-11-20 14:15:50,2531.0,7,1,567.0,952.7,144.0,122,24,91.8,386,386,57.7,701,3.9,64,128.5,198,24.37
1800-11-20 14:15:52,2533.0,7,1,577.0,951.8,146.0,120,24,92.4,387,386,61.8,709,4.1,64,129.7,198,
1800-11-20 14:15:54,2535.0,7,1,586.0,950.9,146.0,116,24,92.1,387,386,60.7,708,4.0,64,127.6,197,
1800-11-20 14:15:56,2537.0,7,1,594.0,950.1,148.0,114,24,92.1,387,386,60.3,707,4.0,64,126.8,197,
1800-11-20 14:15:58,2539.0,7,1,602.0,949.2,150.0,118,24,92.1,386,386,60.4,706,4.0,64,127.0,197,
1800-11-20 14:16:00,2541.0,7,1,610.0,948.2,154.0,118,24,92.1,386,386,61.3,707,4.0,64,128.2,197,25.27
1800-11-20 14:16:02,2543.0,7,1,617.0,947.3,154.0,118,24,92.1,386,386,61.0,709,4.0,64,127.1,197,
1800-11-20 14:16:04,2545.0,7,1,626.0,946.2,154.0,118,24,91.9,386,386,60.4,708,4.0,64,125.6,197,
1800-11-20 14:16:06,2547.0,7,1,634.0,945.3,156.0,118,24,91.8,386,386,59.6,707,4.0,64,124.7,197,
1800-11-20 14:16:08,2549.0,7,1,642.0,944.4,156.0,120,24,91.7,385,385,58.8,706,4.0,64,126.4,197,
1800-11-20 14:16:10,2551.0,7,1,650.0,943.5,154.0,114,24,92.1,386,385,62.3,712,4.0,64,130.5,197,26.81
1800-11-20 14:16:12,2553.0,7,1,658.0,942.7,154.0,116,23,92.9,386,385,67.2,721,4.1,64,138.5,197,
1800-11-20 14:16:14,2555.0,7,1,666.0,942.4,154.0,118,23,93.3,386,385,68.2,728,4.1,64,136.4,197,
1800-11-20 14:16:16,2557.0,7,1,671.0,941.5,154.0,122,23,92.3,386,386,62.4,717,4.0,64,128.0,197,
1800-11-20 14:16:18,2559.0,7,1,676.0,941.0,152.0,125,23,92.7,386,386,64.9,718,4.1,64,132.4,197,
1800-11-20 14:16:20,2561.0,7,1,682.0,940.4,152.0,124,23,91.9,386,386,60.3,716,4.0,65,125.2,197,25.66
1800-11-20 14:16:22,2563.0,7,1,688.0,939.9,150.0,124,23,92.0,386,385,60.2,714,4.0,65,127.7,197,
1800-11-20 14:16:24,2565.0,7,1,694.0,939.7,150.0,125,23,92.1,386,386,61.5,716,4.0,65,125.2,196,
1800-11-20 14:16:26,2567.0,7,1,700.0,939.0,154.0,118,23,91.0,386,386,53.8,705,3.9,65,117.3,196,
1800-11-20 14:16:28,2569.0,7,1,707.0,938.1,154.0,133,23,90.8,386,385,53.1,701,3.9,65,120.1,196,
1800-11-20 14:16:30,2571.0,7,1,714.0,937.7,154.0,129,23,91.4,386,386,54.4,706,3.9,65,120.0,196,25.52
1800-11-20 14:16:32,2573.0,7,1,719.0,937.5,154.0,129,23,90.8,386,386,51.1,700,3.8,65,112.9,196,
1800-11-20 14:16:34,2575.0,7,1,723.0,937.1,152.0,125,23,90.7,385,385,51.5,694,3.8,65,118.4,196,
1800-11-20 14:16:36,2577.0,7,1,727.0,936.9,152.0,131,23,91.1,385,385,52.7,699,3.9,65,120.2,196,
1800-11-20 14:16:38,2579.0,7,1,727.0,937.2,156.0,133,23,91.7,386,385,55.4,706,3.9,65,121.6,196,
1800-11-20 14:16:40,2581.0,7,1,723.0,937.8,159.0,137,23,91.7,386,386,55.0,707,3.9,65,120.9,196,25.52
1800-11-20 14:16:42,2583.0,7,1,717.0,938.2,159.0,133,23,91.4,387,386,52.9,700,3.9,65,117.9,196,
1800-11-20 14:16:44,2585.0,7,1,713.0,938.4,161.0,133,23,90.5,386,386,49.1,691,3.9,65,112.5,196,
1800-11-20 14:16:46,2587.0,7,1,709.0,938.6,163.0,140,23,90.5,386,386,50.0,689,3.9,65,113.8,196,
1800-11-20 14:16:48,2589.0,7,1,706.0,939.0,163.0,135,23,89.6,387,387,45.7,680,3.8,64,108.6,196,
1800-11-20 14:16:50,2591.0,7,1,703.0,939.0,165.0,142,23,89.9,386,386,48.2,681,3.8,64,113.4,196,25.91
1800-11-20 14:16:52,2593.0,7,1,699.0,939.5,165.0,148,23,90.0,387,386,47.4,684,3.8,64,111.7,196,
1800-11-20 14:16:54,2595.0,7,1,695.0,940.1,167.0,144,23,90.4,387,386,49.9,686,3.8,64,116.1,196,
1800-11-20 14:16:56,2597.0,7,1,691.0,940.8,167.0,144,23,90.8,387,387,50.4,692,3.9,64,116.1,196,
1800-11-20 14:16:58,2599.0,7,1,685.0,941.4,167.0,146,23,90.9,387,387,50.5,692,3.9,64,115.9,195,
1800-11-20 14:17:00,2601.0,7,1,680.0,942.1,167.0,146,23,90.8,387,387,50.5,692,3.9,64,116.0,195,25.49
1800-11-20 14:17:02,2603.0,7,1,676.0,942.4,170.0,146,23,90.8,387,387,50.3,692,3.9,64,115.6,195,
1800-11-20 14:17:04,2605.0,7,1,671.0,942.8,172.0,146,23,90.7,387,387,50.2,692,3.9,64,115.7,195,
1800-11-20 14:17:06,2607.0,7,1,667.0,943.3,172.0,148,23,90.7,387,387,50.2,691,3.9,64,115.9,195,
1800-11-20 14:17:08,2609.0,7,1,665.0,943.6,172.0,148,23,90.8,387,387,50.3,692,3.9,64,115.8,195,
1800-11-20 14:17:10,2611.0,7,1,663.0,943.7,178.0,148,23,90.7,387,387,50.0,692,3.9,64,115.8,195,25.67
1800-11-20 14:17:12,2613.0,7,1,660.0,943.8,181.0,148,23,90.7,387,387,50.4,692,3.9,64,116.2,195,
1800-11-20 14:17:14,2615.0,7,1,658.0,944.0,181.0,146,23,90.7,387,387,50.5,691,3.9,64,116.5,195,
1800-11-20 14:17:16,2617.0,7,1,656.0,944.3,185.0,148,23,90.7,387,387,50.5,691,3.9,64,116.8,195,
1800-11-20 14:17:18,2619.0,7,1,656.0,944.2,185.0,148,23,90.9,387,387,51.4,693,3.9,64,117.9,195,
1800-11-20 14:17:20,2621.0,7,1,656.0,944.2,187.0,146,23,91.0,387,387,51.5,695,3.9,64,117.7,195,25.31
1800-11-20 14:17:22,2623.0,7,1,655.0,944.4,187.0,146,23,91.0,387,386,51.8,695,3.9,64,118.2,195,
1800-11-20 14:17:24,2625.0,7,1,655.0,944.4,187.0,144,23,91.1,387,386,52.5,697,3.9,64,119.4,195,
1800-11-20 14:17:26,2627.0,7,1,655.0,944.4,189.0,146,23,91.1,387,387,52.1,697,4.0,64,118.0,195,
1800-11-20 14:17:28,2629.0,7,1,655.0,944.3,189.0,144,24,91.1,387,387,52.2,697,4.0,64,118.4,194,
1800-11-20 14:17:30,2631.0,7,1,656.0,944.3,189.0,144,24,91.0,387,387,52.1,696,4.0,64,118.3,194,25.48
1800-11-20 14:17:32,2633.0,7,1,656.0,944.0,187.0,142,24,90.9,387,387,52.4,698,4.0,64,118.8,194,
1800-11-20 14:17:34,2635.0,7,1,657.0,943.8,183.0,140,24,91.3,387,386,52.9,699,3.9,64,119.5,194,
1800-11-20 14:17:36,2637.0,7,1,657.0,943.6,183.0,137,24,91.2,387,386,52.5,698,4.0,64,118.5,194,
1800-11-20 14:17:38,2639.0,7,1,658.0,943.0,178.0,135,24,91.3,387,386,52.7,698,3.9,63,118.6,194,
1800-11-20 14:17:40,2641.0,7,1,662.0,942.7,176.0,133,24,91.1,387,386,52.7,697,3.9,63,118.7,194,25.67
1800-11-20 14:17:42,2643.0,7,1,666.0,942.3,170.0,129,23,91.2,387,386,52.7,697,3.9,63,118.7,194,
1800-11-20 14:17:44,2645.0,7,1,670.0,941.8,167.0,127,23,91.3,387,386,53.2,699,3.9,63,119.6,194,
1800-11-20 14:17:46,2647.0,7,1,673.0,941.6,161.0,127,23,91.2,387,386,52.9,698,3.9,63,119.4,194,
1800-11-20 14:17:48,2649.0,7,1,675.0,941.3,157.0,124,23,91.6,386,386,57.0,702,3.9,63,125.9,194,
1800-11-20 14:17:50,2651.0,7,1,675.0,940.9,152.0,125,23,91.8,387,386,58.6,705,4.0,63,124.3,194,25.53
1800-11-20 14:17:52,2653.0,7,1,678.0,940.7,148.0,129,23,91.7,387,386,58.3,705,4.0,63,123.7,194,
1800-11-20 14:17:54,2655.0,7,1,682.0,940.6,148.0,131,23,91.6,386,386,57.8,705,4.0,63,125.4,194,
1800-11-20 14:17:56,2657.0,7,1,686.0,940.6,146.0,135,23,91.7,386,386,57.0,706,4.0,63,121.8,194,
1800-11-20 14:17:58,2659.0,7,1,690.0,940.5,144.0,137,23,91.8,386,386,54.9,705,4.0,63,121.9,194,
1800-11-20 14:18:00,2661.0,7,1,690.0,940.5,141.0,137,23,91.8,386,386,55.9,706,4.0,64,122.9,194,25.15
1800-11-20 14:18:02,2663.0,7,1,689.0,940.2,139.0,144,23,91.4,386,386,54.4,703,4.0,64,120.2,193,
1800-11-20 14:18:04,2665.0,7,1,686.0,940.2,139.0,148,23,91.6,386,386,55.6,707,4.0,64,123.0,193,
1800-11-20 14:18:06,2667.0,7,1,683.0,940.6,139.0,148,23,91.6,387,386,54.5,706,4.0,64,120.2,193,
1800-11-20 14:18:08,2669.0,7,1,680.0,940.9,139.0,150,23,91.3,386,386,53.3,702,3.9,64,120.5,193,
1800-11-20 14:18:10,2671.0,7,1,678.0,941.0,139.0,153,23,91.6,386,386,54.9,705,3.9,64,122.2,193,26.19
1800-11-20 14:18:12,2673.0,7,1,676.0,941.3,139.0,153,23,91.5,387,386,54.5,706,4.0,64,121.1,193,
1800-11-20 14:18:14,2675.0,7,1,673.0,941.8,139.0,150,23,91.5,386,386,53.9,704,4.0,64,120.2,193,
1800-11-20 14:18:16,2677.0,7,1,668.0,942.1,137.0,151,23,90.9,387,386,51.7,698,3.9,64,117.1,193,
1800-11-20 14:18:18,2679.0,7,1,664.0,942.2,139.0,150,23,91.1,386,386,53.7,699,3.9,64,120.8,193,
1800-11-20 14:18:20,2681.0,7,1,663.0,942.3,139.0,148,23,91.0,386,386,52.9,700,3.9,64,120.0,193,25.25
1800-11-20 14:18:22,2683.0,7,1,663.0,942.5,139.0,148,23,91.3,386,386,53.8,704,4.0,64,120.5,193,
1800-11-20 14:18:24,2685.0,7,1,661.0,942.4,137.0,148,23,90.9,386,386,51.8,697,3.9,63,117.5,193,
1800-11-20 14:18:26,2687.0,7,1,661.0,942.3,137.0,151,23,90.4,387,386,50.7,694,3.9,63,113.9,193,
1800-11-20 14:18:28,2689.0,7,1,662.0,942.0,131.0,150,23,89.7,386,386,47.4,684,3.8,63,112.2,193,
1800-11-20 14:18:30,2691.0,7,1,663.0,941.7,128.0,146,23,90.2,387,386,48.9,688,3.9,63,113.8,193,25.68
1800-11-20 14:18:32,2693.0,7,1,665.0,941.5,128.0,142,23,90.6,386,386,52.3,692,3.9,63,119.9,192,
1800-11-20 14:18:34,2695.0,7,1,669.0,941.4,126.0,138,23,91.0,387,386,52.8,700,3.9,63,119.3,192,
1800-11-20 14:18:36,2697.0,7,1,671.0,941.2,122.0,135,23,90.9,386,386,52.7,699,3.9,63,117.3,192,
1800-11-20 14:18:38,2699.0,7,1,673.0,941.0,119.0,133,23,90.6,386,386,51.2,694,3.9,63,117.1,192,
1800-11-20 14:18:40,2701.0,7,1,675.0,940.9,117.0,133,23,90.8,386,386,52.5,695,3.9,63,119.9,192,25.64
1800-11-20 14:18:42,2703.0,7,1,674.0,940.9,113.0,129,23,91.0,386,386,52.7,696,4.0,63,116.7,192,
1800-11-20 14:18:44,2705.0,7,1,675.0,940.6,109.0,131,23,90.2,387,386,49.2,689,3.9,63,113.9,192,
1800-11-20 14:18:46,2707.0,7,1,675.0,940.4,106.0,125,23,89.9,386,386,48.4,684,3.9,63,113.8,192,
1800-11-20 14:18:48,2709.0,7,1,676.0,940.3,106.0,125,23,90.7,386,386,52.6,693,3.9,63,119.5,192,
1800-11-20 14:18:50,2711.0,7,1,679.0,940.3,106.0,118,23,90.3,385,385,49.4,691,3.9,63,113.0,192,25.58
1800-11-20 14:18:52,2713.0,7,1,680.0,940.0,102.0,116,23,90.3,386,385,50.7,688,3.9,63,116.8,192,
1800-11-20 14:18:54,2715.0,7,1,684.0,939.6,102.0,122,23,91.3,385,385,55.5,698,3.9,63,124.8,192,
1800-11-20 14:18:56,2717.0,7,1,688.0,939.3,100.0,124,23,91.8,386,385,56.7,708,4.0,63,124.6,192,
1800-11-20 14:18:58,2719.0,7,1,691.0,939.1,100.0,120,23,91.9,386,385,60.1,709,4.0,63,126.7,192,
1800-11-20 14:19:00,2721.0,7,1,693.0,938.7,100.0,125,23,91.6,386,386,58.5,705,4.0,63,123.9,192,25.61
1800-11-20 14:19:02,2723.0,7,1,695.0,938.4,100.0,125,23,91.7,386,385,58.8,706,4.0,63,125.6,192,
1800-11-20 14:19:04,2725.0,7,1,698.0,938.3,102.0,124,23,91.4,386,386,56.6,702,4.0,63,121.3,192,
1800-11-20 14:19:06,2727.0,7,1,699.0,938.2,102.0,124,23,91.5,386,385,56.2,703,4.0,63,123.0,191,
1800-11-20 14:19:08,2729.0,7,1,700.0,938.2,104.0,124,23,91.9,386,385,56.8,708,4.0,63,123.3,191,
1800-11-20 14:19:10,2731.0,7,1,701.0,938.0,107.0,133,23,91.3,386,386,54.5,703,4.0,63,120.1,191,25.48
1800-11-20 14:19:12,2733.0,7,1,701.0,938.1,111.0,129,23,91.3,386,386,54.0,704,4.0,63,118.8,191,
1800-11-20 14:19:14,2735.0,7,1,701.0,938.0,115.0,135,23,91.0,386,386,54.3,700,3.9,63,122.1,191,
1800-11-20 14:19:16,2737.0,7,1,704.0,938.0,117.0,138,23,91.5,386,386,54.9,706,4.0,63,121.0,191,
1800-11-20 14:19:18,2739.0,7,1,705.0,938.0,119.0,142,23,91.5,386,386,55.1,707,4.0,63,121.7,191,
1800-11-20 14:19:20,2741.0,7,1,706.0,938.0,124.0,138,23,91.6,386,386,55.3,706,4.0,63,121.8,191,25.36
1800-11-20 14:19:22,2743.0,7,1,707.0,937.8,126.0,138,23,91.5,386,385,55.2,707,4.0,63,121.1,191,
1800-11-20 14:19:24,2745.0,7,1,708.0,937.9,128.0,140,23,91.4,386,386,54.3,705,3.9,64,119.8,191,
1800-11-20 14:19:26,2747.0,7,1,708.0,937.9,135.0,142,23,91.3,386,386,53.8,703,4.0,64,119.3,191,
1800-11-20 14:19:28,2749.0,7,1,706.0,938.3,135.0,144,23,90.6,387,386,51.1,696,3.9,64,115.2,191,
1800-11-20 14:19:30,2751.0,7,1,706.0,938.2,141.0,151,23,90.9,386,386,52.8,695,3.9,64,120.3,191,25.16
1800-11-20 14:19:32,2753.0,7,1,705.0,938.3,143.0,153,23,91.4,387,386,54.6,703,4.0,64,122.3,191,
1800-11-20 14:19:34,2755.0,7,1,705.0,938.3,146.0,155,23,91.8,387,386,56.2,708,4.0,63,124.1,191,
1800-11-20 14:19:36,2757.0,7,1,705.0,938.4,146.0,155,23,92.0,387,386,57.0,711,4.0,63,124.7,190,
1800-11-20 14:19:38,2759.0,7,1,705.0,938.3,146.0,155,23,91.8,387,386,56.1,711,4.0,63,123.0,190,
1800-11-20 14:19:40,2761.0,7,1,705.0,938.3,148.0,155,23,91.7,387,386,55.5,709,4.0,63,122.4,190,25.55
1800-11-20 14:19:42,2763.0,7,1,706.0,938.2,146.0,153,23,91.4,386,386,53.8,704,4.0,63,119.1,190,
1800-11-20 14:19:44,2765.0,7,1,706.0,938.3,146.0,144,23,91.0,386,386,52.0,699,3.9,63,116.8,190,
1800-11-20 14:19:46,2767.0,7,1,707.0,938.3,148.0,146,23,90.4,386,386,50.1,693,3.9,63,114.5,190,
1800-11-20 14:19:48,2769.0,7,1,707.0,938.3,148.0,151,23,90.4,386,386,49.4,690,3.9,63,113.0,190,
1800-11-20 14:19:50,2771.0,7,1,705.0,938.4,150.0,159,23,90.2,387,386,49.2,690,3.9,63,113.9,190,25.52
1800-11-20 14:19:52,2773.0,7,1,703.0,938.8,152.0,157,23,89.8,387,387,47.5,685,3.9,63,110.9,190,
1800-11-20 14:19:54,2775.0,7,1,700.0,939.1,154.0,155,23,89.8,387,387,47.3,682,3.9,63,112.4,190,
1800-11-20 14:19:56,2777.0,7,1,698.0,939.3,154.0,155,23,90.1,387,386,48.2,685,3.9,63,112.7,190,
1800-11-20 14:19:58,2779.0,7,1,695.0,939.8,154.0,157,23,90.1,387,387,47.9,685,3.9,63,112.4,190,
1800-11-20 14:20:00,2781.0,7,1,691.0,940.1,159.0,159,23,90.0,387,386,47.9,684,3.9,63,113.1,190,24.87
1800-11-20 14:20:02,2783.0,7,1,687.0,940.6,159.0,155,23,90.1,386,386,48.1,683,3.9,63,113.3,190,
1800-11-20 14:20:04,2785.0,7,1,684.0,941.1,161.0,153,23,90.1,387,386,47.3,682,3.9,62,111.9,190,
1800-11-20 14:20:06,2787.0,7,1,680.0,941.1,165.0,162,23,90.2,387,387,48.1,684,3.9,62,113.0,189,
1800-11-20 14:20:08,2789.0,7,1,676.0,941.2,165.0,170,23,90.1,387,387,49.0,684,3.9,62,116.3,189,
1800-11-20 14:20:10,2791.0,7,1,672.0,941.5,167.0,168,23,90.8,387,387,51.2,693,4.0,62,117.7,189,25.57
1800-11-20 14:20:12,2793.0,7,1,671.0,941.5,165.0,166,23,91.2,387,386,52.4,695,4.0,62,118.9,189,
1800-11-20 14:20:14,2795.0,7,1,670.0,941.6,167.0,166,23,90.8,387,386,51.2,693,4.0,62,116.2,189,
1800-11-20 14:20:16,2797.0,7,1,670.0,941.6,161.0,164,23,90.1,387,387,47.6,685,3.9,62,110.4,189,
1800-11-20 14:20:18,2799.0,7,1,669.0,941.4,163.0,172,23,89.3,387,387,44.8,674,3.8,62,108.3,189,
1800-11-20 14:20:20,2801.0,7,1,668.0,941.5,161.0,170,23,89.4,388,387,45.0,675,3.8,62,107.8,189,25.5
1800-11-20 14:20:22,2803.0,7,1,667.0,941.9,159.0,168,23,89.3,388,387,44.8,673,3.8,62,109.1,189,
1800-11-20 14:20:24,2805.0,7,1,666.0,942.1,157.0,166,23,89.5,387,387,46.5,673,3.8,62,113.2,189,
1800-11-20 14:20:26,2807.0,7,1,664.0,942.4,156.0,162,23,90.2,388,387,47.9,682,3.9,62,112.4,189,
1800-11-20 14:20:28,2809.0,7,1,661.0,942.8,152.0,161,23,90.0,387,387,47.4,680,3.9,62,112.8,189,
1800-11-20 14:20:30,2811.0,7,1,657.0,943.3,152.0,161,23,90.2,387,387,48.3,682,3.9,62,113.4,189,25.52
1800-11-20 14:20:32,2813.0,7,1,652.0,943.7,152.0,157,23,89.9,387,387,47.1,678,3.9,61,111.5,189,
1800-11-20 14:20:34,2815.0,7,1,648.0,944.1,152.0,157,23,89.6,387,387,46.3,676,3.9,61,110.6,189,
1800-11-20 14:20:36,2817.0,7,1,643.0,944.5,154.0,159,23,89.9,387,386,47.3,677,3.9,61,111.1,189,
1800-11-20 14:20:38,2819.0,7,1,638.0,945.1,154.0,157,23,89.1,388,387,43.9,669,3.9,61,106.8,189,
1800-11-20 14:20:40,2821.0,7,1,634.0,945.5,156.0,161,23,89.2,387,387,45.2,668,3.8,61,111.1,188,26.37
1800-11-20 14:20:42,2823.0,7,1,629.0,945.9,157.0,153,23,89.6,387,387,44.9,671,3.9,61,108.7,188,
1800-11-20 14:20:44,2825.0,7,1,626.0,946.2,159.0,166,24,89.5,387,386,45.7,672,3.9,61,110.4,188,
1800-11-20 14:20:46,2827.0,7,1,621.0,946.7,163.0,172,24,89.1,387,387,42.8,668,3.8,61,104.4,188,
1800-11-20 14:20:48,2829.0,7,1,615.0,947.3,163.0,174,24,88.6,387,387,42.8,661,3.8,61,107.1,188,
1800-11-20 14:20:50,2831.0,7,1,610.0,947.8,167.0,170,24,88.7,388,388,41.9,661,3.8,61,105.2,188,25.53
1800-11-20 14:20:52,2833.0,7,1,604.0,948.3,165.0,172,24,88.8,387,387,41.5,659,3.8,61,104.4,188,
1800-11-20 14:20:54,2835.0,7,1,599.0,949.1,165.0,170,24,88.2,387,387,40.5,655,3.7,61,104.2,188,
1800-11-20 14:20:56,2837.0,7,1,592.0,950.0,165.0,174,24,89.2,387,387,44.0,663,3.8,61,108.5,188,
1800-11-20 14:20:58,2839.0,7,1,585.0,950.8,165.0,175,24,88.4,387,388,41.5,657,3.8,61,105.4,188,
1800-11-20 14:21:00,2841.0,7,1,578.0,951.5,165.0,175,24,88.6,388,387,41.3,658,3.8,61,103.7,188,25.16
1800-11-20 14:21:02,2843.0,7,1,572.0,952.4,165.0,174,24,88.3,387,387,41.3,656,3.8,61,106.0,188,
1800-11-20 14:21:04,2845.0,7,1,564.0,953.2,163.0,172,24,89.1,388,387,43.8,664,3.8,61,107.7,188,
1800-11-20 14:21:06,2847.0,7,1,557.0,953.8,163.0,175,24,88.5,387,387,42.1,659,3.8,61,107.4,188,
1800-11-20 14:21:08,2849.0,7,1,550.0,954.7,163.0,174,24,88.5,388,387,41.3,658,3.8,61,103.8,188,
1800-11-20 14:21:10,2851.0,7,1,543.0,955.5,163.0,172,24,88.4,387,387,41.6,658,3.8,61,105.9,188,25.6
1800-11-20 14:21:12,2853.0,7,1,535.0,956.5,163.0,170,24,88.3,388,387,40.7,656,3.8,60,104.3,188,
1800-11-20 14:21:14,2855.0,7,1,526.0,957.5,165.0,174,24,87.8,388,387,38.6,650,3.8,60,100.7,188,
1800-11-20 14:21:16,2857.0,7,1,518.0,958.2,165.0,172,24,87.8,387,387,40.2,648,3.8,60,105.6,187,
1800-11-20 14:21:18,2859.0,7,1,510.0,959.2,167.0,172,24,88.3,388,387,40.3,654,3.8,60,103.9,187,
1800-11-20 14:21:20,2861.0,7,1,500.0,960.1,167.0,172,24,88.0,388,388,39.7,651,3.8,60,102.2,187,25.5
1800-11-20 14:21:22,2863.0,7,1,492.0,960.7,169.0,179,24,87.8,387,387,40.0,648,3.8,60,104.6,187,
1800-11-20 14:21:24,2865.0,7,1,485.0,961.7,169.0,179,25,87.6,388,387,37.9,647,3.8,60,100.9,187,
1800-11-20 14:21:26,2867.0,7,1,478.0,962.2,169.0,177,25,87.9,388,387,39.5,649,3.8,60,103.6,187,
1800-11-20 14:21:28,2869.0,7,1,471.0,963.1,169.0,175,25,88.2,387,387,40.1,651,3.8,60,104.4,187,
1800-11-20 14:21:30,2871.0,7,1,464.0,963.8,169.0,175,25,88.3,388,387,41.2,653,3.8,60,106.3,187,26.08
1800-11-20 14:21:32,2873.0,7,1,457.0,964.7,169.0,177,25,88.4,387,387,41.2,655,3.8,60,106.2,187,
1800-11-20 14:21:34,2875.0,7,1,449.0,965.5,170.0,177,25,88.6,387,387,41.7,655,3.9,60,106.7,187,
1800-11-20 14:21:36,2877.0,7,1,441.0,966.4,170.0,175,25,88.8,388,387,42.7,658,3.9,60,108.9,187,
1800-11-20 14:21:38,2879.0,7,1,432.0,967.2,172.0,177,25,89.1,388,387,43.5,662,3.9,60,109.4,187,
1800-11-20 14:21:40,2881.0,7,1,425.0,967.9,174.0,175,25,89.1,387,387,43.8,664,3.9,60,109.3,187,24.85
1800-11-20 14:21:42,2883.0,7,1,418.0,968.5,174.0,175,25,89.0,388,387,43.2,662,3.9,60,107.9,187,
1800-11-20 14:21:44,2885.0,7,1,413.0,968.9,174.0,174,25,88.8,387,387,42.8,660,3.9,60,108.2,187,
1800-11-20 14:21:46,2887.0,7,1,409.0,969.5,174.0,174,25,88.8,387,387,42.7,660,3.9,60,107.8,186,
1800-11-20 14:21:48,2889.0,7,1,404.0,969.8,174.0,174,25,88.9,387,386,44.2,660,3.9,60,110.6,186,
1800-11-20 14:21:50,2891.0,7,1,397.0,970.5,172.0,174,25,89.0,387,387,43.6,663,3.9,60,108.3,186,25.67
1800-11-20 14:21:52,2893.0,7,1,390.0,971.1,176.0,170,25,88.9,387,387,43.6,661,3.9,60,109.8,186,
1800-11-20 14:21:54,2895.0,7,1,384.0,971.7,176.0,174,25,89.1,387,387,43.8,664,3.9,60,108.8,186,
1800-11-20 14:21:56,2897.0,7,1,379.0,972.4,176.0,172,25,88.8,387,387,43.2,662,3.9,60,108.7,186,
1800-11-20 14:21:58,2899.0,7,1,375.0,973.0,176.0,168,25,88.7,387,387,42.8,659,3.9,59,107.4,186,
1800-11-20 14:22:00,2901.0,7,1,371.0,973.6,178.0,168,25,88.6,387,386,43.1,658,3.9,59,108.7,186,25.54
1800-11-20 14:22:02,2903.0,7,1,367.0,974.2,180.0,168,25,88.8,387,386,43.1,661,3.9,59,108.3,186,
1800-11-20 14:22:04,2905.0,7,1,360.0,975.0,181.0,168,26,88.8,387,386,42.4,659,3.9,59,107.1,186,
1800-11-20 14:22:06,2907.0,7,1,353.0,975.6,183.0,170,26,88.5,387,386,42.2,657,3.9,59,107.6,186,
1800-11-20 14:22:08,2909.0,7,1,347.0,976.6,183.0,172,26,88.7,387,387,42.5,659,3.9,60,108.0,186,
1800-11-20 14:22:10,2911.0,7,1,340.0,977.5,189.0,172,26,88.6,387,387,42.4,659,3.9,59,108.1,186,25.51
1800-11-20 14:22:12,2913.0,7,1,332.0,978.6,193.0,172,26,88.6,387,387,41.8,658,3.9,60,106.6,186,
1800-11-20 14:22:14,2915.0,7,1,324.0,979.6,196.0,174,26,88.5,387,387,41.4,656,3.9,60,106.8,186,
1800-11-20 14:22:16,2917.0,7,1,316.0,980.8,198.0,174,26,88.2,387,387,40.4,653,3.8,60,104.9,186,
1800-11-20 14:22:18,2919.0,7,1,307.0,981.8,200.0,175,26,88.4,387,387,41.8,654,3.8,60,108.9,186,
1800-11-20 14:22:20,2921.0,7,1,298.0,982.7,204.0,175,26,88.5,387,387,41.6,655,3.9,60,107.6,185,25.58
1800-11-20 14:22:22,2923.0,7,1,289.0,983.4,207.0,179,26,88.6,387,387,42.4,657,3.9,60,107.9,185,
1800-11-20 14:22:24,2925.0,7,1,281.0,984.3,209.0,177,26,88.3,387,387,41.4,656,3.9,60,106.5,185,
1800-11-20 14:22:26,2927.0,7,1,273.0,985.1,209.0,175,26,88.4,387,387,41.9,655,3.9,60,109.0,185,
1800-11-20 14:22:28,2929.0,7,1,268.0,985.8,209.0,175,26,89.1,387,387,44.5,661,3.9,60,111.9,185,
1800-11-20 14:22:30,2931.0,7,1,264.0,986.5,211.0,174,26,89.2,387,387,44.6,665,3.9,60,111.4,185,24.85
1800-11-20 14:22:32,2933.0,7,1,259.0,987.2,211.0,175,26,89.3,387,387,45.2,665,3.9,60,112.8,185,
1800-11-20 14:22:34,2935.0,7,1,254.0,987.6,213.0,174,26,89.3,387,387,45.3,667,3.9,60,112.2,185,
1800-11-20 14:22:36,2937.0,7,1,248.0,988.3,213.0,174,27,89.4,387,386,46.4,667,3.9,60,115.1,185,
1800-11-20 14:22:38,2939.0,7,1,244.0,988.8,211.0,172,27,90.1,386,386,48.2,675,4.0,60,117.0,185,
1800-11-20 14:22:40,2941.0,7,1,240.0,989.1,211.0,172,27,90.1,386,386,48.7,677,4.0,60,116.7,185,25.45
1800-11-20 14:22:42,2943.0,7,1,236.0,989.7,211.0,170,27,89.6,387,387,46.5,672,4.0,60,113.2,185,
1800-11-20 14:22:44,2945.0,7,1,233.0,990.0,209.0,170,27,89.6,387,386,46.9,673,4.0,59,115.2,185,
1800-11-20 14:22:46,2947.0,7,1,232.0,990.1,209.0,168,27,90.1,387,386,48.9,677,4.0,59,117.2,185,
1800-11-20 14:22:48,2949.0,7,1,232.0,990.3,207.0,168,27,90.2,386,386,49.7,679,4.0,59,118.6,185,
1800-11-20 14:22:50,2951.0,7,1,234.0,990.6,206.0,166,27,90.2,387,386,48.8,681,4.0,59,116.3,185,26.47
1800-11-20 14:22:52,2953.0,7,1,235.0,990.8,204.0,164,27,89.7,387,387,47.0,675,4.0,59,114.9,185,
1800-11-20 14:22:54,2955.0,7,1,237.0,990.5,198.0,157,27,89.7,387,387,46.7,673,4.0,59,113.3,184,
1800-11-20 14:22:56,2957.0,7,1,238.0,990.0,191.0,151,27,89.6,387,387,46.7,673,4.0,59,114.7,184,
1800-11-20 14:22:58,2959.0,7,1,242.0,989.6,185.0,146,27,89.8,387,386,48.3,675,4.0,59,116.5,184,
1800-11-20 14:23:00,2961.0,7,1,247.0,988.9,176.0,140,27,90.1,387,386,49.4,678,4.0,60,117.8,184,26.51
1800-11-20 14:23:02,2963.0,7,1,255.0,988.4,169.0,137,27,90.4,386,386,49.8,680,4.0,60,118.3,184,
1800-11-20 14:23:04,2965.0,7,1,261.0,988.3,161.0,131,27,90.5,386,386,50.9,681,4.0,60,119.7,184,
1800-11-20 14:23:06,2967.0,7,1,265.0,988.0,154.0,131,27,90.5,386,386,50.9,683,4.0,60,118.7,184,
1800-11-20 14:23:08,2969.0,7,1,268.0,987.9,146.0,127,27,90.5,386,386,50.4,684,4.0,60,118.4,184,
1800-11-20 14:23:10,2971.0,7,1,270.0,987.7,139.0,127,26,90.2,387,386,50.2,683,4.0,60,117.7,184,25.82
1800-11-20 14:23:12,2973.0,7,1,270.0,987.6,130.0,125,26,90.2,386,386,50.6,683,4.0,60,118.9,184,
1800-11-20 14:23:14,2975.0,7,1,270.0,987.7,120.0,124,26,90.4,387,386,50.3,684,4.0,60,118.6,184,
1800-11-20 14:23:16,2977.0,7,1,270.0,987.6,113.0,125,26,90.4,386,386,50.0,684,4.0,60,118.5,184,
1800-11-20 14:23:18,2979.0,7,1,270.0,987.6,107.0,129,26,90.1,386,386,49.4,682,4.0,60,116.5,184,
1800-11-20 14:23:20,2981.0,7,1,271.0,987.9,106.0,129,26,90.0,386,386,48.7,680,4.0,60,116.1,184,24.88
1800-11-20 14:23:22,2983.0,7,1,269.0,988.0,106.0,131,26,90.0,386,386,48.9,680,4.0,61,116.9,184,
1800-11-20 14:23:24,2985.0,7,1,266.0,988.5,107.0,137,26,90.2,386,386,49.2,680,4.0,61,116.6,184,
1800-11-20 14:23:26,2987.0,7,1,260.0,989.1,113.0,140,26,89.9,387,386,48.0,677,3.9,61,114.8,183,
1800-11-20 14:23:28,2989.0,7,1,254.0,989.6,117.0,144,26,89.3,387,386,46.3,672,3.9,61,111.2,183,
1800-11-20 14:23:30,2991.0,7,1,246.0,990.3,128.0,146,26,88.9,387,386,43.8,666,3.9,61,109.7,183,25.7
1800-11-20 14:23:32,2993.0,7,1,240.0,990.8,133.0,150,26,88.7,387,386,43.0,662,3.8,61,108.7,183,
1800-11-20 14:23:34,2995.0,7,1,234.0,991.1,135.0,150,26,89.1,386,386,45.8,664,3.9,61,115.7,183,
1800-11-20 14:23:36,2997.0,7,1,228.0,991.6,135.0,151,27,90.0,386,386,49.2,676,4.0,62,117.9,183,
1800-11-20 14:23:38,2999.0,7,1,225.0,991.8,135.0,148,27,89.9,386,386,48.7,680,3.9,62,116.9,183,
1800-11-20 14:23:40,3001.0,7,1,221.0,992.2,137.0,151,27,90.0,386,386,48.9,680,3.9,62,117.0,183,24.64
1800-11-20 14:23:42,3003.0,7,1,217.0,992.5,139.0,151,27,89.9,386,385,48.6,679,3.9,62,116.6,183,
1800-11-20 14:23:44,3005.0,7,1,213.0,992.7,139.0,153,27,89.8,386,386,47.7,677,3.9,62,115.1,183,
1800-11-20 14:23:46,3007.0,7,1,210.0,993.2,139.0,155,27,89.5,386,385,47.2,675,3.9,62,113.9,183,
1800-11-20 14:23:48,3009.0,7,1,208.0,993.4,141.0,153,27,89.3,386,386,46.1,673,3.9,62,113.5,183,
1800-11-20 14:23:50,3011.0,7,1,207.0,993.5,139.0,157,27,89.5,386,385,47.6,674,3.9,62,116.0,183,25.56
1800-11-20 14:23:52,3013.0,7,1,205.0,993.7,137.0,153,27,89.5,386,385,47.1,676,3.9,62,114.4,183,
1800-11-20 14:23:54,3015.0,7,1,203.0,993.8,137.0,155,27,89.5,386,385,46.9,675,3.9,62,114.8,183,
1800-11-20 14:23:56,3017.0,7,1,203.0,994.0,137.0,155,27,89.8,385,385,48.2,677,3.9,62,115.8,183,
1800-11-20 14:23:58,3019.0,7,1,200.0,994.2,135.0,161,27,89.6,386,385,47.1,676,3.9,62,115.0,183,
1800-11-20 14:24:00,3021.0,7,1,198.0,994.7,135.0,155,27,89.2,386,385,45.7,671,3.9,62,112.1,182,25.63
1800-11-20 14:24:02,3023.0,7,1,196.0,994.9,135.0,155,27,89.4,386,386,46.7,670,3.9,62,117.0,182,
1800-11-20 14:24:04,3025.0,7,1,194.0,995.1,135.0,153,27,90.6,385,385,51.9,684,4.0,62,121.5,182,
1800-11-20 14:24:06,3027.0,7,1,193.0,995.2,135.0,157,27,90.8,385,385,52.5,689,4.0,62,122.6,182,
1800-11-20 14:24:08,3029.0,7,1,191.0,995.4,137.0,157,27,90.8,385,385,53.7,691,4.0,62,125.0,182,
1800-11-20 14:24:10,3031.0,7,1,190.0,995.8,139.0,157,27,90.8,386,385,53.1,692,4.0,62,121.9,182,25.49
1800-11-20 14:24:12,3033.0,7,1,188.0,995.7,143.0,161,27,91.0,385,385,54.7,694,4.0,62,126.2,182,
1800-11-20 14:24:14,3035.0,7,1,185.0,996.1,146.0,162,27,91.2,386,385,54.3,699,4.0,62,124.6,182,
1800-11-20 14:24:16,3037.0,7,1,181.0,996.3,152.0,159,27,91.2,386,385,54.5,699,4.0,62,124.8,182,
1800-11-20 14:24:18,3039.0,7,1,179.0,996.5,154.0,162,27,90.9,386,385,53.2,696,4.0,62,122.7,182,
1800-11-20 14:24:20,3041.0,7,1,179.0,996.6,157.0,162,27,90.9,386,385,53.4,696,4.0,62,123.3,182,26.3
1800-11-20 14:24:22,3043.0,7,1,179.0,996.4,157.0,162,27,90.8,385,385,52.8,696,4.0,62,123.4,182,
1800-11-20 14:24:24,3045.0,7,1,180.0,996.2,157.0,162,27,91.0,385,385,55.1,697,4.0,62,127.4,182,
1800-11-20 14:24:26,3047.0,7,1,183.0,996.1,156.0,164,27,91.8,385,385,58.4,706,4.1,62,131.7,182,
1800-11-20 14:24:28,3049.0,7,1,186.0,995.9,156.0,164,27,92.3,385,385,62.4,713,4.1,62,138.3,182,
1800-11-20 14:24:30,3051.0,7,1,189.0,995.7,157.0,170,27,93.2,386,385,67.2,724,4.2,62,139.7,182,26.17
1800-11-20 14:24:32,3053.0,7,1,190.0,995.5,159.0,170,27,92.6,386,386,65.5,720,4.2,62,137.5,181,
1800-11-20 14:24:34,3055.0,7,1,190.0,995.5,161.0,172,27,92.8,386,386,65.5,723,4.2,62,137.1,181,
1800-11-20 14:24:36,3057.0,7,1,191.0,995.2,165.0,175,27,93.3,386,386,69.3,728,4.2,62,144.7,181,
1800-11-20 14:24:38,3059.0,7,1,191.0,995.3,165.0,177,27,93.7,386,386,71.1,737,4.3,62,144.6,181,
1800-11-20 14:24:40,3061.0,7,1,190.0,995.2,169.0,179,27,93.5,386,386,70.0,737,4.2,61,143.1,181,26.04
1800-11-20 14:24:42,3063.0,7,1,190.0,995.2,172.0,179,27,93.3,386,386,68.5,735,4.3,61,140.6,181,
1800-11-20 14:24:44,3065.0,7,1,190.0,995.1,174.0,183,27,93.1,386,386,66.7,732,4.2,61,138.4,181,
1800-11-20 14:24:46,3067.0,7,1,190.0,994.8,174.0,187,27,92.8,386,386,65.3,729,4.2,61,137.0,181,
1800-11-20 14:24:48,3069.0,7,1,191.0,994.7,174.0,183,27,92.9,386,386,65.8,730,4.2,61,137.5,181,
1800-11-20 14:24:50,3071.0,7,1,192.0,994.8,176.0,183,27,92.9,386,386,65.6,730,4.2,61,137.8,181,24.84
1800-11-20 14:24:52,3073.0,7,1,193.0,994.6,176.0,185,27,93.1,386,386,67.6,732,4.2,61,140.3,181,
1800-11-20 14:24:54,3075.0,7,1,193.0,994.7,178.0,187,27,92.7,386,386,65.1,729,4.2,61,136.2,181,
1800-11-20 14:24:56,3077.0,7,1,194.0,994.6,176.0,187,27,92.6,386,386,64.1,728,4.2,61,135.2,181,
1800-11-20 14:24:58,3079.0,7,1,196.0,994.4,176.0,187,27,92.9,386,386,67.4,732,4.2,61,142.5,180,
1800-11-20 14:25:00,3081.0,7,1,197.0,994.3,176.0,187,27,93.3,386,386,68.8,737,4.3,61,140.5,180,25.17
1800-11-20 14:25:02,3083.0,7,1,198.0,994.2,178.0,187,27,93.0,386,386,66.0,734,4.2,61,137.6,180,
1800-11-20 14:25:04,3085.0,7,1,199.0,994.3,178.0,187,27,92.8,386,386,64.8,731,4.2,61,135.9,180,
1800-11-20 14:25:06,3087.0,7,1,199.0,994.4,178.0,185,27,92.6,387,386,64.0,729,4.2,61,134.6,180,
1800-11-20 14:25:08,3089.0,7,1,199.0,994.3,178.0,185,27,92.5,386,386,63.4,727,4.2,61,134.2,180,
1800-11-20 14:25:10,3091.0,7,1,199.0,994.3,176.0,187,27,92.5,386,386,63.4,727,4.2,61,134.0,180,26.36
1800-11-20 14:25:12,3093.0,7,1,200.0,994.1,176.0,183,28,92.5,386,386,63.6,727,4.2,61,134.4,180,
1800-11-20 14:25:14,3095.0,7,1,202.0,994.0,176.0,187,27,92.5,386,386,63.6,726,4.2,61,134.7,180,
1800-11-20 14:25:16,3097.0,7,1,203.0,994.2,176.0,187,27,92.2,387,386,61.9,723,4.2,60,131.8,180,
1800-11-20 14:25:18,3099.0,7,1,203.0,994.5,176.0,188,27,92.2,387,386,61.6,723,4.2,60,131.7,180,
1800-11-20 14:25:20,3101.0,7,1,202.0,994.6,176.0,188,27,92.3,386,386,60.9,723,4.1,60,133.5,180,25.57
1800-11-20 14:25:22,3103.0,7,1,200.0,994.6,174.0,183,27,92.5,386,385,61.8,726,4.2,60,133.0,179,
1800-11-20 14:25:24,3105.0,7,1,198.0,994.8,174.0,185,27,92.3,386,386,60.9,723,4.1,60,133.6,179,
1800-11-20 14:25:26,3107.0,7,1,196.0,994.9,174.0,185,27,92.6,386,386,63.4,728,4.2,60,134.9,179,
1800-11-20 14:25:28,3109.0,7,1,196.0,994.9,172.0,185,28,92.3,387,386,62.0,725,4.2,60,133.0,179,
1800-11-20 14:25:30,3111.0,7,1,196.0,994.9,172.0,185,28,92.2,386,386,61.9,724,4.2,60,134.9,179,25.61
1800-11-20 14:25:32,3113.0,7,1,196.0,994.9,174.0,181,28,92.8,386,386,65.1,729,4.2,60,136.4,179,
1800-11-20 14:25:34,3115.0,7,1,196.0,995.0,172.0,183,28,92.6,386,386,63.5,727,4.2,60,134.1,179,
1800-11-20 14:25:36,3117.0,7,1,195.0,994.8,172.0,185,28,92.4,386,386,62.9,726,4.2,60,133.8,179,
1800-11-20 14:25:38,3119.0,7,1,195.0,994.9,172.0,187,27,92.7,386,386,64.9,728,4.2,60,136.9,179,
1800-11-20 14:25:40,3121.0,7,1,196.0,994.9,172.0,185,27,92.6,386,386,64.1,727,4.2,60,136.3,179,26.39
1800-11-20 14:25:42,3123.0,7,1,195.0,994.9,172.0,185,27,93.1,386,386,67.1,732,4.2,60,139.4,179,
1800-11-20 14:25:44,3125.0,7,1,195.0,995.0,172.0,185,27,93.0,386,386,65.9,733,4.2,60,137.2,179,
1800-11-20 14:25:46,3127.0,7,1,195.0,995.0,174.0,185,27,92.7,386,386,64.4,731,4.2,60,135.4,179,
1800-11-20 14:25:48,3129.0,7,1,195.0,994.9,174.0,188,28,92.9,386,386,67.7,732,4.2,60,144.3,179,
1800-11-20 14:25:50,3131.0,7,1,195.0,994.9,174.0,187,28,93.7,387,386,71.0,743,4.3,60,142.6,179,25.83
1800-11-20 14:25:52,3133.0,7,1,195.0,994.7,174.0,185,28,93.4,386,386,68.0,740,4.3,60,139.8,178,
1800-11-20 14:25:54,3135.0,7,1,195.0,994.8,174.0,187,28,93.2,386,386,67.9,738,4.2,60,141.2,178,
1800-11-20 14:25:56,3137.0,7,1,195.0,994.8,174.0,187,28,93.3,386,386,68.2,739,4.3,60,140.2,178,
1800-11-20 14:25:58,3139.0,7,1,194.0,994.8,174.0,183,28,93.2,386,386,67.2,737,4.3,60,138.9,178,
1800-11-20 14:26:00,3141.0,7,1,194.0,994.7,174.0,187,28,93.0,386,386,66.0,736,4.2,60,136.8,178,25.57
1800-11-20 14:26:02,3143.0,7,1,193.0,994.7,174.0,187,28,92.8,386,386,64.9,734,4.2,60,136.1,178,
1800-11-20 14:26:04,3145.0,7,1,193.0,994.6,172.0,185,28,92.8,386,386,64.8,733,4.2,60,136.2,178,
1800-11-20 14:26:06,3147.0,7,1,193.0,994.6,172.0,185,27,92.8,386,386,64.6,732,4.2,60,135.5,178,
1800-11-20 14:26:08,3149.0,7,1,193.0,994.6,172.0,185,27,92.7,386,386,64.2,730,4.2,60,134.6,178,
1800-11-20 14:26:10,3151.0,7,1,193.0,994.6,170.0,183,27,92.5,386,386,63.5,728,4.2,60,134.3,178,25.93
1800-11-20 14:26:12,3153.0,7,1,193.0,994.7,170.0,183,27,92.6,386,386,63.8,728,4.2,60,134.2,178,
1800-11-20 14:26:14,3155.0,7,1,192.0,994.7,169.0,181,27,92.3,386,386,62.7,725,4.2,60,131.6,178,
1800-11-20 14:26:16,3157.0,7,1,191.0,994.6,169.0,181,27,92.3,386,385,62.2,724,4.2,60,133.6,178,
1800-11-20 14:26:18,3159.0,7,1,191.0,994.8,169.0,183,27,92.3,386,386,62.1,725,4.2,60,131.8,177,
1800-11-20 14:26:20,3161.0,7,1,190.0,994.9,169.0,187,27,92.2,386,385,61.6,723,4.1,60,134.0,177,25.41
1800-11-20 14:26:22,3163.0,7,1,189.0,994.9,169.0,183,27,92.4,386,386,62.1,726,4.2,60,131.9,177,
1800-11-20 14:26:24,3165.0,7,1,189.0,994.8,169.0,185,27,92.4,386,385,62.1,725,4.2,60,134.6,177,
1800-11-20 14:26:26,3167.0,7,1,188.0,995.0,169.0,185,27,92.4,386,386,62.6,726,4.2,60,132.5,177,
1800-11-20 14:26:28,3169.0,7,1,186.0,995.2,169.0,181,28,92.3,386,385,61.9,724,4.2,60,133.6,177,
1800-11-20 14:26:30,3171.0,7,1,185.0,995.2,169.0,187,28,92.3,386,386,61.4,722,4.2,60,131.6,177,25.6
1800-11-20 14:26:32,3173.0,7,1,183.0,995.5,169.0,181,28,92.7,385,385,64.8,727,4.2,60,140.2,177,
1800-11-20 14:26:34,3175.0,7,1,181.0,995.5,169.0,183,28,93.0,386,386,66.4,734,4.2,60,137.2,177,
1800-11-20 14:26:36,3177.0,7,1,180.0,995.7,169.0,185,28,92.7,386,386,64.4,730,4.2,60,134.8,177,
1800-11-20 14:26:38,3179.0,7,1,178.0,995.9,170.0,187,28,92.5,386,386,64.0,728,4.2,60,137.1,177,
1800-11-20 14:26:40,3181.0,7,1,176.0,995.9,172.0,188,28,93.2,386,386,67.3,735,4.2,60,139.7,177,25.68
1800-11-20 14:26:42,3183.0,7,1,175.0,996.1,172.0,192,28,93.2,386,386,67.7,736,4.3,60,139.9,177,
1800-11-20 14:26:44,3185.0,6,1,173.0,996.4,174.0,188,28,93.3,386,386,67.3,738,4.2,60,139.7,176,
1800-11-20 14:26:46,3187.0,6,1,171.0,996.7,174.0,192,28,93.2,386,386,66.9,737,4.2,60,138.9,176,
1800-11-20 14:26:48,3189.0,6,1,170.0,996.8,174.0,188,28,93.1,386,386,66.6,737,4.3,60,138.2,176,
1800-11-20 14:26:50,3191.0,6,1,168.0,996.8,176.0,190,28,93.0,386,386,65.4,735,4.2,60,137.0,176,25.68
1800-11-20 14:26:52,3193.0,6,1,168.0,997.0,176.0,190,28,92.9,386,386,65.0,734,4.2,60,136.6,176,
1800-11-20 14:26:54,3195.0,6,1,168.0,996.9,174.0,190,28,92.8,386,386,64.7,734,4.2,60,136.1,176,
1800-11-20 14:26:56,3197.0,6,1,168.0,996.9,174.0,190,28,92.6,386,386,64.0,732,4.2,60,134.6,176,
1800-11-20 14:26:58,3199.0,6,1,168.0,997.1,172.0,190,28,92.7,386,386,63.6,731,4.2,60,134.7,176,
1800-11-20 14:27:00,3201.0,6,1,168.0,997.2,172.0,190,28,92.9,386,386,65.9,733,4.2,60,139.0,176,24.97
1800-11-20 14:27:02,3203.0,6,1,166.0,997.1,172.0,190,28,92.8,386,386,65.6,734,4.2,60,137.0,176,
1800-11-20 14:27:04,3205.0,6,1,166.0,997.3,172.0,192,28,92.9,386,386,65.2,734,4.2,60,136.7,176,
1800-11-20 14:27:06,3207.0,6,1,165.0,997.4,172.0,192,28,92.7,386,386,64.4,732,4.2,60,135.3,176,
1800-11-20 14:27:08,3209.0,6,1,163.0,997.7,172.0,190,28,92.8,386,386,65.7,732,4.2,60,137.9,176,
1800-11-20 14:27:10,3211.0,6,1,160.0,998.0,172.0,190,28,92.8,386,386,64.6,733,4.2,60,135.6,176,26.21
1800-11-20 14:27:12,3213.0,6,1,158.0,998.1,172.0,190,28,92.6,386,386,64.0,731,4.2,60,134.3,175,
1800-11-20 14:27:14,3215.0,6,1,156.0,998.4,172.0,188,28,92.6,386,386,63.5,729,4.2,60,134.0,175,
1800-11-20 14:27:16,3217.0,6,1,155.0,998.3,172.0,188,28,93.1,386,386,68.0,734,4.2,60,143.2,175,
1800-11-20 14:27:18,3219.0,6,1,155.0,998.3,172.0,190,28,93.2,386,386,68.2,739,4.3,59,140.0,175,
1800-11-20 14:27:20,3221.0,6,1,154.0,998.3,172.0,188,28,93.1,386,386,66.5,738,4.3,60,138.2,175,25.19
1800-11-20 14:27:22,3223.0,6,1,154.0,998.4,172.0,190,28,92.9,386,386,65.4,734,4.2,59,136.8,175,
1800-11-20 14:27:24,3225.0,6,1,154.0,998.4,172.0,188,28,92.8,386,386,64.8,733,4.2,59,136.1,175,
1800-11-20 14:27:26,3227.0,6,1,153.0,998.6,172.0,190,28,92.8,386,386,64.7,732,4.2,59,136.1,175,
1800-11-20 14:27:28,3229.0,6,1,152.0,998.6,172.0,192,28,92.9,386,386,65.3,733,4.2,59,137.0,175,
1800-11-20 14:27:30,3231.0,6,1,150.0,998.7,172.0,190,28,92.8,386,386,65.0,734,4.2,59,136.5,175,25.88
1800-11-20 14:27:32,3233.0,6,1,149.0,998.9,172.0,190,28,92.7,386,386,64.6,732,4.2,59,135.5,175,
1800-11-20 14:27:34,3235.0,6,1,148.0,999.2,172.0,190,28,92.8,386,386,66.3,733,4.2,59,139.8,175,
1800-11-20 14:27:36,3237.0,6,1,147.0,999.1,172.0,190,28,93.3,386,386,67.8,740,4.3,59,140.6,175,
1800-11-20 14:27:38,3239.0,6,1,147.0,999.1,172.0,187,28,93.1,386,386,66.5,736,4.3,59,138.2,174,
1800-11-20 14:27:40,3241.0,6,1,147.0,999.1,170.0,187,28,93.0,386,386,66.0,735,4.3,59,137.6,174,25.62
1800-11-20 14:27:42,3243.0,6,1,148.0,999.2,172.0,187,28,92.9,386,386,65.1,734,4.2,59,135.9,174,
1800-11-20 14:27:44,3245.0,6,1,149.0,999.1,170.0,187,28,92.9,386,386,64.6,732,4.2,59,135.7,174,
1800-11-20 14:27:46,3247.0,6,1,150.0,999.2,170.0,187,28,92.7,386,386,64.4,731,4.2,59,135.6,174,
1800-11-20 14:27:48,3249.0,6,1,150.0,999.2,170.0,187,28,92.5,386,386,64.0,729,4.2,59,134.4,174,
1800-11-20 14:27:50,3251.0,6,1,150.0,999.2,170.0,188,28,92.5,386,386,63.1,728,4.2,59,133.8,174,26.27
1800-11-20 14:27:52,3253.0,6,1,149.0,999.3,170.0,185,28,92.5,386,386,63.0,728,4.2,59,133.4,174,
1800-11-20 14:27:54,3255.0,6,1,149.0,999.4,169.0,185,28,92.4,386,386,62.7,726,4.2,59,133.1,174,
1800-11-20 14:27:56,3257.0,6,1,148.0,999.4,170.0,187,28,92.4,386,385,61.9,727,4.2,59,133.4,174,
1800-11-20 14:27:58,3259.0,6,1,148.0,999.4,169.0,185,28,92.7,386,385,62.0,729,4.2,59,134.6,174,
1800-11-20 14:28:00,3261.0,6,1,147.0,999.4,169.0,188,28,92.9,386,385,62.0,731,4.2,59,134.2,174,25.15
1800-11-20 14:28:02,3263.0,6,1,147.0,999.4,167.0,183,28,92.7,386,385,61.6,729,4.2,59,133.8,174,
1800-11-20 14:28:04,3265.0,6,1,147.0,999.3,165.0,181,28,92.8,386,385,61.8,730,4.2,59,134.3,174,
1800-11-20 14:28:06,3267.0,6,1,147.0,999.4,165.0,185,28,92.7,386,385,61.6,729,4.2,59,133.4,173,
1800-11-20 14:28:08,3269.0,6,1,148.0,999.4,165.0,181,28,92.7,385,385,61.4,728,4.2,59,133.4,173,
1800-11-20 14:28:10,3271.0,6,1,148.0,999.5,165.0,181,28,92.6,386,385,61.2,727,4.2,59,132.9,173,25.75
1800-11-20 14:28:12,3273.0,6,1,149.0,999.4,165.0,183,28,92.6,385,385,61.3,728,4.2,59,133.1,173,
1800-11-20 14:28:14,3275.0,6,1,148.0,999.6,163.0,181,28,92.5,386,385,60.8,727,4.2,59,131.9,173,
1800-11-20 14:28:16,3277.0,6,1,147.0,999.6,163.0,183,28,92.4,386,385,60.4,725,4.2,59,132.2,173,
1800-11-20 14:28:18,3279.0,6,1,147.0,999.7,163.0,183,28,92.5,386,385,60.6,726,4.2,60,132.0,173,
1800-11-20 14:28:20,3281.0,6,1,145.0,999.7,161.0,181,28,92.5,386,385,60.4,726,4.2,60,131.5,173,25.09
1800-11-20 14:28:22,3283.0,7,1,145.0,999.7,161.0,177,28,92.3,385,385,60.0,724,4.1,60,131.9,173,
1800-11-20 14:28:24,3285.0,7,1,145.0,999.6,159.0,179,28,92.5,385,385,60.6,724,4.2,60,133.2,173,
1800-11-20 14:28:26,3287.0,7,1,147.0,999.4,159.0,177,28,92.5,385,385,60.8,725,4.2,60,133.0,173,
1800-11-20 14:28:28,3289.0,7,1,151.0,999.3,157.0,177,28,92.4,386,385,60.7,725,4.2,60,132.0,173,
1800-11-20 14:28:30,3291.0,7,1,153.0,998.9,157.0,177,28,92.1,385,385,59.5,722,4.2,60,130.6,173,26.31
1800-11-20 14:28:32,3293.0,7,1,157.0,998.6,157.0,172,28,92.1,385,385,59.3,722,4.2,60,131.5,173,
1800-11-20 14:28:34,3295.0,7,1,161.0,998.4,157.0,170,28,92.0,385,385,58.6,719,4.1,60,129.0,173,
1800-11-20 14:28:36,3297.0,7,1,165.0,998.4,159.0,164,28,91.5,386,385,56.4,713,4.1,60,125.4,172,
1800-11-20 14:28:38,3299.0,7,1,168.0,998.1,157.0,159,28,91.4,385,385,56.5,711,4.1,60,126.8,172,
1800-11-20 14:28:40,3301.0,7,1,170.0,997.7,157.0,153,28,91.2,385,385,55.0,707,4.1,60,123.2,172,25.81
1800-11-20 14:28:42,3303.0,7,1,174.0,997.4,157.0,148,28,91.0,385,385,54.8,705,4.1,60,124.0,172,
1800-11-20 14:28:44,3305.0,7,1,178.0,997.0,157.0,144,28,91.1,385,385,54.9,706,4.1,60,124.5,172,
1800-11-20 14:28:46,3307.0,7,1,179.0,996.6,159.0,142,28,91.3,385,385,55.8,707,4.1,60,125.2,172,
1800-11-20 14:28:48,3309.0,7,1,183.0,996.1,161.0,146,28,91.0,385,385,54.9,704,4.1,60,124.1,172,
1800-11-20 14:28:50,3311.0,7,1,186.0,995.9,167.0,142,28,91.1,385,385,54.6,706,4.1,60,122.9,172,25.67
1800-11-20 14:28:52,3313.0,7,1,189.0,995.6,170.0,138,28,90.1,385,385,50.3,693,4.0,60,116.4,172,
1800-11-20 14:28:54,3315.0,7,1,193.0,995.3,174.0,142,28,89.6,385,385,48.4,685,3.9,60,114.9,172,
1800-11-20 14:28:56,3317.0,7,1,196.0,994.6,178.0,146,28,89.6,384,384,49.6,684,3.9,60,119.4,172,
1800-11-20 14:28:58,3319.0,7,1,199.0,994.9,178.0,144,27,90.4,385,384,52.2,694,4.0,60,119.8,172,
1800-11-20 14:29:00,3321.0,7,1,199.0,994.9,183.0,142,27,90.4,385,385,51.4,693,4.0,61,119.0,172,26.94
1800-11-20 14:29:02,3323.0,7,1,198.0,995.1,185.0,140,27,90.3,385,385,51.5,692,4.0,61,120.7,172,
1800-11-20 14:29:04,3325.0,7,1,198.0,995.1,187.0,140,28,90.6,385,385,52.0,695,4.0,61,120.0,172,
1800-11-20 14:29:06,3327.0,7,1,194.0,995.2,191.0,144,28,90.4,385,385,52.0,694,4.0,61,120.4,172,
1800-11-20 14:29:08,3329.0,7,1,193.0,995.2,191.0,146,27,90.5,385,385,53.0,695,4.0,61,124.1,172,
1800-11-20 14:29:10,3331.0,7,1,192.0,995.0,191.0,146,28,91.5,385,385,57.7,704,4.0,61,128.8,171,25.12
1800-11-20 14:29:12,3333.0,7,1,192.0,994.8,191.0,144,28,91.8,385,385,57.9,710,4.1,61,129.2,171,
1800-11-20 14:29:14,3335.0,7,1,194.0,994.5,191.0,144,28,92.0,385,385,58.6,712,4.1,61,130.3,171,
1800-11-20 14:29:16,3337.0,7,1,197.0,994.1,189.0,144,28,92.2,385,384,61.1,715,4.1,61,133.7,171,
1800-11-20 14:29:18,3339.0,7,1,198.0,993.9,189.0,144,28,92.3,385,384,62.9,717,4.1,62,133.1,171,
1800-11-20 14:29:20,3341.0,7,1,202.0,993.4,193.0,146,28,92.2,385,385,62.8,716,4.1,62,132.5,171,25.14
1800-11-20 14:29:22,3343.0,7,1,206.0,993.2,198.0,150,28,92.0,385,385,59.0,714,4.1,62,125.8,171,
1800-11-20 14:29:24,3345.0,7,1,210.0,992.6,198.0,150,28,90.8,385,385,53.0,699,4.0,62,121.4,171,
1800-11-20 14:29:26,3347.0,7,1,215.0,992.1,198.0,150,28,90.7,385,385,53.3,699,3.9,62,120.8,171,
1800-11-20 14:29:28,3349.0,7,1,221.0,991.8,198.0,150,28,90.8,385,385,53.6,698,3.9,62,122.8,171,
1800-11-20 14:29:30,3351.0,7,1,227.0,991.6,196.0,148,28,90.9,385,385,53.5,699,4.0,62,121.5,171,24.49
1800-11-20 14:29:32,3353.0,7,1,232.0,991.4,191.0,142,27,90.9,385,385,53.6,699,4.0,62,122.7,171,
1800-11-20 14:29:34,3355.0,7,1,234.0,991.1,191.0,142,28,90.9,385,385,53.8,701,4.0,62,122.7,171,
1800-11-20 14:29:36,3357.0,7,1,236.0,991.0,189.0,144,28,91.2,385,385,54.0,701,4.0,62,122.5,171,
1800-11-20 14:29:38,3359.0,7,1,237.0,990.8,185.0,144,28,91.2,385,385,53.8,701,4.0,62,122.4,171,
1800-11-20 14:29:40,3361.0,7,1,237.0,990.8,185.0,138,28,90.9,385,385,53.5,698,4.0,62,121.7,170,25.87
1800-11-20 14:29:42,3363.0,7,1,237.0,990.8,183.0,142,28,90.9,386,385,53.0,696,4.0,62,120.5,170,
1800-11-20 14:29:44,3365.0,7,1,238.0,990.5,183.0,146,28,90.5,385,385,51.8,692,4.0,62,120.1,170,
1800-11-20 14:29:46,3367.0,7,1,239.0,990.5,181.0,144,27,90.7,386,385,52.2,694,4.0,62,119.5,170,
1800-11-20 14:29:48,3369.0,7,1,243.0,990.5,176.0,142,27,90.5,386,385,51.3,691,3.9,62,118.4,170,
1800-11-20 14:29:50,3371.0,7,1,244.0,990.4,172.0,140,27,90.5,386,385,51.5,690,3.9,62,119.5,170,25.66
1800-11-20 14:29:52,3373.0,7,1,247.0,990.4,163.0,133,27,90.7,386,386,51.4,693,4.0,62,119.5,170,
1800-11-20 14:29:54,3375.0,7,1,249.0,990.3,154.0,131,27,90.6,386,386,51.7,692,3.9,62,119.2,170,
1800-11-20 14:29:56,3377.0,7,1,251.0,990.1,148.0,131,27,90.5,386,385,51.1,691,3.9,62,119.2,170,
1800-11-20 14:29:58,3379.0,7,1,252.0,990.1,139.0,131,27,90.5,386,385,50.8,690,3.9,63,117.6,170,
1800-11-20 14:30:00,3381.0,7,1,249.0,990.3,131.0,129,27,90.2,386,386,50.0,688,3.9,63,117.0,170,25.13
1800-11-20 14:30:02,3383.0,7,1,245.0,990.4,124.0,131,27,90.0,387,386,48.9,685,3.9,63,115.9,170,
1800-11-20 14:30:04,3385.0,7,1,244.0,990.4,117.0,133,27,90.1,386,386,48.9,684,3.9,63,116.8,170,
1800-11-20 14:30:06,3387.0,7,1,242.0,990.3,113.0,131,27,90.0,387,386,48.3,684,3.9,63,115.3,170,
1800-11-20 14:30:08,3389.0,7,1,242.0,990.4,113.0,135,27,90.0,386,386,48.8,683,3.9,63,115.8,169,
1800-11-20 14:30:10,3391.0,7,1,242.0,990.0,115.0,140,27,90.1,386,385,49.3,681,3.9,63,118.6,169,25.76
1800-11-20 14:30:12,3393.0,7,1,241.0,990.1,117.0,148,27,90.4,386,385,50.2,687,3.9,63,118.0,169,
1800-11-20 14:30:14,3395.0,7,1,239.0,990.1,124.0,148,27,90.4,385,385,51.2,686,3.9,63,122.1,169,
1800-11-20 14:30:16,3397.0,7,1,237.0,990.4,131.0,155,28,91.1,385,385,53.2,696,4.0,63,120.3,169,
1800-11-20 14:30:18,3399.0,7,1,234.0,990.6,133.0,155,28,91.2,385,385,54.0,695,3.9,63,125.7,169,
1800-11-20 14:30:20,3401.0,7,1,230.0,990.7,139.0,159,27,91.7,385,385,55.7,702,4.0,63,127.2,169,25.68
1800-11-20 14:30:22,3403.0,7,1,226.0,991.1,143.0,161,27,91.9,386,385,56.7,705,4.0,64,126.9,169,
1800-11-20 14:30:24,3405.0,7,1,223.0,991.2,144.0,161,28,91.8,386,385,56.5,706,4.0,64,127.4,169,
1800-11-20 14:30:26,3407.0,7,1,219.0,991.5,146.0,162,28,91.9,385,385,58.1,708,4.0,64,129.8,169,
1800-11-20 14:30:28,3409.0,7,1,217.0,991.4,146.0,170,28,92.2,385,385,58.1,712,4.1,63,129.9,169,
1800-11-20 14:30:30,3411.0,7,1,214.0,991.7,146.0,168,28,92.2,385,385,60.1,713,4.1,63,130.1,169,24.86
1800-11-20 14:30:32,3413.0,7,1,210.0,992.1,144.0,168,28,92.2,385,385,58.9,711,4.1,63,131.1,169,
1800-11-20 14:30:34,3415.0,7,1,207.0,992.4,144.0,168,28,92.4,385,385,59.3,716,4.1,63,131.0,169,
1800-11-20 14:30:36,3417.0,7,1,203.0,992.9,146.0,172,28,92.5,385,385,62.3,718,4.1,63,134.6,169,
1800-11-20 14:30:38,3419.0,7,1,199.0,993.3,146.0,179,28,92.2,386,386,59.1,716,4.1,63,129.5,168,
1800-11-20 14:30:40,3421.0,7,1,195.0,993.8,144.0,179,28,92.1,386,385,57.5,715,4.0,63,127.5,168,25.86
1800-11-20 14:30:42,3423.0,7,1,191.0,994.3,146.0,183,28,91.3,386,386,55.0,708,4.0,63,125.3,168,
1800-11-20 14:30:44,3425.0,7,1,186.0,994.8,144.0,179,28,91.2,386,386,54.3,706,4.0,63,124.4,168,
1800-11-20 14:30:46,3427.0,7,1,182.0,994.9,144.0,175,28,91.8,386,385,56.6,710,4.0,63,126.8,168,
1800-11-20 14:30:48,3429.0,7,1,178.0,995.0,144.0,177,28,91.0,386,386,53.1,704,4.0,63,121.6,168,
1800-11-20 14:30:50,3431.0,7,1,175.0,995.3,144.0,175,28,91.5,385,385,57.0,708,4.0,63,132.3,168,25.24
1800-11-20 14:30:52,3433.0,7,1,171.0,995.5,143.0,177,28,92.4,386,385,63.6,721,4.1,63,134.6,168,
1800-11-20 14:30:54,3435.0,7,1,167.0,996.0,144.0,177,28,92.4,386,386,62.8,720,4.1,63,134.4,168,
1800-11-20 14:30:56,3437.0,7,1,164.0,996.5,144.0,181,28,92.5,386,386,62.5,721,4.1,63,133.6,168,
1800-11-20 14:30:58,3439.0,7,1,161.0,996.7,146.0,183,28,92.2,387,386,62.6,720,4.1,63,134.9,168,
1800-11-20 14:31:00,3441.0,7,1,158.0,997.0,146.0,187,28,92.7,387,386,64.1,724,4.1,62,136.5,167,25.86
1800-11-20 14:31:02,3443.0,7,1,155.0,997.6,148.0,185,28,92.6,387,386,63.9,725,4.2,62,135.2,167,
1800-11-20 14:31:04,3445.0,7,1,151.0,998.1,148.0,185,28,92.4,387,386,62.5,722,4.1,62,133.3,167,
1800-11-20 14:31:06,3447.0,7,1,148.0,998.5,148.0,181,28,92.3,386,386,62.7,722,4.1,62,134.0,167,
1800-11-20 14:31:08,3449.0,7,1,145.0,999.0,148.0,174,28,92.2,386,386,59.5,720,4.1,62,130.4,167,
1800-11-20 14:31:10,3451.0,7,1,145.0,998.7,150.0,177,28,92.5,385,385,60.2,721,4.1,62,132.9,167,25.2
1800-11-20 14:31:12,3453.0,7,1,144.0,998.7,148.0,175,28,92.2,385,385,59.3,721,4.1,62,129.6,167,
1800-11-20 14:31:14,3455.0,7,1,144.0,998.6,148.0,175,28,91.5,385,385,56.2,712,4.0,62,128.3,167,
1800-11-20 14:31:16,3457.0,7,1,144.0,998.9,146.0,174,28,91.8,385,385,56.2,714,4.0,62,124.7,167,
1800-11-20 14:31:18,3459.0,7,1,143.0,999.0,146.0,174,28,91.9,385,385,57.1,711,4.0,62,127.1,167,
1800-11-20 14:31:20,3461.0,7,1,141.0,999.3,144.0,174,28,90.7,385,385,52.1,702,3.9,62,123.7,167,25.59
1800-11-20 14:31:22,3463.0,7,1,140.0,999.4,146.0,174,28,91.7,385,385,57.0,712,4.0,62,128.3,167,
1800-11-20 14:31:24,3465.0,7,1,140.0,999.5,146.0,168,28,91.7,386,386,55.3,709,4.0,62,125.7,166,
1800-11-20 14:31:26,3467.0,7,1,141.0,998.7,146.0,170,28,91.4,386,386,55.0,708,4.0,62,124.9,166,
1800-11-20 14:31:28,3469.0,7,1,143.0,998.4,144.0,170,28,92.1,386,385,60.1,712,4.0,62,134.9,166,
1800-11-20 14:31:30,3471.0,7,1,147.0,997.4,143.0,172,28,92.4,385,386,61.4,719,4.1,62,133.4,166,25.73
1800-11-20 14:31:32,3473.0,7,1,154.0,996.4,139.0,166,28,92.4,385,385,59.9,718,4.1,62,131.9,166,
1800-11-20 14:31:34,3475.0,7,1,161.0,996.1,137.0,161,28,92.6,385,385,60.9,721,4.1,62,134.0,166,
1800-11-20 14:31:36,3477.0,7,1,167.0,995.7,137.0,164,28,92.1,385,385,58.8,717,4.1,62,129.8,166,
1800-11-20 14:31:38,3479.0,7,1,173.0,995.5,137.0,164,28,92.5,385,385,60.3,718,4.1,62,132.7,166,
1800-11-20 14:31:40,3481.0,7,1,176.0,994.8,137.0,164,28,92.7,385,385,60.7,723,4.1,62,132.2,166,25.78
1800-11-20 14:31:42,3483.0,7,1,180.0,994.6,135.0,166,28,92.6,385,385,60.7,722,4.1,62,133.4,166,
1800-11-20 14:31:44,3485.0,7,1,183.0,994.6,135.0,161,28,92.4,385,385,61.7,722,4.1,62,130.8,166,
1800-11-20 14:31:46,3487.0,7,1,184.0,994.5,133.0,162,28,92.4,385,385,63.0,720,4.1,62,138.3,166,
1800-11-20 14:31:48,3489.0,7,1,184.0,994.4,131.0,161,28,92.5,385,385,63.7,723,4.1,62,136.4,165,
1800-11-20 14:31:50,3491.0,7,1,184.0,993.8,128.0,166,28,93.4,386,385,69.5,733,4.2,62,144.1,165,25.84
1800-11-20 14:31:52,3493.0,7,1,186.0,993.4,128.0,162,28,93.6,386,386,70.5,738,4.2,62,143.3,165,
1800-11-20 14:31:54,3495.0,7,1,194.0,992.7,130.0,161,28,93.3,386,386,68.3,735,4.2,62,139.2,165,
1800-11-20 14:31:56,3497.0,7,1,201.0,992.2,131.0,164,28,93.1,386,385,67.1,733,4.2,62,138.8,165,
1800-11-20 14:31:58,3499.0,7,1,206.0,991.7,130.0,161,28,93.1,385,385,67.6,730,4.2,62,141.5,165,
1800-11-20 14:32:00,3501.0,7,1,211.0,991.4,130.0,161,28,93.2,386,385,68.5,733,4.2,62,137.9,165,25.75
1800-11-20 14:32:02,3503.0,7,1,215.0,990.9,126.0,157,28,92.8,385,385,66.0,728,4.2,62,138.9,165,
1800-11-20 14:32:04,3505.0,7,1,219.0,990.1,126.0,157,28,94.0,385,385,72.9,739,4.2,62,149.2,165,
1800-11-20 14:32:06,3507.0,7,1,224.0,989.6,126.0,162,28,94.0,386,386,73.4,747,4.3,62,145.5,165,
1800-11-20 14:32:08,3509.0,7,1,231.0,989.1,128.0,161,28,93.6,385,385,70.2,741,4.2,62,141.7,165,
1800-11-20 14:32:10,3511.0,7,1,237.0,988.9,128.0,159,27,93.0,386,385,68.0,735,4.2,62,137.5,165,25.81
1800-11-20 14:32:12,3513.0,7,1,241.0,988.6,128.0,153,28,92.9,386,385,66.5,731,4.1,62,136.5,165,
1800-11-20 14:32:14,3515.0,7,1,245.0,988.0,128.0,157,27,92.7,385,385,66.1,728,4.1,62,137.4,165,
1800-11-20 14:32:16,3517.0,7,1,249.0,987.5,128.0,155,27,92.9,385,385,66.3,731,4.2,62,137.3,165,
1800-11-20 14:32:18,3519.0,7,1,254.0,986.9,128.0,155,27,92.7,385,386,65.3,728,4.1,62,135.4,164,
1800-11-20 14:32:20,3521.0,7,1,258.0,986.2,126.0,153,27,92.5,385,385,65.0,727,4.1,62,135.0,164,25.77
1800-11-20 14:32:22,3523.0,7,1,263.0,985.3,124.0,146,27,92.7,385,385,65.1,726,4.1,62,136.2,164,
1800-11-20 14:32:24,3525.0,7,1,270.0,984.5,122.0,153,27,92.7,386,385,65.1,728,4.1,62,134.8,164,
1800-11-20 14:32:26,3527.0,7,1,277.0,984.2,122.0,148,27,92.4,386,385,63.6,724,4.1,62,132.7,164,
1800-11-20 14:32:28,3529.0,7,1,283.0,983.4,120.0,151,27,92.6,385,385,66.2,725,4.1,62,138.2,164,
1800-11-20 14:32:30,3531.0,7,1,288.0,983.3,120.0,150,27,93.0,385,385,67.3,731,4.1,62,140.7,164,25.66
1800-11-20 14:32:32,3533.0,7,1,292.0,982.9,122.0,150,27,93.9,385,385,72.5,741,4.2,62,145.0,164,
1800-11-20 14:32:34,3535.0,7,1,295.0,982.5,124.0,153,27,93.8,385,385,71.5,742,4.2,62,143.9,164,
1800-11-20 14:32:36,3537.0,7,1,299.0,982.3,126.0,150,27,93.4,386,386,68.3,737,4.2,62,138.2,164,
1800-11-20 14:32:38,3539.0,7,1,302.0,981.5,126.0,148,27,93.1,385,385,67.7,734,4.2,62,139.1,164,
1800-11-20 14:32:40,3541.0,7,1,305.0,981.0,130.0,157,27,93.1,385,385,68.2,735,4.2,62,138.5,163,25.62
1800-11-20 14:32:42,3543.0,7,1,310.0,980.5,130.0,157,27,93.2,386,385,67.3,735,4.2,62,137.5,163,
1800-11-20 14:32:44,3545.0,7,1,313.0,980.3,131.0,155,27,93.2,385,385,69.0,734,4.2,62,141.9,163,
1800-11-20 14:32:46,3547.0,7,1,315.0,980.0,131.0,153,27,93.8,385,385,71.9,741,4.2,62,144.8,163,
1800-11-20 14:32:48,3549.0,7,1,317.0,980.1,131.0,153,27,93.6,386,385,70.7,743,4.2,62,140.4,163,
1800-11-20 14:32:50,3551.0,7,1,319.0,979.4,133.0,151,27,92.9,386,385,66.4,735,4.2,63,137.7,163,25.88
1800-11-20 14:32:52,3553.0,7,1,322.0,978.8,135.0,161,27,93.3,385,385,68.2,738,4.2,63,138.5,163,
1800-11-20 14:32:54,3555.0,7,1,326.0,978.5,135.0,162,27,93.0,386,385,66.4,734,4.1,63,137.0,163,
1800-11-20 14:32:56,3557.0,7,1,329.0,978.0,137.0,159,27,93.0,386,385,66.6,733,4.2,63,137.7,163,
1800-11-20 14:32:58,3559.0,7,1,332.0,978.0,137.0,159,27,93.1,386,385,66.4,733,4.2,63,136.3,163,
1800-11-20 14:33:00,3561.0,7,1,335.0,977.6,137.0,155,27,92.9,386,385,67.4,731,4.1,63,138.6,163,25.7
1800-11-20 14:33:02,3563.0,7,1,338.0,977.2,137.0,159,26,92.8,386,386,65.8,732,4.1,63,133.8,162,
1800-11-20 14:33:04,3565.0,7,1,340.0,976.7,137.0,162,27,92.5,386,386,63.5,728,4.1,62,132.5,162,
1800-11-20 14:33:06,3567.0,6,1,344.0,976.1,137.0,164,27,92.4,386,385,62.3,725,4.1,62,130.1,162,
1800-11-20 14:33:08,3569.0,6,1,349.0,975.7,135.0,162,27,92.5,385,385,63.1,724,4.1,62,134.6,162,
1800-11-20 14:33:10,3571.0,6,1,354.0,975.7,135.0,161,26,92.4,386,385,62.8,724,4.1,62,130.8,162,25.59
1800-11-20 14:33:12,3573.0,6,1,356.0,975.4,135.0,161,26,92.9,386,385,66.4,728,4.1,62,138.4,162,
1800-11-20 14:33:14,3575.0,6,1,358.0,974.6,135.0,159,26,92.8,385,386,64.8,728,4.1,62,134.7,162,
1800-11-20 14:33:16,3577.0,6,1,361.0,974.0,135.0,166,26,93.1,386,385,66.7,731,4.2,62,136.5,162,
1800-11-20 14:33:18,3579.0,6,1,365.0,973.8,133.0,161,26,93.0,386,386,65.4,730,4.2,62,135.2,162,
1800-11-20 14:33:20,3581.0,6,1,368.0,973.6,131.0,161,26,92.8,386,385,66.1,730,4.2,62,137.1,162,25.84
1800-11-20 14:33:22,3583.0,6,1,371.0,973.5,131.0,155,26,93.1,386,385,66.3,732,4.2,62,136.1,161,
1800-11-20 14:33:24,3585.0,6,1,373.0,973.5,131.0,157,26,93.1,386,386,67.1,732,4.2,62,137.6,161,
1800-11-20 14:33:26,3587.0,6,1,375.0,972.9,131.0,157,26,93.1,386,386,66.1,731,4.2,62,135.7,161,
1800-11-20 14:33:28,3589.0,6,1,378.0,972.5,133.0,159,26,93.0,386,385,66.9,730,4.2,62,137.4,161,
1800-11-20 14:33:30,3591.0,6,1,381.0,972.1,133.0,162,26,93.0,386,386,65.5,731,4.1,62,135.3,161,25.68
1800-11-20 14:33:32,3593.0,6,1,383.0,972.0,131.0,161,26,93.1,386,385,65.9,731,4.1,62,135.2,161,
1800-11-20 14:33:34,3595.0,6,1,386.0,971.9,131.0,157,26,92.9,386,386,64.8,728,4.1,62,134.0,161,
1800-11-20 14:33:36,3597.0,6,1,389.0,971.6,131.0,159,26,92.9,386,386,64.7,729,4.1,62,133.8,161,
1800-11-20 14:33:38,3599.0,6,1,391.0,971.6,131.0,159,26,92.9,386,385,66.3,729,4.1,62,138.1,161,
1800-11-20 14:33:40,3601.0,6,1,395.0,971.4,131.0,162,26,93.4,386,385,67.7,734,4.2,62,137.5,161,25.78
1800-11-20 14:33:42,3603.0,6,1,395.0,971.6,135.0,164,26,93.2,386,386,67.7,733,4.2,62,138.4,160,
1800-11-20 14:33:44,3605.0,6,1,393.0,971.8,139.0,170,26,93.2,386,385,66.5,734,4.2,62,136.7,160,
1800-11-20 14:33:46,3607.0,6,1,391.0,972.3,141.0,162,26,92.5,386,386,63.2,727,4.1,62,129.5,160,
1800-11-20 14:33:48,3609.0,6,1,390.0,971.8,141.0,172,26,92.5,384,384,61.7,723,4.1,62,133.1,160,
1800-11-20 14:33:50,3611.0,6,1,388.0,972.3,144.0,170,26,92.2,386,385,59.2,722,4.0,62,127.2,160,25.59
1800-11-20 14:33:52,3613.0,6,1,385.0,972.3,146.0,172,26,92.3,385,385,58.9,721,4.0,62,129.3,160,
1800-11-20 14:33:54,3615.0,6,1,383.0,972.6,148.0,172,26,92.4,385,385,61.6,722,4.1,62,131.3,160,
1800-11-20 14:33:56,3617.0,6,1,381.0,973.1,146.0,166,26,92.3,386,386,58.7,722,4.0,62,127.2,160,
1800-11-20 14:33:58,3619.0,6,1,379.0,973.3,146.0,166,26,91.9,386,385,57.4,719,4.0,62,124.7,160,
1800-11-20 14:34:00,3621.0,6,1,379.0,972.9,150.0,174,26,91.5,385,385,55.2,710,4.0,62,123.0,160,25.73
1800-11-20 14:34:02,3623.0,6,1,378.0,973.2,150.0,174,26,91.6,386,385,56.7,711,4.0,62,128.0,159,
1800-11-20 14:34:04,3625.0,6,1,376.0,973.6,152.0,168,26,92.2,386,386,58.5,720,4.1,62,128.1,159,
1800-11-20 14:34:06,3627.0,6,1,376.0,973.3,152.0,175,26,91.8,386,385,56.9,715,4.0,62,126.2,159,
1800-11-20 14:34:08,3629.0,6,1,375.0,973.5,154.0,177,26,92.1,386,385,58.2,716,4.0,62,127.9,159,
1800-11-20 14:34:10,3631.0,6,1,374.0,974.0,152.0,177,26,91.5,386,386,54.9,712,4.0,62,123.1,159,26.71
1800-11-20 14:34:12,3633.0,6,1,372.0,974.1,154.0,179,26,92.2,385,385,58.9,717,4.0,62,129.8,159,
1800-11-20 14:34:14,3635.0,6,1,368.0,974.5,152.0,179,26,92.3,386,386,59.2,719,4.1,62,131.3,159,
1800-11-20 14:34:16,3637.0,6,1,367.0,975.0,154.0,177,26,92.4,386,386,61.7,721,4.1,62,131.0,159,
1800-11-20 14:34:18,3639.0,6,1,365.0,975.3,150.0,174,26,92.2,386,386,59.6,720,4.1,62,128.8,159,
1800-11-20 14:34:20,3641.0,6,1,364.0,975.5,150.0,174,26,92.5,386,385,59.9,720,4.1,62,131.3,159,25.63
1800-11-20 14:34:22,3643.0,6,1,362.0,975.6,154.0,175,26,92.5,386,385,60.1,720,4.1,62,129.7,159,
1800-11-20 14:34:24,3645.0,6,1,360.0,975.8,154.0,177,26,92.2,386,386,61.1,720,4.1,62,129.9,159,
1800-11-20 14:34:26,3647.0,6,1,358.0,976.0,154.0,175,26,92.2,386,386,59.7,718,4.1,62,129.4,158,
1800-11-20 14:34:28,3649.0,6,1,356.0,976.3,152.0,175,26,92.2,386,385,58.7,718,4.1,61,129.4,158,
1800-11-20 14:34:30,3651.0,6,1,354.0,976.2,152.0,177,26,92.1,386,385,58.3,717,4.1,61,127.8,158,26.05
1800-11-20 14:34:32,3653.0,6,1,352.0,976.3,150.0,177,26,92.3,386,386,58.4,720,4.1,61,128.6,158,
1800-11-20 14:34:34,3655.0,6,1,350.0,976.5,150.0,177,26,92.2,386,386,58.2,719,4.1,61,128.3,158,
1800-11-20 14:34:36,3657.0,6,1,349.0,976.6,148.0,172,26,92.1,386,385,58.2,718,4.1,61,127.3,158,
1800-11-20 14:34:38,3659.0,6,1,348.0,976.5,146.0,174,26,92.1,385,385,59.4,715,4.1,61,129.9,158,
1800-11-20 14:34:40,3661.0,6,1,348.0,976.8,144.0,172,26,92.3,386,386,60.3,718,4.1,61,131.9,158,26.23
1800-11-20 14:34:42,3663.0,6,1,348.0,976.9,144.0,172,26,92.2,386,386,61.5,718,4.1,61,129.3,158,
1800-11-20 14:34:44,3665.0,6,1,348.0,977.0,143.0,172,26,92.2,386,386,60.6,717,4.1,61,130.8,158,
1800-11-20 14:34:46,3667.0,6,1,346.0,977.2,143.0,166,26,92.2,386,386,60.2,717,4.1,61,129.1,158,
1800-11-20 14:34:48,3669.0,6,1,344.0,977.0,144.0,168,26,92.3,385,385,61.0,718,4.1,61,130.0,157,
1800-11-20 14:34:50,3671.0,6,1,343.0,977.2,144.0,170,26,92.2,386,386,58.6,717,4.1,61,128.0,157,25.59
1800-11-20 14:34:52,3673.0,6,1,342.0,977.1,144.0,172,26,91.6,386,386,56.0,710,4.1,61,124.0,157,
1800-11-20 14:34:54,3675.0,6,1,341.0,977.4,143.0,168,26,91.7,386,385,56.1,709,4.0,61,124.9,157,
1800-11-20 14:34:56,3677.0,6,1,339.0,977.6,141.0,168,26,91.6,386,386,55.7,709,4.0,61,124.2,157,
1800-11-20 14:34:58,3679.0,6,1,337.0,977.9,141.0,166,26,91.5,386,386,55.6,709,4.0,61,124.5,157,
1800-11-20 14:35:00,3681.0,6,1,333.0,978.5,144.0,170,26,91.8,386,386,55.7,709,4.0,61,124.7,157,25.84
1800-11-20 14:35:02,3683.0,6,1,329.0,978.9,144.0,172,26,91.7,386,386,56.3,709,4.0,61,126.5,157,
1800-11-20 14:35:04,3685.0,6,1,326.0,979.3,148.0,172,26,92.0,386,386,56.7,713,4.1,61,125.1,157,
1800-11-20 14:35:06,3687.0,6,1,322.0,979.5,150.0,172,26,91.7,386,385,56.4,709,4.0,61,126.1,157,
1800-11-20 14:35:08,3689.0,6,1,319.0,980.0,150.0,170,26,91.9,386,386,57.3,712,4.1,61,127.2,157,
1800-11-20 14:35:10,3691.0,6,1,316.0,980.2,152.0,170,26,91.9,385,385,57.9,712,4.1,61,127.7,157,24.97
1800-11-20 14:35:12,3693.0,6,1,313.0,980.3,152.0,172,26,91.8,385,385,57.1,711,4.1,61,127.9,156,
1800-11-20 14:35:14,3695.0,6,1,310.0,980.5,154.0,175,26,92.2,386,385,58.9,716,4.1,61,128.5,156,
1800-11-20 14:35:16,3697.0,6,1,307.0,980.9,154.0,175,26,92.3,386,385,58.6,718,4.1,61,128.9,156,
1800-11-20 14:35:18,3699.0,6,1,304.0,981.1,154.0,175,27,91.9,386,386,57.2,713,4.1,61,126.4,156,
1800-11-20 14:35:20,3701.0,6,1,302.0,981.4,154.0,175,27,91.9,386,385,57.0,713,4.1,61,126.2,156,25.72
1800-11-20 14:35:22,3703.0,6,1,299.0,981.8,154.0,174,27,91.6,386,386,55.5,710,4.0,61,125.0,156,
1800-11-20 14:35:24,3705.0,6,1,296.0,982.2,154.0,174,27,91.8,386,386,57.0,710,4.0,61,127.6,156,
1800-11-20 14:35:26,3707.0,6,1,293.0,982.7,156.0,174,27,91.6,386,385,56.3,710,4.0,61,125.3,156,
1800-11-20 14:35:28,3709.0,6,1,290.0,982.7,156.0,177,27,91.5,386,386,54.6,708,4.0,61,123.3,156,
1800-11-20 14:35:30,3711.0,7,1,286.0,983.3,157.0,177,27,91.2,385,386,54.4,704,4.0,61,124.0,156,26.77
1800-11-20 14:35:32,3713.0,7,1,281.0,983.8,159.0,177,27,91.3,386,385,55.1,706,4.0,61,124.2,156,
1800-11-20 14:35:34,3715.0,7,1,276.0,984.3,159.0,179,27,91.4,386,386,55.3,706,4.0,61,124.7,155,
1800-11-20 14:35:36,3717.0,7,1,272.0,984.8,161.0,181,27,91.1,386,386,53.9,704,4.0,61,124.1,155,
1800-11-20 14:35:38,3719.0,7,1,268.0,985.3,161.0,179,27,91.5,387,386,54.9,708,4.1,61,124.3,155,
1800-11-20 14:35:40,3721.0,7,1,264.0,985.6,163.0,181,27,91.5,386,386,55.0,707,4.0,61,125.4,155,25.73
1800-11-20 14:35:42,3723.0,7,1,260.0,985.9,163.0,183,27,91.8,386,386,57.2,709,4.1,61,128.3,155,
1800-11-20 14:35:44,3725.0,7,1,256.0,986.3,165.0,185,27,91.9,386,386,56.6,712,4.1,61,126.6,155,
1800-11-20 14:35:46,3727.0,7,1,252.0,987.0,165.0,185,27,91.7,386,386,55.7,709,4.1,61,124.8,155,
1800-11-20 14:35:48,3729.0,7,1,247.0,987.4,167.0,187,27,91.6,386,386,55.6,707,4.1,61,126.1,155,
1800-11-20 14:35:50,3731.0,7,1,242.0,987.9,167.0,185,27,91.7,386,386,56.7,710,4.1,61,128.3,155,25.8
1800-11-20 14:35:52,3733.0,7,1,237.0,988.6,169.0,187,27,92.0,387,386,57.3,713,4.1,61,127.8,155,
1800-11-20 14:35:54,3735.0,7,1,231.0,989.1,170.0,187,27,91.8,387,386,56.7,711,4.1,60,126.4,155,
1800-11-20 14:35:56,3737.0,7,1,226.0,989.6,170.0,188,27,91.7,386,386,55.5,709,4.0,60,125.3,155,
1800-11-20 14:35:58,3739.0,7,1,220.0,990.3,172.0,187,27,91.4,387,386,54.8,708,4.0,60,124.3,154,
1800-11-20 14:36:00,3741.0,7,1,215.0,990.7,172.0,192,27,91.4,387,386,54.2,707,4.1,60,123.1,154,25.61
1800-11-20 14:36:02,3743.0,7,1,210.0,991.3,172.0,188,27,91.2,386,386,54.5,705,4.0,60,126.4,154,
1800-11-20 14:36:04,3745.0,7,1,206.0,991.8,170.0,192,27,92.2,386,386,58.4,714,4.1,60,129.9,154,
1800-11-20 14:36:06,3747.0,7,1,202.0,992.2,170.0,192,27,92.3,386,386,61.5,717,4.1,60,135.4,154,
1800-11-20 14:36:08,3749.0,7,1,197.0,992.7,170.0,194,27,92.7,387,386,64.3,723,4.2,60,135.2,154,
1800-11-20 14:36:10,3751.0,7,1,191.0,993.4,174.0,192,27,92.5,387,386,63.3,721,4.2,60,135.9,154,26.82
1800-11-20 14:36:12,3753.0,7,1,186.0,994.0,174.0,192,28,92.4,387,387,63.3,723,4.2,60,133.2,154,
1800-11-20 14:36:14,3755.0,7,1,184.0,994.3,176.0,194,28,92.4,387,387,62.6,722,4.2,60,134.4,154,
1800-11-20 14:36:16,3757.0,7,1,182.0,994.9,180.0,194,28,92.3,387,386,62.5,722,4.2,60,134.6,154,
1800-11-20 14:36:18,3759.0,7,1,181.0,995.1,180.0,194,28,93.1,387,386,67.7,730,4.2,60,140.7,154,
1800-11-20 14:36:20,3761.0,7,1,180.0,995.5,181.0,196,28,93.1,387,386,66.5,732,4.2,60,138.8,154,25.6
1800-11-20 14:36:22,3763.0,7,1,178.0,995.9,183.0,194,28,93.0,387,386,66.2,732,4.2,60,140.8,153,
1800-11-20 14:36:24,3765.0,7,1,176.0,996.1,183.0,196,28,93.6,387,386,70.3,740,4.3,60,143.5,153,
1800-11-20 14:36:26,3767.0,7,1,174.0,996.2,185.0,198,28,94.0,387,386,72.7,744,4.3,60,151.9,153,
1800-11-20 14:36:28,3769.0,7,1,174.0,996.2,187.0,200,28,94.5,387,387,75.7,756,4.4,60,148.8,153,
1800-11-20 14:36:30,3771.0,7,1,173.0,996.5,189.0,198,28,93.8,387,387,71.4,747,4.3,60,145.0,153,25.57
1800-11-20 14:36:32,3773.0,7,1,172.0,996.5,189.0,201,28,93.7,387,387,70.4,746,4.3,60,144.5,153,
1800-11-20 14:36:34,3775.0,7,1,171.0,996.6,191.0,201,28,94.0,387,386,71.7,750,4.3,60,145.0,153,
1800-11-20 14:36:36,3777.0,7,1,170.0,996.8,191.0,201,28,93.6,387,386,69.6,746,4.3,60,143.2,153,
1800-11-20 14:36:38,3779.0,7,1,169.0,997.0,191.0,200,28,93.7,387,386,70.6,747,4.3,60,144.3,153,
1800-11-20 14:36:40,3781.0,7,1,168.0,997.1,191.0,198,28,93.7,387,386,70.2,747,4.3,60,143.8,152,26.33
1800-11-20 14:36:42,3783.0,7,1,167.0,997.2,191.0,201,28,93.8,387,386,70.3,748,4.3,60,143.9,152,
1800-11-20 14:36:44,3785.0,7,1,167.0,997.3,191.0,203,28,93.9,387,386,71.5,750,4.3,60,146.4,152,
1800-11-20 14:36:46,3787.0,7,1,166.0,997.4,191.0,201,28,94.2,387,386,72.7,752,4.3,60,146.4,152,
1800-11-20 14:36:48,3789.0,7,1,166.0,997.5,191.0,200,28,93.8,387,386,70.4,750,4.3,60,143.7,152,
1800-11-20 14:36:50,3791.0,7,1,165.0,997.7,191.0,200,28,93.6,387,386,69.3,748,4.3,59,142.0,152,25.22
1800-11-20 14:36:52,3793.0,7,1,163.0,997.8,191.0,198,28,93.3,387,386,67.8,744,4.3,59,140.0,152,
1800-11-20 14:36:54,3795.0,7,1,162.0,998.0,189.0,200,28,93.4,387,386,68.5,744,4.3,59,141.9,152,
1800-11-20 14:36:56,3797.0,7,1,162.0,998.0,189.0,198,28,93.4,387,386,67.8,744,4.3,59,139.8,152,
1800-11-20 14:36:58,3799.0,7,1,163.0,997.7,185.0,194,28,93.2,386,386,66.9,741,4.3,59,139.2,152,
1800-11-20 14:37:00,3801.0,7,1,164.0,997.7,185.0,194,28,93.1,386,386,66.7,739,4.3,59,138.5,152,25.92
1800-11-20 14:37:02,3803.0,7,1,166.0,997.7,183.0,194,28,93.2,386,386,67.6,739,4.3,59,140.2,152,
1800-11-20 14:37:04,3805.0,7,1,168.0,997.9,183.0,196,28,93.7,386,386,71.6,744,4.3,59,148.8,151,
1800-11-20 14:37:06,3807.0,7,1,168.0,998.1,187.0,196,28,94.4,387,387,74.2,758,4.4,59,148.2,151,
1800-11-20 14:37:08,3809.0,7,1,169.0,998.2,187.0,196,28,94.0,387,386,72.7,753,4.3,59,148.0,151,
1800-11-20 14:37:10,3811.0,7,1,169.0,998.2,191.0,196,28,94.0,387,387,72.4,755,4.3,59,145.5,151,25.74
1800-11-20 14:37:12,3813.0,7,1,169.0,998.3,193.0,198,28,94.0,387,386,73.7,753,4.3,59,150.3,151,
1800-11-20 14:37:14,3815.0,7,1,167.0,998.3,194.0,196,28,94.0,387,387,72.5,756,4.3,59,145.5,151,
1800-11-20 14:37:16,3817.0,7,1,167.0,997.9,194.0,188,28,93.4,387,387,69.2,747,4.3,59,142.5,151,
1800-11-20 14:37:18,3819.0,7,1,168.0,996.8,187.0,185,28,93.9,387,386,71.4,750,4.3,59,144.9,151,
1800-11-20 14:37:20,3821.0,7,1,175.0,995.2,180.0,174,28,93.7,386,386,70.3,748,4.3,59,142.5,151,25.63
1800-11-20 14:37:22,3823.0,7,1,187.0,993.8,174.0,172,28,93.6,386,386,69.7,745,4.3,59,141.7,151,
1800-11-20 14:37:24,3825.0,7,1,198.0,992.5,169.0,168,28,94.4,386,385,76.5,751,4.3,59,155.4,151,
1800-11-20 14:37:26,3827.0,6,1,209.0,991.1,167.0,170,28,94.9,387,386,78.4,765,4.4,59,152.5,151,
1800-11-20 14:37:28,3829.0,6,1,220.0,990.1,167.0,170,28,94.6,387,386,76.1,760,4.4,59,149.3,151,
1800-11-20 14:37:30,3831.0,6,1,228.0,989.4,167.0,168,27,94.3,386,386,74.5,755,4.3,59,147.4,151,25.68
1800-11-20 14:37:32,3833.0,6,1,236.0,988.7,167.0,166,27,94.2,386,386,73.7,754,4.3,59,146.6,151,
1800-11-20 14:37:34,3835.0,6,1,243.0,988.1,167.0,170,27,94.0,386,386,73.1,753,4.3,59,145.5,150,
1800-11-20 14:37:36,3837.0,6,1,250.0,987.6,167.0,168,27,94.0,386,386,72.2,752,4.3,59,144.4,150,
1800-11-20 14:37:38,3839.0,6,1,256.0,986.9,167.0,166,27,93.9,386,386,72.0,750,4.3,59,145.5,150,
1800-11-20 14:37:40,3841.0,6,1,261.0,986.1,167.0,170,27,94.5,386,386,76.2,755,4.3,59,152.4,150,25.77
1800-11-20 14:37:42,3843.0,6,1,268.0,985.5,169.0,168,27,94.9,387,386,77.9,763,4.4,59,152.3,150,
1800-11-20 14:37:44,3845.0,6,1,274.0,984.7,170.0,172,27,94.7,387,386,76.4,762,4.4,60,149.5,150,
1800-11-20 14:37:46,3847.0,6,1,281.0,984.1,172.0,174,27,94.4,387,386,74.5,758,4.3,60,147.0,150,
1800-11-20 14:37:48,3849.0,6,1,286.0,983.7,172.0,174,27,94.2,387,386,73.1,756,4.3,60,145.5,150,
1800-11-20 14:37:50,3851.0,6,1,292.0,983.1,174.0,175,27,94.1,387,386,72.7,754,4.3,60,144.9,150,25.79
1800-11-20 14:37:52,3853.0,6,1,297.0,982.6,174.0,174,27,94.0,386,386,72.3,753,4.3,60,144.3,150,
1800-11-20 14:37:54,3855.0,6,1,301.0,982.2,174.0,175,27,94.1,386,386,72.8,753,4.3,60,146.3,149,
1800-11-20 14:37:56,3857.0,6,1,305.0,981.8,174.0,175,27,94.3,387,386,73.6,757,4.3,60,146.7,149,
1800-11-20 14:37:58,3859.0,6,1,307.0,981.3,174.0,179,27,94.3,387,386,75.6,758,4.3,60,151.0,149,
1800-11-20 14:38:00,3861.0,6,1,308.0,981.0,176.0,179,27,94.8,387,387,77.6,766,4.4,60,151.3,149,25.17
1800-11-20 14:38:02,3863.0,6,1,306.0,980.5,180.0,181,27,94.6,387,387,75.9,763,4.4,60,148.7,149,
1800-11-20 14:38:04,3865.0,6,1,305.0,980.2,180.0,181,27,94.5,387,386,74.7,760,4.3,60,147.4,149,
1800-11-20 14:38:06,3867.0,6,1,305.0,980.0,183.0,181,27,94.2,387,386,73.0,758,4.3,60,145.2,149,
1800-11-20 14:38:08,3869.0,6,1,304.0,979.8,185.0,181,27,94.0,387,386,72.1,755,4.3,60,144.6,149,
1800-11-20 14:38:10,3871.0,6,1,304.0,979.5,185.0,183,27,94.3,387,386,74.3,757,4.3,60,148.3,149,25.41
1800-11-20 14:38:12,3873.0,6,1,305.0,979.4,185.0,185,27,94.3,387,387,73.5,759,4.3,60,145.8,149,
1800-11-20 14:38:14,3875.0,6,1,306.0,978.9,187.0,183,26,94.3,387,386,73.1,758,4.3,60,145.6,148,
1800-11-20 14:38:16,3877.0,6,1,310.0,978.2,185.0,181,26,94.2,387,386,72.8,757,4.3,60,145.1,148,
1800-11-20 14:38:18,3879.0,6,1,316.0,977.6,181.0,179,26,94.4,387,386,75.3,759,4.3,60,149.8,148,
1800-11-20 14:38:20,3881.0,6,1,323.0,976.7,180.0,177,26,94.5,387,386,74.7,761,4.3,60,147.5,148,26.51
1800-11-20 14:38:22,3883.0,6,1,333.0,975.9,178.0,177,26,94.5,387,386,74.4,760,4.3,60,147.1,148,
1800-11-20 14:38:24,3885.0,6,1,341.0,975.5,176.0,177,26,94.2,387,386,73.4,757,4.3,60,145.0,148,
1800-11-20 14:38:26,3887.0,6,1,349.0,974.8,178.0,175,26,94.1,387,386,72.2,754,4.3,60,143.1,148,
1800-11-20 14:38:28,3889.0,6,1,355.0,974.4,178.0,172,26,94.1,387,386,71.9,753,4.3,60,143.2,148,
1800-11-20 14:38:30,3891.0,6,1,360.0,974.0,178.0,174,26,93.8,387,386,71.0,751,4.3,60,141.5,148,24.68
1800-11-20 14:38:32,3893.0,6,1,365.0,973.5,178.0,175,26,93.7,387,386,70.3,750,4.3,60,140.7,148,
1800-11-20 14:38:34,3895.0,6,1,371.0,973.0,178.0,177,26,93.7,386,386,70.3,749,4.3,60,141.4,148,
1800-11-20 14:38:36,3897.0,6,1,374.0,972.7,181.0,175,26,93.7,386,386,69.4,747,4.3,60,139.8,148,
1800-11-20 14:38:38,3899.0,6,1,378.0,972.2,180.0,177,26,94.1,387,386,73.9,752,4.3,60,148.4,147,
1800-11-20 14:38:40,3901.0,6,1,382.0,971.6,181.0,179,26,94.5,387,386,75.1,760,4.3,60,147.3,147,25.84
1800-11-20 14:38:42,3903.0,6,1,385.0,971.4,185.0,183,26,94.4,387,387,73.8,758,4.3,60,145.8,147,
1800-11-20 14:38:44,3905.0,6,1,388.0,971.1,187.0,185,26,94.2,387,387,73.0,757,4.3,60,145.2,147,
1800-11-20 14:38:46,3907.0,6,1,390.0,970.5,187.0,183,26,94.1,387,386,71.8,754,4.3,60,142.9,147,
1800-11-20 14:38:48,3909.0,6,1,394.0,970.3,187.0,183,26,94.0,387,386,71.1,754,4.3,60,142.6,147,
1800-11-20 14:38:50,3911.0,6,1,397.0,970.1,185.0,183,26,93.9,387,386,70.8,751,4.3,60,141.3,147,25.0
1800-11-20 14:38:52,3913.0,6,1,400.0,969.6,185.0,181,26,93.9,387,386,72.8,752,4.3,60,147.0,147,
1800-11-20 14:38:54,3915.0,6,1,401.0,969.4,185.0,183,26,94.3,387,387,73.2,757,4.3,60,144.8,147,
1800-11-20 14:38:56,3917.0,6,1,404.0,969.2,185.0,183,26,94.0,387,386,71.1,753,4.3,60,141.7,146,
1800-11-20 14:38:58,3919.0,6,1,408.0,969.0,185.0,183,26,93.7,387,386,69.6,750,4.3,60,140.4,146,
1800-11-20 14:39:00,3921.0,6,1,410.0,968.8,187.0,181,26,93.7,387,386,69.7,749,4.3,60,140.0,146,26.45
1800-11-20 14:39:02,3923.0,7,1,411.0,968.6,187.0,181,26,93.5,387,386,68.5,747,4.3,60,138.4,146,
1800-11-20 14:39:04,3925.0,7,1,413.0,968.2,187.0,183,26,93.3,386,386,67.4,742,4.2,60,137.1,146,
1800-11-20 14:39:06,3927.0,7,1,415.0,968.1,187.0,183,26,93.2,386,386,66.7,741,4.2,60,136.5,146,
1800-11-20 14:39:08,3929.0,7,1,417.0,968.0,187.0,181,26,93.0,386,386,66.2,738,4.2,60,136.2,146,
1800-11-20 14:39:10,3931.0,7,1,419.0,967.7,187.0,181,26,93.4,386,386,68.3,741,4.2,60,139.0,146,25.61
1800-11-20 14:39:12,3933.0,7,1,421.0,967.6,187.0,183,26,93.3,386,386,67.3,741,4.2,60,136.4,146,
1800-11-20 14:39:14,3935.0,7,1,422.0,967.5,187.0,179,25,93.1,387,386,66.6,740,4.2,60,136.1,146,
1800-11-20 14:39:16,3937.0,7,1,424.0,967.3,187.0,183,25,93.2,387,386,66.2,739,4.2,60,135.5,145,
1800-11-20 14:39:18,3939.0,7,1,426.0,967.2,187.0,185,25,93.1,386,386,66.5,739,4.2,60,137.4,145,
1800-11-20 14:39:20,3941.0,7,1,428.0,967.1,187.0,183,25,93.3,386,386,67.1,741,4.2,60,137.4,145,25.79
1800-11-20 14:39:22,3943.0,7,1,430.0,967.0,187.0,183,25,93.3,387,386,66.7,741,4.2,60,136.3,145,
1800-11-20 14:39:24,3945.0,7,1,430.0,967.0,189.0,181,25,93.2,386,386,66.3,739,4.2,59,136.2,145,
1800-11-20 14:39:26,3947.0,7,1,429.0,966.9,189.0,183,25,93.1,386,386,66.4,739,4.2,59,135.7,145,
1800-11-20 14:39:28,3949.0,7,1,430.0,966.9,189.0,185,25,93.3,387,386,67.7,740,4.2,59,138.8,145,
1800-11-20 14:39:30,3951.0,7,1,429.0,966.9,189.0,185,25,93.4,387,386,68.0,743,4.2,59,137.8,145,25.71
1800-11-20 14:39:32,3953.0,7,1,427.0,966.9,189.0,185,25,93.4,387,386,67.4,741,4.2,59,137.7,145,
1800-11-20 14:39:34,3955.0,7,1,427.0,967.0,191.0,187,25,93.2,387,386,66.8,739,4.2,59,136.4,145,
1800-11-20 14:39:36,3957.0,7,1,426.0,967.0,191.0,185,25,93.3,387,386,66.2,739,4.2,59,135.7,145,
1800-11-20 14:39:38,3959.0,7,1,426.0,966.9,191.0,185,25,93.1,387,386,65.9,738,4.2,59,135.1,144,
1800-11-20 14:39:40,3961.0,7,1,426.0,966.8,191.0,187,25,93.1,387,386,65.8,737,4.2,59,135.2,144,25.81
1800-11-20 14:39:42,3963.0,7,1,426.0,966.8,189.0,183,26,93.1,387,386,65.7,736,4.2,59,134.9,144,
1800-11-20 14:39:44,3965.0,7,1,427.0,966.3,187.0,183,26,93.0,387,386,65.4,736,4.2,59,134.6,144,
1800-11-20 14:39:46,3967.0,7,1,428.0,966.0,187.0,183,25,92.9,387,386,65.0,735,4.2,59,133.7,144,
1800-11-20 14:39:48,3969.0,7,1,431.0,965.7,183.0,179,25,92.9,387,386,64.5,733,4.2,59,133.1,144,
1800-11-20 14:39:50,3971.0,7,1,435.0,965.1,181.0,177,25,92.8,387,386,64.4,733,4.2,59,132.6,144,25.85
1800-11-20 14:39:52,3973.0,7,1,439.0,964.7,180.0,175,25,92.9,386,386,64.5,732,4.2,59,132.7,144,
1800-11-20 14:39:54,3975.0,7,1,444.0,964.3,178.0,174,25,92.8,387,386,64.0,730,4.2,59,132.2,144,
1800-11-20 14:39:56,3977.0,7,1,448.0,963.8,178.0,174,25,92.8,387,386,64.0,730,4.2,59,132.2,144,
1800-11-20 14:39:58,3979.0,7,1,452.0,963.6,174.0,172,25,92.7,387,386,64.0,730,4.2,59,132.0,144,
1800-11-20 14:40:00,3981.0,7,1,457.0,963.0,174.0,170,25,92.7,386,386,63.9,729,4.2,59,132.1,144,25.82
1800-11-20 14:40:02,3983.0,7,1,461.0,962.5,172.0,168,25,92.8,386,386,64.3,729,4.2,59,132.5,144,
1800-11-20 14:40:04,3985.0,7,1,465.0,962.4,172.0,170,25,92.8,386,386,64.3,729,4.2,59,132.4,143,
1800-11-20 14:40:06,3987.0,6,1,468.0,962.1,172.0,170,25,92.7,386,386,63.8,728,4.2,59,131.8,143,
1800-11-20 14:40:08,3989.0,6,1,470.0,962.0,172.0,172,25,92.6,387,386,63.5,728,4.2,59,130.9,143,
1800-11-20 14:40:10,3991.0,6,1,471.0,961.9,174.0,170,25,92.6,386,386,63.0,727,4.2,59,130.1,143,26.02
1800-11-20 14:40:12,3993.0,6,1,474.0,961.5,174.0,170,25,92.5,386,386,62.5,725,4.2,59,129.3,143,
1800-11-20 14:40:14,3995.0,6,1,478.0,961.3,176.0,168,25,92.4,386,386,62.4,725,4.2,59,130.1,143,
1800-11-20 14:40:16,3997.0,6,1,481.0,961.1,176.0,170,25,92.3,386,386,61.8,724,4.2,59,128.6,143,
1800-11-20 14:40:18,3999.0,6,1,484.0,960.8,176.0,166,25,92.3,387,386,61.5,723,4.2,59,128.2,143,
1800-11-20 14:40:20,4001.0,6,1,488.0,960.7,178.0,166,25,92.2,386,386,61.4,722,4.2,59,129.0,143,25.83
1800-11-20 14:40:22,4003.0,6,1,491.0,960.6,180.0,168,25,92.2,386,386,61.1,722,4.1,59,127.7,143,
1800-11-20 14:40:24,4005.0,6,1,493.0,960.4,181.0,168,25,92.2,386,386,60.7,721,4.1,59,127.7,143,
1800-11-20 14:40:26,4007.0,6,1,494.0,960.4,183.0,170,25,92.1,387,386,60.6,720,4.2,59,127.4,142,
1800-11-20 14:40:28,4009.0,6,1,495.0,960.3,183.0,170,25,92.1,387,386,60.5,719,4.1,59,127.2,142,
1800-11-20 14:40:30,4011.0,6,1,495.0,960.2,183.0,170,25,92.1,387,386,60.5,719,4.1,59,127.2,142,25.84
1800-11-20 14:40:32,4013.0,6,1,495.0,960.2,183.0,170,25,92.1,386,386,61.5,719,4.1,59,129.2,142,
1800-11-20 14:40:34,4015.0,6,1,495.0,960.2,183.0,170,25,92.2,387,386,61.2,721,4.2,59,128.6,142,
1800-11-20 14:40:36,4017.0,6,1,496.0,960.0,183.0,170,25,92.2,387,386,61.1,720,4.2,59,128.3,142,
1800-11-20 14:40:38,4019.0,6,1,497.0,960.1,183.0,172,25,92.2,387,386,61.0,720,4.2,59,127.7,142,
1800-11-20 14:40:40,4021.0,6,1,496.0,960.2,181.0,172,25,92.1,387,386,60.1,719,4.1,59,126.6,142,25.84
1800-11-20 14:40:42,4023.0,6,1,495.0,960.3,183.0,175,25,92.1,386,386,58.9,718,4.1,59,127.3,142,
1800-11-20 14:40:44,4025.0,6,1,494.0,960.5,181.0,172,25,92.2,386,386,58.4,720,4.1,59,126.0,142,
1800-11-20 14:40:46,4027.0,6,1,492.0,960.6,181.0,177,25,92.3,386,386,59.1,720,4.1,59,128.1,142,
1800-11-20 14:40:48,4029.0,6,1,490.0,960.8,181.0,179,25,92.4,386,386,59.3,723,4.1,59,128.3,141,
1800-11-20 14:40:50,4031.0,6,1,488.0,961.1,180.0,175,25,92.5,386,386,59.4,724,4.1,59,128.9,141,25.84
1800-11-20 14:40:52,4033.0,6,1,487.0,961.2,180.0,179,25,92.2,386,386,60.3,721,4.1,59,127.9,141,
1800-11-20 14:40:54,4035.0,6,1,484.0,961.4,178.0,183,25,92.2,387,386,60.9,721,4.1,59,129.2,141,
1800-11-20 14:40:56,4037.0,6,1,481.0,961.6,178.0,183,25,92.2,387,386,61.0,723,4.2,59,128.4,141,
1800-11-20 14:40:58,4039.0,6,1,477.0,961.9,176.0,183,26,92.2,387,386,60.4,722,4.2,59,128.3,141,
1800-11-20 14:41:00,4041.0,6,1,474.0,962.2,174.0,183,26,92.2,387,387,60.0,721,4.2,59,127.1,141,25.72
1800-11-20 14:41:02,4043.0,6,1,472.0,962.3,174.0,181,26,92.3,386,386,59.3,721,4.2,59,128.6,141,
1800-11-20 14:41:04,4045.0,6,1,470.0,962.5,172.0,183,26,92.4,386,386,59.3,724,4.2,59,128.5,141,
1800-11-20 14:41:06,4047.0,6,1,467.0,962.7,172.0,183,26,92.5,386,386,59.6,726,4.2,59,129.4,141,
1800-11-20 14:41:08,4049.0,6,1,465.0,962.9,170.0,181,26,92.2,386,386,60.5,723,4.2,59,128.7,141,
1800-11-20 14:41:10,4051.0,6,1,464.0,962.9,169.0,181,26,92.3,386,386,60.8,724,4.2,59,128.7,141,25.64
1800-11-20 14:41:12,4053.0,6,1,463.0,963.0,169.0,181,26,92.2,387,386,60.7,723,4.2,59,128.2,140,
1800-11-20 14:41:14,4055.0,6,1,463.0,963.1,167.0,181,26,92.2,386,386,60.0,722,4.1,59,128.8,140,
1800-11-20 14:41:16,4057.0,6,1,462.0,963.2,167.0,179,26,92.2,386,386,59.9,723,4.1,59,128.4,140,
1800-11-20 14:41:18,4059.0,6,1,461.0,963.4,167.0,179,26,92.5,386,386,59.7,725,4.2,59,128.9,140,
1800-11-20 14:41:20,4061.0,6,1,460.0,963.5,167.0,179,26,92.2,386,386,59.8,722,4.2,59,128.1,140,25.69
1800-11-20 14:41:22,4063.0,6,1,458.0,963.8,167.0,183,26,92.3,386,386,59.3,723,4.1,59,129.5,140,
1800-11-20 14:41:24,4065.0,6,1,457.0,963.9,167.0,179,26,92.5,386,386,62.2,724,4.2,59,131.8,140,
1800-11-20 14:41:26,4067.0,6,1,457.0,963.8,167.0,174,26,92.7,387,386,63.8,726,4.2,59,131.4,140,
1800-11-20 14:41:28,4069.0,6,1,457.0,963.6,165.0,174,26,92.1,387,386,60.5,720,4.2,59,127.5,140,
1800-11-20 14:41:30,4071.0,6,1,458.0,963.4,165.0,175,26,92.1,386,386,60.9,719,4.2,59,129.2,140,25.79
1800-11-20 14:41:32,4073.0,6,1,460.0,963.4,163.0,172,26,92.2,386,386,61.3,722,4.2,59,129.8,140,
1800-11-20 14:41:34,4075.0,6,1,461.0,963.2,163.0,177,26,92.3,386,386,61.5,723,4.2,59,129.2,140,
1800-11-20 14:41:36,4077.0,6,1,463.0,963.1,165.0,175,26,92.4,386,386,62.9,723,4.2,59,132.1,140,
1800-11-20 14:41:38,4079.0,6,1,463.0,963.1,165.0,177,26,92.5,386,386,62.8,725,4.2,59,130.4,139,
1800-11-20 14:41:40,4081.0,6,1,462.0,963.5,167.0,179,26,92.2,386,386,60.9,721,4.2,59,128.0,139,25.8
1800-11-20 14:41:42,4083.0,6,1,459.0,963.7,167.0,179,26,92.1,386,386,60.7,721,4.2,59,128.0,139,
1800-11-20 14:41:44,4085.0,6,1,457.0,963.9,169.0,183,26,92.1,386,386,59.4,720,4.1,59,127.9,139,
1800-11-20 14:41:46,4087.0,6,1,455.0,964.2,170.0,183,26,92.1,386,386,58.4,721,4.1,59,126.4,139,
1800-11-20 14:41:48,4089.0,7,1,452.0,964.6,170.0,183,26,91.0,386,386,52.9,711,4.0,59,113.9,139,
1800-11-20 14:41:50,4091.0,7,1,447.0,965.3,170.0,183,26,88.8,387,386,43.7,684,3.9,59,105.8,139,25.77
1800-11-20 14:41:52,4093.0,7,1,441.0,966.3,169.0,181,26,88.3,387,386,42.2,671,3.8,59,104.2,139,
1800-11-20 14:41:54,4095.0,7,1,434.0,967.2,169.0,179,26,87.6,387,387,38.5,662,3.7,59,97.0,138,
1800-11-20 14:41:56,4097.0,7,1,425.0,968.5,169.0,177,26,85.4,388,387,31.3,640,3.6,59,90.1,138,
1800-11-20 14:41:58,4099.0,7,1,415.0,969.7,167.0,175,26,84.8,388,388,29.8,629,3.6,59,89.8,138,
1800-11-20 14:42:00,4101.0,7,1,405.0,970.8,165.0,172,26,84.9,388,388,29.7,628,3.6,59,90.6,138,25.94
1800-11-20 14:42:02,4103.0,7,1,395.0,971.9,165.0,172,26,85.4,388,387,31.3,630,3.6,59,93.1,138,
1800-11-20 14:42:04,4105.0,7,1,386.0,972.9,165.0,172,26,85.8,387,387,33.1,634,3.7,59,94.4,138,
1800-11-20 14:42:06,4107.0,7,1,377.0,973.8,165.0,168,26,85.6,388,387,31.6,632,3.7,59,92.6,138,
1800-11-20 14:42:08,4109.0,7,1,368.0,974.9,163.0,164,26,85.3,388,387,30.6,626,3.6,59,92.6,138,
1800-11-20 14:42:10,4111.0,7,1,359.0,975.7,161.0,164,26,85.3,387,387,30.8,625,3.6,59,91.0,138,25.75
1800-11-20 14:42:12,4113.0,7,1,351.0,976.4,159.0,159,26,85.1,388,387,30.3,624,3.6,59,91.1,138,
1800-11-20 14:42:14,4115.0,7,1,345.0,977.0,159.0,155,27,84.8,387,387,29.3,620,3.6,59,89.7,138,
1800-11-20 14:42:16,4117.0,7,1,340.0,977.8,161.0,150,27,84.0,387,387,26.6,610,3.5,59,85.0,138,
1800-11-20 14:42:18,4119.0,7,1,334.0,978.6,159.0,144,27,83.1,388,387,23.9,603,3.5,59,81.9,138,
1800-11-20 14:42:20,4121.0,7,1,326.0,979.7,163.0,150,27,82.4,388,388,22.2,596,3.4,59,81.2,138,25.54
1800-11-20 14:42:22,4123.0,7,1,319.0,980.7,163.0,144,27,83.0,388,388,24.2,599,3.4,59,86.0,138,
1800-11-20 14:42:24,4125.0,7,1,310.0,981.6,165.0,146,27,83.6,388,388,25.1,605,3.5,59,85.0,138,
1800-11-20 14:42:26,4127.0,7,1,300.0,982.4,169.0,144,27,83.4,387,387,24.5,602,3.5,59,85.5,138,
1800-11-20 14:42:28,4129.0,7,1,291.0,983.4,170.0,144,27,83.8,387,387,26.0,605,3.5,59,86.6,138,
1800-11-20 14:42:30,4131.0,7,1,283.0,984.6,172.0,137,27,84.3,387,387,28.0,608,3.5,59,89.8,138,25.74
1800-11-20 14:42:32,4133.0,7,1,273.0,985.5,176.0,138,27,84.5,387,387,28.1,609,3.6,59,89.8,138,
1800-11-20 14:42:34,4135.0,7,1,263.0,986.5,180.0,140,27,84.3,387,387,27.4,607,3.6,59,87.7,138,
1800-11-20 14:42:36,4137.0,7,1,253.0,987.8,181.0,135,27,83.2,387,387,23.3,597,3.4,60,80.1,138,
1800-11-20 14:42:38,4139.0,7,1,245.0,988.7,181.0,133,27,81.4,388,387,19.5,584,3.4,60,77.3,138,
1800-11-20 14:42:40,4141.0,7,1,236.0,989.8,178.0,137,27,81.5,388,388,19.4,585,3.3,60,78.3,138,25.72
1800-11-20 14:42:42,4143.0,7,1,226.0,991.1,174.0,137,27,81.4,389,388,19.7,583,3.3,60,80.9,137,
1800-11-20 14:42:44,4145.0,7,1,217.0,991.9,174.0,144,27,82.0,388,389,20.2,590,3.4,60,79.6,137,
1800-11-20 14:42:46,4147.0,7,1,207.0,993.0,172.0,140,28,83.4,387,387,25.9,600,3.4,60,89.3,137,
1800-11-20 14:42:48,4149.0,7,1,196.0,994.3,169.0,135,28,83.1,387,387,23.0,595,3.4,60,83.0,137,
1800-11-20 14:42:50,4151.0,7,1,187.0,995.5,163.0,140,28,84.2,387,387,27.4,602,3.4,60,89.5,137,25.62
1800-11-20 14:42:52,4153.0,7,1,177.0,996.5,159.0,146,28,82.7,388,388,22.4,590,3.4,60,83.7,137,
1800-11-20 14:42:54,4155.0,7,1,168.0,997.6,154.0,146,28,84.0,388,387,26.3,602,3.5,61,88.6,137,
1800-11-20 14:42:56,4157.0,7,1,158.0,998.8,152.0,142,28,83.6,387,387,25.1,598,3.5,61,86.3,137,
1800-11-20 14:42:58,4159.0,7,1,149.0,1000.3,144.0,142,28,84.4,387,387,28.0,604,3.5,61,91.3,137,
1800-11-20 14:43:00,4161.0,7,1,139.0,1001.3,139.0,144,28,83.5,388,388,23.7,597,3.5,61,82.8,137,25.15
1800-11-20 14:43:02,4163.0,7,1,129.0,1002.5,130.0,144,28,83.3,388,388,24.6,594,3.5,61,88.5,137,
1800-11-20 14:43:04,4165.0,7,1,119.0,1003.5,122.0,140,28,83.6,388,387,25.3,598,3.5,61,85.8,137,
1800-11-20 14:43:06,4167.0,7,1,112.0,1004.5,120.0,133,28,83.3,388,388,24.3,596,3.5,61,85.5,137,
1800-11-20 14:43:08,4169.0,7,1,105.0,1005.4,111.0,120,28,82.8,388,388,21.8,591,3.4,61,81.1,137,
1800-11-20 14:43:10,4171.0,7,1,99.0,1006.0,106.0,116,28,81.9,387,388,20.7,584,3.3,61,82.7,137,25.63
1800-11-20 14:43:12,4173.0,7,1,93.0,1006.5,100.0,116,29,82.9,386,386,24.0,594,3.4,61,88.2,137,
1800-11-20 14:43:14,4175.0,7,1,88.0,1007.0,94.0,105,29,84.8,387,386,28.8,608,3.5,61,89.3,137,
1800-11-20 14:43:16,4177.0,7,1,84.0,1007.6,93.0,111,29,82.7,386,386,22.7,590,3.4,61,85.6,137,
1800-11-20 14:43:18,4179.0,7,1,79.0,1007.9,87.0,114,29,84.9,386,386,30.8,609,3.5,61,96.3,137,
1800-11-20 14:43:20,4181.0,7,1,74.0,1008.5,83.0,107,29,85.2,386,386,29.9,612,3.6,61,91.8,137,25.55
1800-11-20 14:43:22,4183.0,7,1,69.0,1008.9,80.0,100,29,84.5,386,386,28.5,605,3.6,61,92.2,137,
1800-11-20 14:43:24,4185.0,7,1,66.0,1009.6,76.0,96,29,84.6,386,386,28.6,605,3.6,61,90.8,137,
1800-11-20 14:43:26,4187.0,7,1,62.0,1010.0,74.0,85,29,84.5,386,386,28.5,604,3.5,62,92.7,136,
1800-11-20 14:43:28,4189.0,7,1,59.0,1010.5,67.0,77,29,84.3,385,386,26.7,605,3.5,62,87.6,136,
1800-11-20 14:43:30,4191.0,7,1,56.0,1010.8,65.0,87,29,85.0,385,385,30.4,610,3.5,62,94.1,136,26.07
1800-11-20 14:43:32,4193.0,7,1,53.0,1011.1,59.0,77,29,84.3,386,386,27.5,606,3.5,62,90.7,136,
1800-11-20 14:43:34,4195.0,7,1,51.0,1011.7,56.0,77,29,84.6,385,385,29.8,609,3.5,62,95.8,136,
1800-11-20 14:43:36,4197.0,7,1,51.0,1011.9,54.0,59,29,85.4,385,385,31.1,617,3.6,62,94.1,136,
1800-11-20 14:43:38,4199.0,7,1,51.0,1012.3,44.0,51,29,86.4,385,385,34.7,624,3.6,63,100.5,136,
1800-11-20 14:43:40,4201.0,7,1,51.0,1012.6,37.0,37,29,86.0,385,385,32.4,622,3.6,63,94.9,136,26.11
1800-11-20 14:43:42,4203.0,7,1,51.0,1013.1,30.0,22,29,86.2,384,384,35.3,624,3.6,63,103.1,136,
1800-11-20 14:43:44,4205.0,7,1,49.0,1013.3,22.0,14,29,88.3,384,384,44.3,645,3.7,63,117.1,136,
1800-11-20 14:43:46,4207.0,7,1,45.0,1013.6,19.0,7,29,90.0,383,383,50.9,670,3.9,64,122.8,136,
1800-11-20 14:43:48,4209.0,7,1,42.0,1013.9,13.0,0,29,91.1,384,383,55.1,684,4.0,64,129.4,136,
1800-11-20 14:43:50,4211.0,10,1,40.0,1013.9,11.0,0,30,91.7,386,385,58.3,694,4.1,64,135.1,136,25.79
1800-11-20 14:43:52,4213.0,10,1,38.0,1013.8,6.0,0,30,92.4,388,386,66.4,707,4.1,65,144.2,136,
1800-11-20 14:43:54,4215.0,10,1,36.0,1013.8,6.0,5,30,92.8,391,389,66.9,717,4.1,65,140.3,136,
1800-11-20 14:43:56,4217.0,10,1,36.0,1013.8,6.0,5,30,92.5,392,392,66.0,714,4.1,66,143.1,136,
1800-11-20 14:43:58,4219.0,10,1,36.0,1013.8,11.0,1,30,92.5,393,393,65.3,719,4.1,66,137.9,136,
1800-11-20 14:44:00,4221.0,10,1,36.0,1013.7,17.0,5,30,91.9,394,394,61.8,715,4.0,67,137.2,136,25.68
1800-11-20 14:44:02,4223.0,10,1,37.0,1013.7,17.0,5,30,92.5,394,394,65.1,722,4.0,67,139.8,136,
1800-11-20 14:44:04,4225.0,10,1,37.0,1013.7,20.0,5,30,92.0,394,394,60.9,720,4.0,68,135.9,136,
1800-11-20 14:44:06,4227.0,10,1,38.0,1013.8,19.0,0,30,91.8,394,394,59.7,719,3.9,68,133.0,136,
1800-11-20 14:44:08,4229.0,10,1,39.0,1013.9,13.0,1,30,92.1,393,393,61.9,719,3.9,68,138.0,136,
1800-11-20 14:44:10,4231.0,10,1,41.0,1014.0,11.0,3,30,92.1,393,393,60.9,719,3.9,69,136.8,136,25.56
1800-11-20 14:44:12,4233.0,10,1,41.0,1014.1,7.0,0,30,92.6,394,393,62.5,723,4.0,69,136.3,136,
1800-11-20 14:44:14,4235.0,10,1,42.0,1014.5,6.0,0,30,92.6,393,393,61.3,720,4.0,69,136.2,136,
1800-11-20 14:44:16,4237.0,10,1,43.0,1015.2,4.0,0,31,92.9,394,394,66.0,727,4.0,69,141.4,135,
1800-11-20 14:44:18,4239.0,10,0,44.0,1014.8,0.0,0,31,91.0,394,395,50.2,711,3.7,70,110.5,135,
1800-11-20 14:44:20,4241.0,4,0,44.0,1013.7,0.0,0,31,83.2,385,387,22.1,631,3.1,70,71.4,135,25.64
1800-11-20 14:44:22,4243.0,4,0,44.0,1013.6,0.0,0,31,77.7,375,377,15.2,580,2.8,70,71.7,135,
1800-11-20 14:44:24,4245.0,4,0,41.0,1013.8,0.0,0,31,78.9,372,372,17.8,597,2.9,70,74.1,135,
1800-11-20 14:44:26,4247.0,4,0,39.0,1013.8,0.0,0,31,79.8,372,372,19.2,596,3.0,70,75.5,135,
1800-11-20 14:44:28,4249.0,4,0,37.0,1013.8,2.0,0,31,76.8,364,367,11.9,574,2.6,71,49.8,135,
1800-11-20 14:44:30,4251.0,3,0,35.0,1013.8,2.0,0,31,66.9,339,344,5.2,516,2.1,71,52.3,135,25.5
1800-11-20 14:44:32,4253.0,2,0,34.0,1013.8,2.0,0,31,67.8,320,324,7.3,556,2.2,71,52.4,135,
1800-11-20 14:44:34,4255.0,2,0,32.0,1013.8,2.0,0,31,67.8,303,307,8.3,558,2.2,71,53.2,135,
1800-11-20 14:44:36,4257.0,2,0,30.0,1013.8,4.0,0,31,67.9,293,295,9.2,556,2.2,72,53.2,135,
1800-11-20 14:44:38,4259.0,2,0,28.0,1013.8,0.0,0,31,67.8,286,288,9.8,554,2.2,72,53.2,135,
1800-11-20 14:44:40,4261.0,2,0,26.0,1013.7,0.0,0,31,67.9,281,282,10.1,553,2.2,73,53.7,135,24.55
1800-11-20 14:44:42,4263.0,2,0,24.0,1013.9,2.0,0,31,67.9,278,278,10.5,554,2.2,73,53.7,135,
1800-11-20 14:44:44,4265.0,2,0,24.0,1013.7,2.0,0,31,67.9,275,275,10.8,552,2.2,74,53.7,135,
1800-11-20 14:44:46,4267.0,2,0,24.0,1013.7,2.0,1,31,67.9,273,273,11.0,550,2.2,74,53.7,135,
1800-11-20 14:44:48,4269.0,2,0,24.0,1013.8,2.0,0,31,67.9,272,272,11.2,547,2.2,74,53.7,135,
1800-11-20 14:44:50,4271.0,2,0,23.0,1013.8,2.0,1,31,67.9,271,271,11.3,546,2.1,75,53.7,135,25.54
1800-11-20 14:44:52,4273.0,2,0,21.0,1013.8,4.0,1,31,67.9,270,270,11.3,545,2.1,75,53.7,135,
1800-11-20 14:44:54,4275.0,2,0,21.0,1013.8,4.0,1,31,67.9,269,269,11.3,544,2.1,76,53.7,135,
1800-11-20 14:44:56,4277.0,2,0,21.0,1013.8,4.0,3,31,67.9,269,269,11.4,543,2.1,76,53.7,134,
1800-11-20 14:44:58,4279.0,2,0,21.0,1013.8,4.0,0,31,67.9,268,268,11.5,543,2.1,77,53.7,134,
1800-11-20 14:45:00,4281.0,2,0,20.0,1013.9,4.0,0,31,67.9,268,268,11.5,543,2.1,77,53.7,134,25.29
1800-11-20 14:45:02,4283.0,2,0,20.0,1013.7,2.0,0,31,67.9,268,267,11.6,541,2.1,77,53.7,134,
1800-11-20 14:45:04,4285.0,2,0,20.0,1013.7,2.0,0,31,67.9,267,267,11.5,541,2.1,77,53.8,134,
1800-11-20 14:45:06,4287.0,2,0,21.0,1013.7,0.0,0,31,67.9,267,267,11.4,540,2.1,78,53.2,134,
1800-11-20 14:45:08,4289.0,2,0,23.0,1013.7,0.0,0,31,67.9,266,266,11.7,537,2.1,78,53.3,134,
1800-11-20 14:45:10,4291.0,2,0,24.0,1013.7,2.0,1,31,67.9,266,266,11.6,536,2.1,78,53.7,134,26.7
1800-11-20 14:45:12,4293.0,2,0,24.0,1013.8,0.0,3,31,67.9,266,266,11.6,539,2.1,78,53.8,134,
1800-11-20 14:45:14,4295.0,2,0,25.0,1013.8,0.0,3,31,67.9,266,266,11.6,540,2.1,78,54.2,134,
1800-11-20 14:45:16,4297.0,2,0,25.0,1013.8,0.0,0,31,67.9,266,266,11.7,545,2.1,79,54.2,134,
1800-11-20 14:45:18,4299.0,2,0,27.0,1013.7,0.0,0,31,67.9,266,266,11.6,546,2.1,79,54.1,134,
1800-11-20 14:45:20,4301.0,2,0,29.0,1013.8,0.0,0,31,67.9,266,266,11.7,545,2.1,79,54.2,134,25.56
1800-11-20 14:45:22,4303.0,2,0,29.0,1013.7,2.0,0,31,67.9,266,266,11.6,545,2.1,79,53.9,134,
1800-11-20 14:45:24,4305.0,2,0,28.0,1013.7,0.0,1,31,67.9,266,266,11.6,545,2.1,79,54.2,134,
1800-11-20 14:45:26,4307.0,2,0,27.0,1013.8,2.0,0,31,67.9,266,266,11.5,546,2.1,79,54.1,134,
1800-11-20 14:45:28,4309.0,2,0,26.0,1013.7,0.0,3,31,67.9,266,266,11.5,547,2.1,79,54.1,134,
1800-11-20 14:45:30,4311.0,2,0,26.0,1013.7,2.0,0,31,67.9,266,265,11.5,546,2.1,79,54.0,134,25.58
1800-11-20 14:45:32,4313.0,2,0,25.0,1013.8,2.0,0,31,67.9,266,265,11.7,545,2.1,79,53.8,134,
1800-11-20 14:45:34,4315.0,2,0,24.0,1013.7,2.0,0,31,67.9,265,265,11.6,543,2.1,78,53.7,134,
1800-11-20 14:45:36,4317.0,2,0,24.0,1013.7,2.0,0,31,67.9,265,265,11.5,543,2.1,78,54.1,134,
1800-11-20 14:45:38,4319.0,2,0,24.0,1013.6,0.0,0,31,68.0,265,265,11.6,546,2.2,77,54.2,134,
1800-11-20 14:45:40,4321.0,2,0,25.0,1013.6,0.0,0,31,67.9,266,265,11.6,545,2.2,76,54.2,134,25.54
1800-11-20 14:45:42,4323.0,2,0,25.0,1013.6,0.0,1,31,67.9,266,265,11.6,544,2.2,76,54.1,134,
1800-11-20 14:45:44,4325.0,2,0,25.0,1013.6,0.0,7,31,68.0,266,265,11.4,545,2.2,76,54.0,134,
1800-11-20 14:45:46,4327.0,2,0,26.0,1013.6,2.0,3,31,67.9,265,265,11.4,546,2.2,75,54.2,134,
1800-11-20 14:45:48,4329.0,2,0,26.0,1013.6,0.0,3,31,67.9,266,265,11.6,547,2.2,75,54.2,134,
1800-11-20 14:45:50,4331.0,2,0,24.0,1013.6,2.0,1,31,67.9,265,265,11.5,546,2.2,75,53.9,134,25.55
1800-11-20 14:45:52,4333.0,2,0,24.0,1013.7,2.0,3,31,67.9,265,265,11.5,545,2.2,74,53.8,134,
1800-11-20 14:45:54,4335.0,2,0,23.0,1013.8,2.0,0,31,67.8,265,265,11.5,544,2.2,74,54.2,134,
1800-11-20 14:45:56,4337.0,2,0,23.0,1013.9,0.0,0,31,67.9,266,266,11.5,544,2.2,74,54.0,134,
1800-11-20 14:45:58,4339.0,2,0,24.0,1013.8,0.0,0,31,67.9,266,266,11.5,543,2.2,73,54.2,133,
1800-11-20 14:46:00,4341.0,2,0,23.0,1013.8,2.0,0,31,67.9,266,266,11.6,544,2.2,73,54.2,133,25.63
1800-11-20 14:46:02,4343.0,2,0,23.0,1013.8,2.0,0,31,67.9,266,266,11.4,545,2.2,73,54.1,133,
1800-11-20 14:46:04,4345.0,2,0,24.0,1013.7,2.0,0,31,67.9,266,265,11.4,546,2.2,72,54.1,133,
1800-11-20 14:46:06,4347.0,2,0,23.0,1013.8,4.0,0,31,67.9,266,265,11.5,547,2.3,72,54.0,133,
1800-11-20 14:46:08,4349.0,2,0,23.0,1013.9,2.0,0,32,67.9,265,265,11.5,547,2.3,72,54.6,133,
1800-11-20 14:46:10,4351.0,2,0,23.0,1013.9,0.0,0,32,67.9,266,265,11.6,547,2.3,71,54.4,133,25.48
1800-11-20 14:46:12,4353.0,2,0,23.0,1013.9,0.0,0,32,67.9,266,265,11.5,545,2.3,71,54.2,133,
1800-11-20 14:46:14,4355.0,2,0,22.0,1013.8,2.0,0,32,67.9,266,265,11.7,546,2.3,71,54.4,133,
1800-11-20 14:46:16,4357.0,2,0,23.0,1013.8,2.0,0,31,67.9,266,265,11.7,546,2.3,71,54.4,133,
1800-11-20 14:46:18,4359.0,2,0,23.0,1013.8,0.0,0,31,67.9,266,265,11.7,545,2.3,70,54.2,133,
1800-11-20 14:46:20,4361.0,2,0,24.0,1013.7,0.0,0,31,67.9,266,265,11.6,544,2.3,70,54.6,133,25.59
1800-11-20 14:46:22,4363.0,2,0,25.0,1013.7,0.0,0,31,67.9,266,265,11.6,546,2.3,70,54.4,133,
1800-11-20 14:46:24,4365.0,2,0,25.0,1013.8,2.0,0,31,67.9,266,265,11.6,544,2.3,70,53.8,133,
1800-11-20 14:46:26,4367.0,2,0,25.0,1013.8,2.0,0,32,67.9,265,265,11.4,543,2.3,70,53.9,133,
1800-11-20 14:46:28,4369.0,2,0,24.0,1013.8,4.0,0,32,67.9,266,265,11.6,542,2.3,70,54.2,133,
1800-11-20 14:46:30,4371.0,2,0,22.0,1013.7,4.0,3,32,67.9,265,265,11.5,541,2.3,69,53.8,133,25.98
1800-11-20 14:46:32,4373.0,2,0,22.0,1013.7,4.0,3,32,67.9,266,265,11.8,541,2.3,69,54.3,133,
1800-11-20 14:46:34,4375.0,2,0,21.0,1013.8,4.0,1,32,67.9,266,266,11.7,540,2.3,69,54.2,133,
1800-11-20 14:46:36,4377.0,2,0,21.0,1013.7,2.0,0,32,67.9,266,266,11.6,540,2.3,69,54.2,133,
1800-11-20 14:46:38,4379.0,2,0,20.0,1013.8,4.0,0,32,67.9,266,266,11.6,540,2.3,69,54.2,133,
1800-11-20 14:46:40,4381.0,2,0,20.0,1013.8,4.0,0,32,67.9,266,266,11.6,540,2.3,69,53.9,133,25.66
1800-11-20 14:46:42,4383.0,2,0,20.0,1013.7,2.0,0,32,67.8,266,266,11.6,538,2.3,69,54.0,133,
1800-11-20 14:46:44,4385.0,2,0,20.0,1013.7,0.0,0,32,67.9,266,266,11.7,539,2.3,69,54.1,133,
1800-11-20 14:46:46,4387.0,2,0,21.0,1013.7,0.0,1,32,67.9,266,266,11.4,538,2.3,70,54.0,133,
1800-11-20 14:46:48,4389.0,2,0,22.0,1013.8,0.0,0,32,67.9,267,266,11.3,538,2.3,70,53.9,133,
1800-11-20 14:46:50,4391.0,2,0,22.0,1013.7,0.0,1,32,67.9,268,267,11.2,539,2.3,71,53.8,133,25.56
1800-11-20 14:46:52,4393.0,2,0,23.0,1013.7,0.0,1,32,67.9,268,268,11.2,539,2.3,71,54.2,132,
1800-11-20 14:46:54,4395.0,2,0,25.0,1013.6,0.0,9,32,68.0,269,268,11.2,541,2.2,72,54.0,132,
1800-11-20 14:46:56,4397.0,2,0,26.0,1013.6,0.0,7,32,67.9,269,269,11.2,540,2.2,72,53.6,132,
1800-11-20 14:46:58,4399.0,2,0,27.0,1013.6,0.0,12,32,67.9,269,269,11.0,538,2.2,73,54.0,132,
1800-11-20 14:47:00,4401.0,2,0,28.0,1013.6,0.0,7,32,67.9,269,269,11.2,539,2.2,73,54.0,132,25.61
1800-11-20 14:47:02,4403.0,2,0,29.0,1013.6,0.0,0,32,67.9,269,269,11.2,540,2.2,73,54.1,132,
1800-11-20 14:47:04,4405.0,2,0,29.0,1013.7,0.0,0,32,67.9,269,269,11.2,538,2.2,74,54.1,132,
1800-11-20 14:47:06,4407.0,2,0,30.0,1013.7,0.0,0,32,67.9,269,269,10.9,531,2.2,74,53.1,132,
1800-11-20 14:47:08,4409.0,2,0,30.0,1013.7,0.0,0,32,67.8,269,269,11.1,531,2.2,74,54.0,132,
1800-11-20 14:47:10,4411.0,2,0,29.0,1013.7,0.0,0,32,67.9,269,269,11.2,535,2.2,75,53.7,132,25.61
1800-11-20 14:47:12,4413.0,2,0,29.0,1013.6,0.0,0,32,67.9,269,269,11.2,534,2.2,75,53.7,132,
1800-11-20 14:47:14,4415.0,2,0,29.0,1013.7,0.0,0,32,67.9,269,269,10.9,534,2.2,75,53.2,132,
1800-11-20 14:47:16,4417.0,2,0,30.0,1013.7,0.0,0,32,67.9,269,268,11.0,533,2.2,75,53.8,132,
1800-11-20 14:47:18,4419.0,2,0,30.0,1013.6,0.0,0,32,67.9,269,268,11.1,535,2.2,76,54.1,132,
1800-11-20 14:47:20,4421.0,2,0,30.0,1013.6,0.0,0,32,67.9,269,269,11.3,537,2.2,76,54.6,132,26.51
1800-11-20 14:47:22,4423.0,2,0,31.0,1013.5,0.0,0,32,67.9,269,269,11.2,541,2.2,76,54.7,132,
1800-11-20 14:47:24,4425.0,2,0,30.0,1013.7,0.0,0,32,67.9,269,269,11.2,544,2.2,76,54.5,132,
1800-11-20 14:47:26,4427.0,2,0,30.0,1013.7,0.0,0,32,67.9,270,269,11.2,545,2.2,77,54.3,132,
1800-11-20 14:47:28,4429.0,2,0,30.0,1013.6,0.0,0,32,67.9,270,269,11.0,543,2.2,77,54.2,132,
1800-11-20 14:47:30,4431.0,2,0,30.0,1013.6,0.0,0,32,67.9,269,269,11.2,543,2.1,77,54.2,132,25.63
1800-11-20 14:47:32,4433.0,2,0,30.0,1013.7,2.0,0,32,67.9,270,269,11.0,543,2.1,78,54.3,132,
1800-11-20 14:47:34,4435.0,2,0,30.0,1013.6,0.0,0,32,67.9,270,269,11.1,545,2.2,78,54.7,132,
1800-11-20 14:47:36,4437.0,2,0,30.0,1013.7,0.0,0,32,67.9,270,269,11.0,545,2.2,78,54.2,132,
1800-11-20 14:47:38,4439.0,2,0,30.0,1013.6,2.0,0,32,67.9,270,269,11.2,545,2.2,77,54.5,132,
1800-11-20 14:47:40,4441.0,2,0,31.0,1013.6,0.0,0,32,68.0,269,269,10.9,544,2.2,77,53.9,132,24.72
1800-11-20 14:47:42,4443.0,2,0,30.0,1013.6,0.0,0,32,67.9,269,269,11.0,542,2.2,76,53.8,132,
1800-11-20 14:47:44,4445.0,2,0,30.0,1013.7,0.0,0,32,67.9,269,269,11.1,542,2.2,76,54.6,132,
1800-11-20 14:47:46,4447.0,2,0,30.0,1013.7,0.0,0,32,67.9,269,269,10.8,542,2.2,75,53.8,132,
1800-11-20 14:47:48,4449.0,2,0,30.0,1013.6,0.0,0,32,67.8,269,269,11.2,542,2.2,75,54.6,131,
1800-11-20 14:47:50,4451.0,2,0,31.0,1013.6,0.0,0,32,67.9,270,269,11.0,544,2.2,74,54.2,131,25.5
1800-11-20 14:47:52,4453.0,2,0,31.0,1013.6,0.0,3,32,67.9,270,269,11.2,546,2.2,74,54.6,131,
1800-11-20 14:47:54,4455.0,2,0,31.0,1013.6,0.0,5,32,67.9,270,269,11.2,548,2.2,74,54.5,131,
1800-11-20 14:47:56,4457.0,2,0,31.0,1013.6,0.0,5,32,67.9,270,270,11.0,547,2.2,73,54.6,131,
1800-11-20 14:47:58,4459.0,2,0,31.0,1013.6,0.0,5,32,67.9,270,270,10.9,547,2.2,73,54.2,131,
1800-11-20 14:48:00,4461.0,2,0,31.0,1013.7,0.0,3,32,67.9,270,269,10.8,546,2.3,73,53.8,131,25.54
1800-11-20 14:48:02,4463.0,2,0,31.0,1013.8,0.0,1,32,67.9,270,269,11.1,546,2.3,72,54.7,131,
1800-11-20 14:48:04,4465.0,2,0,30.0,1013.7,0.0,0,31,68.0,270,269,11.2,545,2.3,72,54.5,131,
1800-11-20 14:48:06,4467.0,2,0,30.0,1013.8,0.0,1,31,67.9,270,269,11.1,544,2.3,72,54.7,131,
1800-11-20 14:48:08,4469.0,2,0,30.0,1013.7,0.0,0,31,67.9,270,269,11.2,546,2.3,71,54.9,131,
1800-11-20 14:48:10,4471.0,2,0,30.0,1013.7,0.0,0,31,67.9,270,270,11.0,548,2.3,71,54.3,131,25.42
1800-11-20 14:48:12,4473.0,2,0,30.0,1013.7,0.0,0,31,67.9,270,270,11.1,548,2.3,71,54.6,131,
1800-11-20 14:48:14,4475.0,2,0,30.0,1013.8,0.0,0,31,67.9,270,269,11.1,546,2.3,70,54.7,131,
1800-11-20 14:48:16,4477.0,2,0,29.0,1013.8,0.0,0,31,67.9,270,269,11.1,547,2.3,70,54.6,131,
1800-11-20 14:48:18,4479.0,2,0,28.0,1013.7,0.0,0,31,67.9,270,269,11.1,547,2.3,70,54.4,131,
1800-11-20 14:48:20,4481.0,2,0,28.0,1013.8,0.0,0,31,67.9,270,270,11.0,542,2.3,69,54.0,131,25.22
1800-11-20 14:48:22,4483.0,2,0,28.0,1013.8,0.0,0,31,68.0,270,270,11.8,542,2.3,69,60.5,131,
1800-11-20 14:48:24,4485.0,3,0,28.0,1013.7,0.0,0,31,76.3,284,279,24.2,604,2.4,69,80.2,131,
1800-11-20 14:48:26,4487.0,3,0,28.0,1013.7,0.0,0,31,80.0,311,306,27.0,592,3.0,69,84.9,131,
1800-11-20 14:48:28,4489.0,3,0,29.0,1013.8,0.0,0,31,82.8,342,335,29.6,591,3.3,69,92.8,131,
1800-11-20 14:48:30,4491.0,3,0,29.0,1013.7,0.0,0,31,83.0,366,363,25.0,588,3.2,68,82.0,131,25.98
1800-11-20 14:48:32,4493.0,4,0,29.0,1013.7,0.0,0,32,80.2,372,371,18.8,567,3.2,68,77.0,131,
1800-11-20 14:48:34,4495.0,4,0,29.0,1013.8,0.0,0,32,80.2,371,371,19.2,570,3.1,68,77.7,131,
1800-11-20 14:48:36,4497.0,4,0,29.0,1013.7,0.0,0,32,80.0,372,371,19.4,572,3.1,69,78.1,131,
1800-11-20 14:48:38,4499.0,4,0,30.0,1013.8,0.0,0,32,80.0,372,372,19.1,575,3.1,69,78.1,131,
1800-11-20 14:48:40,4501.0,4,0,31.0,1013.7,0.0,0,32,80.2,373,372,19.1,576,3.1,70,77.9,131,26.07
1800-11-20 14:48:42,4503.0,4,0,31.0,1013.7,0.0,0,32,80.3,373,372,19.3,577,3.1,70,78.0,130,
1800-11-20 14:48:44,4505.0,4,0,32.0,1013.8,0.0,0,32,80.3,373,373,19.1,576,3.1,71,78.0,130,
1800-11-20 14:48:46,4507.0,4,0,32.0,1013.7,0.0,0,32,80.4,373,373,19.1,575,3.0,72,77.7,130,
1800-11-20 14:48:48,4509.0,4,0,32.0,1013.7,0.0,0,32,80.4,373,373,19.1,575,3.0,72,78.2,130,
1800-11-20 14:48:50,4511.0,4,0,32.0,1013.7,0.0,0,32,80.4,374,373,19.1,578,3.0,73,77.9,130,25.01
1800-11-20 14:48:52,4513.0,4,0,32.0,1013.6,0.0,0,32,80.3,374,373,19.2,578,3.0,73,78.2,130,
1800-11-20 14:48:54,4515.0,4,0,33.0,1013.7,0.0,0,32,80.2,374,373,19.1,578,3.0,74,78.2,130,
1800-11-20 14:48:56,4517.0,4,0,32.0,1013.7,0.0,0,32,80.3,374,373,19.2,579,3.0,75,78.2,130,
1800-11-20 14:48:58,4519.0,4,0,32.0,1013.6,0.0,0,32,80.4,374,373,19.3,579,3.0,75,78.3,130,
1800-11-20 14:49:00,4521.0,4,0,32.0,1013.7,0.0,0,32,80.3,374,373,19.1,577,2.9,76,77.7,130,24.77
1800-11-20 14:49:02,4523.0,4,0,33.0,1013.6,0.0,0,32,80.3,374,373,19.2,577,2.9,76,78.4,130,
1800-11-20 14:49:04,4525.0,4,0,32.0,1013.8,0.0,0,32,80.4,374,373,19.2,582,2.9,77,78.0,130,
1800-11-20 14:49:06,4527.0,4,0,32.0,1013.8,0.0,0,32,80.4,374,373,19.2,581,2.9,78,78.6,130,
1800-11-20 14:49:08,4529.0,4,0,32.0,1013.8,0.0,0,32,80.4,374,373,19.0,582,2.9,78,78.1,130,
1800-11-20 14:49:10,4531.0,4,0,32.0,1013.8,0.0,0,32,80.3,374,373,19.1,582,2.9,79,78.8,130,25.64
1800-11-20 14:49:12,4533.0,4,0,32.0,1013.7,0.0,0,32,80.5,374,373,19.1,583,2.9,79,78.1,130,
1800-11-20 14:49:14,4535.0,4,0,33.0,1013.7,0.0,0,32,80.5,374,373,19.3,580,2.9,79,78.2,130,
1800-11-20 14:49:16,4537.0,4,0,33.0,1013.6,0.0,0,32,80.5,373,373,19.1,580,2.9,79,78.1,130,
1800-11-20 14:49:18,4539.0,4,0,33.0,1013.6,0.0,0,32,80.6,374,373,19.2,585,2.9,79,78.5,129,
1800-11-20 14:49:20,4541.0,4,0,32.0,1013.6,0.0,0,32,80.5,374,373,19.1,585,2.9,79,78.2,129,25.18
1800-11-20 14:49:22,4543.0,4,0,32.0,1013.6,0.0,0,32,80.5,373,373,19.1,586,2.9,78,78.1,129,
1800-11-20 14:49:24,4545.0,4,0,32.0,1013.7,0.0,0,33,80.6,373,373,19.3,587,2.9,78,78.5,129,
1800-11-20 14:49:26,4547.0,4,0,32.0,1013.6,0.0,0,33,80.5,374,373,19.3,588,3.0,77,78.6,129,
1800-11-20 14:49:28,4549.0,4,0,32.0,1013.7,0.0,0,33,80.4,374,373,19.2,587,3.0,77,78.5,129,
1800-11-20 14:49:30,4551.0,4,0,32.0,1013.5,0.0,0,33,80.4,374,373,19.1,588,3.0,76,78.5,129,25.65
1800-11-20 14:49:32,4553.0,4,0,32.0,1013.6,0.0,0,33,80.4,374,373,19.1,590,3.0,76,78.8,129,
1800-11-20 14:49:34,4555.0,4,0,33.0,1013.7,0.0,0,33,80.5,374,373,19.4,589,3.0,76,78.3,129,
1800-11-20 14:49:36,4557.0,4,0,34.0,1013.7,0.0,0,33,80.4,374,373,19.4,588,3.0,75,78.8,129,
1800-11-20 14:49:38,4559.0,4,0,34.0,1013.7,0.0,0,33,80.4,374,373,19.3,588,3.0,75,78.7,129,
1800-11-20 14:49:40,4561.0,4,0,34.0,1013.7,0.0,0,33,80.5,374,373,19.3,587,3.0,75,78.0,129,25.43
1800-11-20 14:49:42,4563.0,4,0,34.0,1013.6,0.0,0,33,80.3,374,373,19.2,586,3.0,75,78.8,129,
1800-11-20 14:49:44,4565.0,4,0,35.0,1013.7,0.0,0,33,80.4,374,373,19.2,588,3.0,75,78.4,129,
1800-11-20 14:49:46,4567.0,4,0,35.0,1013.7,0.0,0,33,80.5,374,373,19.4,589,3.0,74,78.6,129,
1800-11-20 14:49:48,4569.0,4,0,36.0,1013.7,0.0,0,33,80.4,374,373,19.3,586,3.0,74,78.5,129,
1800-11-20 14:49:50,4571.0,4,0,36.0,1013.7,0.0,0,33,80.4,374,373,19.1,584,3.0,74,78.1,129,25.27
1800-11-20 14:49:52,4573.0,4,0,36.0,1013.6,0.0,0,33,80.4,374,373,19.2,585,3.0,74,78.9,129,
1800-11-20 14:49:54,4575.0,3,0,36.0,1013.7,0.0,0,33,77.6,366,368,12.9,573,2.6,74,54.5,128,
1800-11-20 14:49:56,4577.0,3,0,36.0,1013.7,0.0,0,33,67.0,341,345,3.9,508,2.1,74,51.5,128,
1800-11-20 14:49:58,4579.0,2,0,35.0,1013.7,0.0,0,33,67.8,321,325,6.5,555,2.2,73,52.5,128,
1800-11-20 14:50:00,4581.0,2,0,35.0,1013.8,0.0,0,33,67.9,304,307,7.6,556,2.2,73,53.7,128,25.76
1800-11-20 14:50:02,4583.0,2,0,36.0,1013.9,0.0,0,33,67.9,293,295,8.5,557,2.2,73,54.0,128,
1800-11-20 14:50:04,4585.0,2,0,35.0,1013.7,0.0,0,33,67.9,286,287,9.1,555,2.2,73,53.2,128,
1800-11-20 14:50:06,4587.0,2,0,35.0,1013.7,0.0,0,33,67.9,281,282,9.4,552,2.2,73,53.2,128,
1800-11-20 14:50:08,4589.0,2,0,36.0,1013.8,0.0,0,33,67.9,277,278,9.9,551,2.2,73,53.7,128,
1800-11-20 14:50:10,4591.0,2,0,36.0,1013.8,0.0,0,33,67.9,274,275,10.3,552,2.2,73,53.5,128,25.3
1800-11-20 14:50:12,4593.0,2,0,36.0,1013.7,0.0,0,33,67.9,272,272,10.4,550,2.2,73,53.8,128,
1800-11-20 14:50:14,4595.0,2,0,35.0,1013.7,0.0,0,33,67.9,271,271,10.7,551,2.2,73,54.1,128,
1800-11-20 14:50:16,4597.0,2,0,35.0,1013.7,0.0,0,33,67.9,270,270,10.6,551,2.2,72,53.6,128,
1800-11-20 14:50:18,4599.0,2,0,35.0,1013.7,0.0,0,33,67.9,269,268,10.7,549,2.2,72,53.3,128,
1800-11-20 14:50:20,4601.0,2,0,36.0,1013.7,0.0,0,33,67.9,268,268,11.1,548,2.2,72,54.6,128,25.04
1800-11-20 14:50:22,4603.0,2,0,36.0,1013.8,0.0,0,33,67.9,268,268,11.0,551,2.2,72,54.2,128,
1800-11-20 14:50:24,4605.0,2,0,37.0,1013.8,0.0,0,33,67.9,268,268,11.0,551,2.3,72,54.1,128,
1800-11-20 14:50:26,4607.0,2,0,36.0,1013.8,0.0,0,33,67.9,268,268,11.1,552,2.3,71,54.3,128,
1800-11-20 14:50:28,4609.0,2,0,36.0,1013.8,0.0,0,32,67.9,268,268,11.0,551,2.3,71,54.3,128,
1800-11-20 14:50:30,4611.0,2,0,36.0,1013.8,0.0,0,32,67.9,268,268,11.1,551,2.3,71,54.6,128,25.56
1800-11-20 14:50:32,4613.0,2,0,36.0,1013.7,0.0,0,32,67.9,268,268,11.0,551,2.3,71,54.1,128,
1800-11-20 14:50:34,4615.0,2,0,36.0,1013.7,0.0,0,32,67.9,268,267,11.1,550,2.3,71,54.2,128,
1800-11-20 14:50:36,4617.0,2,0,36.0,1013.7,0.0,0,32,67.9,268,267,11.1,552,2.3,71,54.2,128,
1800-11-20 14:50:38,4619.0,2,0,36.0,1013.7,0.0,3,32,67.9,268,267,11.1,553,2.3,70,54.7,128,
1800-11-20 14:50:40,4621.0,2,0,36.0,1013.7,0.0,0,32,67.9,268,267,11.1,553,2.3,70,54.6,128,25.7
1800-11-20 14:50:42,4623.0,2,0,36.0,1013.7,0.0,0,32,67.9,268,267,11.0,552,2.3,70,54.2,128,
1800-11-20 14:50:44,4625.0,2,0,36.0,1013.6,0.0,0,32,67.9,268,267,11.2,548,2.3,70,54.0,128,
1800-11-20 14:50:46,4627.0,2,0,35.0,1013.7,0.0,0,32,67.9,268,267,11.1,546,2.3,70,54.1,128,
1800-11-20 14:50:48,4629.0,2,0,35.0,1013.8,0.0,1,32,67.9,268,267,11.2,546,2.3,70,54.2,128,
1800-11-20 14:50:50,4631.0,2,0,35.0,1013.7,0.0,0,32,67.9,268,267,11.0,544,2.3,69,54.0,128,25.21
1800-11-20 14:50:52,4633.0,2,0,35.0,1013.9,0.0,0,32,67.9,268,268,11.1,540,2.3,69,53.6,127,
1800-11-20 14:50:54,4635.0,2,0,34.0,1013.8,0.0,3,32,67.9,269,268,11.1,540,2.3,69,54.2,127,
1800-11-20 14:50:56,4637.0,2,0,34.0,1013.8,0.0,7,32,67.9,269,268,11.1,543,2.3,69,54.1,127,
1800-11-20 14:50:58,4639.0,2,0,34.0,1013.7,0.0,7,32,67.9,269,268,11.0,542,2.3,69,53.7,127,
1800-11-20 14:51:00,4641.0,2,0,34.0,1013.7,0.0,7,32,67.9,268,268,11.0,542,2.3,69,54.1,127,25.58
1800-11-20 14:51:02,4643.0,2,0,34.0,1013.7,0.0,11,32,67.8,268,268,10.9,543,2.3,70,54.0,127,
1800-11-20 14:51:04,4645.0,2,0,34.0,1013.6,0.0,14,32,67.9,268,268,11.0,542,2.3,70,54.0,127,
1800-11-20 14:51:06,4647.0,2,0,34.0,1013.7,0.0,12,33,67.9,268,268,11.1,543,2.3,70,53.7,127,
1800-11-20 14:51:08,4649.0,2,0,33.0,1013.8,0.0,3,32,67.9,268,268,10.8,542,2.3,71,53.5,127,
1800-11-20 14:51:10,4651.0,2,0,33.0,1013.8,0.0,0,32,67.9,268,268,11.0,542,2.2,71,54.2,127,24.4
1800-11-20 14:51:12,4653.0,2,0,32.0,1013.7,0.0,1,32,67.9,268,267,10.8,543,2.2,72,53.7,127,
1800-11-20 14:51:14,4655.0,2,0,32.0,1013.7,0.0,0,33,67.8,267,267,10.9,543,2.2,72,53.7,127,
1800-11-20 14:51:16,4657.0,2,0,32.0,1013.7,0.0,0,33,67.9,267,267,10.8,540,2.2,73,53.2,127,
1800-11-20 14:51:18,4659.0,2,0,32.0,1013.8,0.0,0,33,67.9,267,266,10.8,538,2.2,73,53.2,127,
1800-11-20 14:51:20,4661.0,2,0,32.0,1013.8,0.0,0,33,67.9,267,266,10.8,538,2.2,74,53.2,127,24.98
1800-11-20 14:51:22,4663.0,2,0,32.0,1013.7,0.0,0,33,67.8,267,266,10.8,536,2.2,74,53.3,127,
1800-11-20 14:51:24,4665.0,2,0,32.0,1013.8,0.0,1,33,67.8,267,266,11.0,537,2.2,74,53.9,127,
1800-11-20 14:51:26,4667.0,2,0,32.0,1013.8,0.0,0,33,67.9,267,267,10.9,541,2.2,75,53.7,127,
1800-11-20 14:51:28,4669.0,2,0,32.0,1013.8,0.0,1,33,67.9,268,267,11.0,541,2.2,75,53.7,127,
1800-11-20 14:51:30,4671.0,2,0,32.0,1013.7,0.0,0,33,67.9,267,267,10.9,538,2.2,75,53.3,127,25.86
1800-11-20 14:51:32,4673.0,2,0,32.0,1013.7,0.0,1,33,67.8,267,267,10.7,538,2.2,76,53.9,127,
1800-11-20 14:51:34,4675.0,2,0,32.0,1013.7,0.0,3,33,67.9,267,267,10.6,540,2.2,76,53.2,127,
1800-11-20 14:51:36,4677.0,2,0,32.0,1013.6,0.0,1,33,67.9,267,266,10.7,540,2.2,77,53.2,128,
1800-11-20 14:51:38,4679.0,2,0,32.0,1013.7,0.0,3,32,67.9,266,266,10.7,539,2.2,77,53.3,130,
1800-11-20 14:51:40,4681.0,2,0,32.0,1013.7,0.0,3,32,67.9,266,266,10.9,540,2.1,77,53.4,133,26.12
1800-11-20 14:51:42,4683.0,2,0,31.0,1013.8,0.0,1,32,67.8,266,266,10.5,539,2.1,78,53.5,137,
1800-11-20 14:51:44,4685.0,2,0,31.0,1013.8,0.0,0,32,67.9,266,266,10.9,540,2.1,78,54.1,141,
1800-11-20 14:51:46,4687.0,2,0,30.0,1013.8,0.0,3,32,67.9,267,266,10.8,543,2.1,78,53.8,145,
1800-11-20 14:51:48,4689.0,2,0,30.0,1013.8,0.0,0,32,67.9,267,266,11.0,544,2.1,78,53.7,149,
1800-11-20 14:51:50,4691.0,2,0,30.0,1013.7,0.0,0,32,67.9,267,266,11.1,543,2.2,77,53.7,153,25.43
1800-11-20 14:51:52,4693.0,2,0,30.0,1013.8,0.0,0,32,67.9,267,266,10.8,542,2.2,77,53.9,157,
1800-11-20 14:51:54,4695.0,2,0,30.0,1013.8,0.0,0,32,67.9,267,266,10.9,544,2.2,76,54.1,161,
1800-11-20 14:51:56,4697.0,2,0,30.0,1013.9,0.0,0,32,67.9,267,267,10.9,545,2.2,76,53.7,166,
1800-11-20 14:51:58,4699.0,2,0,30.0,1013.8,0.0,0,32,67.9,267,267,10.9,544,2.2,75,54.0,170,
1800-11-20 14:52:00,4701.0,2,0,30.0,1013.8,0.0,0,32,67.9,267,267,10.9,545,2.2,75,53.8,173,25.37
1800-11-20 14:52:02,4703.0,2,0,30.0,1013.8,0.0,0,32,67.9,267,267,10.9,544,2.2,74,53.9,177,
1800-11-20 14:52:04,4705.0,2,0,30.0,1013.6,0.0,0,32,67.9,267,267,10.9,545,2.2,74,54.1,181,
1800-11-20 14:52:06,4707.0,2,0,30.0,1013.7,0.0,1,32,67.8,267,267,10.7,541,2.2,74,53.3,184,
1800-11-20 14:52:08,4709.0,2,0,30.0,1013.8,0.0,1,32,67.9,267,267,11.0,542,2.2,73,54.3,188,
1800-11-20 14:52:10,4711.0,2,0,30.0,1013.8,0.0,1,33,67.9,267,267,10.8,547,2.2,73,53.7,192,25.48
1800-11-20 14:52:12,4713.0,2,0,30.0,1013.7,0.0,0,32,67.9,267,267,10.9,546,2.3,73,54.0,195,
1800-11-20 14:52:14,4715.0,2,0,30.0,1013.7,0.0,0,32,67.9,266,266,11.0,544,2.3,73,54.0,199,
1800-11-20 14:52:16,4717.0,2,0,30.0,1013.7,0.0,0,32,67.8,265,265,11.2,544,2.3,72,54.3,202,
1800-11-20 14:52:18,4719.0,2,0,30.0,1013.7,0.0,1,32,67.8,265,265,11.2,547,2.3,72,54.7,206,
1800-11-20 14:52:20,4721.0,2,0,30.0,1013.8,0.0,0,32,67.9,264,264,11.2,549,2.3,72,53.8,209,25.23
1800-11-20 14:52:22,4723.0,2,0,30.0,1013.8,0.0,0,33,67.9,264,264,11.3,549,2.3,72,54.2,213,
1800-11-20 14:52:24,4725.0,2,0,30.0,1013.8,0.0,0,33,68.0,263,263,11.3,548,2.3,71,54.0,218,
1800-11-20 14:52:26,4727.0,2,0,30.0,1013.8,0.0,0,33,67.9,263,263,11.2,547,2.3,71,54.2,222,
1800-11-20 14:52:28,4729.0,2,0,30.0,1013.7,0.0,0,33,67.9,263,263,11.2,547,2.3,71,54.0,227,
1800-11-20 14:52:30,4731.0,2,0,30.0,1013.7,0.0,0,33,67.8,263,263,11.2,547,2.3,70,53.8,230,25.37
1800-11-20 14:52:32,4733.0,2,0,31.0,1013.8,0.0,0,33,67.9,263,263,11.4,548,2.3,70,54.1,233,
1800-11-20 14:52:34,4735.0,2,0,31.0,1013.7,0.0,0,33,67.8,263,263,11.3,548,2.3,70,54.3,234,
1800-11-20 14:52:36,4737.0,2,0,31.0,1013.8,0.0,0,33,67.9,263,263,11.6,548,2.3,70,54.6,236,
1800-11-20 14:52:38,4739.0,2,0,32.0,1013.9,0.0,0,33,68.0,263,263,11.5,545,2.3,70,54.1,236,
1800-11-20 14:52:40,4741.0,2,0,32.0,1013.8,0.0,0,33,67.9,263,263,11.1,542,2.3,69,53.5,237,25.32
1800-11-20 14:52:42,4743.0,2,0,32.0,1013.8,0.0,0,33,67.9,263,263,11.4,539,2.3,69,53.7,237,
1800-11-20 14:52:44,4745.0,2,0,32.0,1013.8,0.0,0,32,67.9,263,263,11.3,538,2.3,69,53.4,237,
1800-11-20 14:52:46,4747.0,2,0,32.0,1013.6,0.0,0,32,67.9,263,263,11.1,537,2.3,69,53.2,238,
1800-11-20 14:52:48,4749.0,2,0,32.0,1013.8,0.0,0,32,67.9,263,263,11.1,536,2.3,69,53.8,238,
1800-11-20 14:52:50,4751.0,2,0,32.0,1013.7,0.0,0,32,67.9,263,263,11.3,538,2.3,69,53.8,238,24.99
1800-11-20 14:52:52,4753.0,2,0,32.0,1013.8,0.0,0,32,67.9,263,263,11.5,539,2.3,69,54.0,238,
1800-11-20 14:52:54,4755.0,2,0,32.0,1013.8,0.0,0,32,67.9,264,263,11.4,539,2.3,69,54.3,238,
1800-11-20 14:52:56,4757.0,2,0,32.0,1013.8,0.0,0,32,67.9,264,263,11.4,540,2.3,69,54.2,238,
1800-11-20 14:52:58,4759.0,2,0,32.0,1013.9,0.0,0,32,67.9,264,264,11.4,542,2.3,69,54.4,238,
1800-11-20 14:53:00,4761.0,2,0,32.0,1013.8,0.0,1,32,67.9,264,264,11.4,542,2.3,70,54.4,238,26.64
1800-11-20 14:53:02,4763.0,2,0,32.0,1013.8,0.0,0,32,67.9,265,264,11.6,542,2.3,70,54.5,237,
1800-11-20 14:53:04,4765.0,2,0,32.0,1013.8,0.0,1,32,67.8,265,264,11.6,541,2.3,71,54.5,237,
1800-11-20 14:53:06,4767.0,2,0,32.0,1013.7,0.0,1,32,67.9,265,265,11.5,541,2.3,71,54.7,237,
1800-11-20 14:53:08,4769.0,2,0,31.0,1013.8,0.0,3,32,67.9,265,265,11.5,541,2.2,72,54.7,237,
1800-11-20 14:53:10,4771.0,2,0,31.0,1013.8,0.0,1,32,67.9,265,265,11.4,541,2.2,73,54.6,237,25.46
1800-11-20 14:53:12,4773.0,2,0,31.0,1013.8,0.0,0,32,67.9,266,265,11.5,541,2.2,73,54.6,237,
1800-11-20 14:53:14,4775.0,2,0,30.0,1013.8,0.0,0,32,67.9,266,265,11.5,540,2.2,73,54.4,237,
1800-11-20 14:53:16,4777.0,2,0,30.0,1013.8,0.0,0,32,67.9,266,265,11.5,540,2.2,74,54.2,237,
1800-11-20 14:53:18,4779.0,2,0,30.0,1013.8,0.0,0,32,67.9,265,265,11.5,539,2.2,74,54.2,237,
1800-11-20 14:53:20,4781.0,2,0,30.0,1013.8,0.0,0,32,67.9,265,265,11.4,539,2.2,75,54.2,237,25.61
1800-11-20 14:53:22,4783.0,2,0,30.0,1013.8,0.0,0,32,67.9,265,265,11.5,538,2.2,75,54.3,237,
1800-11-20 14:53:24,4785.0,2,0,30.0,1013.8,0.0,0,32,67.9,265,265,11.5,539,2.2,75,54.2,237,
1800-11-20 14:53:26,4787.0,2,0,30.0,1013.8,0.0,0,32,67.9,265,265,11.6,539,2.2,76,54.6,237,
1800-11-20 14:53:28,4789.0,2,0,30.0,1013.8,0.0,0,32,67.8,265,265,11.5,540,2.2,76,55.0,237,
1800-11-20 14:53:30,4791.0,2,0,31.0,1013.7,0.0,0,32,67.9,265,265,11.4,545,2.2,76,54.5,237,25.7
1800-11-20 14:53:32,4793.0,2,0,31.0,1013.6,0.0,0,32,67.8,264,264,11.1,542,2.2,76,53.7,237,
1800-11-20 14:53:34,4795.0,2,0,31.0,1013.8,0.0,0,32,67.8,264,264,11.3,542,2.2,77,54.4,237,
1800-11-20 14:53:36,4797.0,2,0,31.0,1013.8,0.0,0,32,67.9,264,264,11.5,544,2.2,77,54.2,237,
1800-11-20 14:53:38,4799.0,2,0,31.0,1013.7,0.0,0,32,67.8,264,264,11.6,544,2.2,77,54.7,237,
1800-11-20 14:53:40,4801.0,2,0,32.0,1013.7,0.0,0,32,67.9,264,264,11.4,547,2.2,77,54.7,237,25.83
1800-11-20 14:53:42,4803.0,2,0,32.0,1013.7,0.0,0,32,67.9,265,264,11.5,548,2.2,77,54.7,237,
1800-11-20 14:53:44,4805.0,2,0,32.0,1013.8,0.0,0,32,67.9,265,264,11.5,548,2.2,77,54.7,237,
1800-11-20 14:53:46,4807.0,2,0,32.0,1013.7,0.0,0,32,67.9,265,265,11.4,549,2.2,76,54.6,237,
1800-11-20 14:53:48,4809.0,2,0,32.0,1013.7,0.0,0,32,67.9,265,265,11.5,548,2.2,76,54.7,237,
1800-11-20 14:53:50,4811.0,2,0,32.0,1013.7,0.0,0,32,67.8,265,264,11.2,546,2.2,75,54.0,237,24.47
1800-11-20 14:53:52,4813.0,2,0,32.0,1013.8,0.0,0,32,67.9,264,264,11.4,546,2.2,75,54.4,237,
1800-11-20 14:53:54,4815.0,2,0,32.0,1013.7,0.0,0,32,67.9,264,264,11.4,546,2.2,75,54.2,237,
1800-11-20 14:53:56,4817.0,2,0,32.0,1013.7,0.0,0,32,67.9,264,264,11.4,546,2.2,74,54.4,237,
1800-11-20 14:53:58,4819.0,2,0,32.0,1013.7,0.0,0,32,67.9,263,263,11.3,545,2.2,74,54.4,237,
1800-11-20 14:54:00,4821.0,2,0,32.0,1013.7,0.0,0,32,67.9,263,263,11.5,546,2.2,73,54.7,237,25.39
1800-11-20 14:54:02,4823.0,2,0,32.0,1013.7,0.0,0,32,68.0,264,263,11.5,550,2.3,73,54.5,236,
1800-11-20 14:54:04,4825.0,2,0,32.0,1013.7,0.0,0,32,67.9,264,263,11.5,548,2.3,73,54.1,236,
1800-11-20 14:54:06,4827.0,2,0,32.0,1013.7,0.0,0,32,67.9,264,263,11.4,547,2.3,72,54.5,236,
1800-11-20 14:54:08,4829.0,2,0,32.0,1013.7,0.0,0,32,67.9,264,264,11.5,548,2.3,72,54.7,236,
1800-11-20 14:54:10,4831.0,2,0,32.0,1013.7,0.0,0,32,67.9,264,264,11.4,550,2.3,72,54.7,236,26.3
1800-11-20 14:54:12,4833.0,2,0,32.0,1013.7,0.0,0,32,67.9,264,264,11.4,551,2.3,71,54.5,236,
1800-11-20 14:54:14,4835.0,2,0,32.0,1013.7,0.0,0,32,67.9,264,264,11.3,551,2.3,71,54.6,236,
1800-11-20 14:54:16,4837.0,2,0,32.0,1013.8,0.0,0,32,67.9,264,264,11.5,551,2.3,71,54.7,236,
1800-11-20 14:54:18,4839.0,2,0,32.0,1013.8,0.0,0,32,67.9,264,264,11.5,551,2.3,71,54.7,236,
1800-11-20 14:54:20,4841.0,2,0,32.0,1013.8,0.0,0,32,67.9,265,264,11.4,551,2.3,70,54.7,236,24.72
1800-11-20 14:54:22,4843.0,2,0,32.0,1013.6,0.0,0,32,67.9,265,264,11.4,551,2.3,70,54.6,236,
1800-11-20 14:54:24,4845.0,2,0,32.0,1013.7,0.0,0,32,67.9,265,264,11.3,551,2.3,70,54.6,236,
1800-11-20 14:54:26,4847.0,2,0,32.0,1013.7,0.0,0,33,67.9,265,264,11.5,549,2.3,70,54.7,236,
1800-11-20 14:54:28,4849.0,2,0,31.0,1013.7,0.0,0,33,67.9,265,264,11.5,546,2.3,69,54.2,236,
1800-11-20 14:54:30,4851.0,2,0,31.0,1013.7,0.0,0,32,67.9,265,264,11.6,545,2.3,69,54.4,236,24.41
1800-11-20 14:54:32,4853.0,2,0,31.0,1013.7,0.0,0,32,67.9,265,264,11.5,544,2.3,69,54.2,236,
1800-11-20 14:54:34,4855.0,2,0,31.0,1013.8,0.0,0,32,67.9,265,264,11.3,544,2.3,69,54.2,236,
1800-11-20 14:54:36,4857.0,2,0,32.0,1013.7,0.0,0,32,67.9,265,264,11.5,544,2.3,69,54.3,236,
1800-11-20 14:54:38,4859.0,2,0,32.0,1013.8,0.0,1,32,67.9,265,264,11.5,543,2.3,69,54.3,236,
1800-11-20 14:54:40,4861.0,2,0,32.0,1013.8,0.0,1,32,67.9,265,265,11.6,544,2.3,69,54.6,236,25.49
1800-11-20 14:54:42,4863.0,2,0,32.0,1013.8,0.0,0,32,67.9,265,265,11.4,543,2.3,69,54.2,236,
1800-11-20 14:54:44,4865.0,2,0,32.0,1013.7,0.0,0,32,67.9,265,265,11.4,543,2.3,69,54.2,236,
1800-11-20 14:54:46,4867.0,2,0,32.0,1013.7,0.0,0,32,67.9,265,265,11.5,543,2.3,69,54.2,236,
1800-11-20 14:54:48,4869.0,2,0,32.0,1013.8,0.0,0,32,67.9,265,265,11.5,542,2.3,69,54.5,236,
1800-11-20 14:54:50,4871.0,2,0,32.0,1013.7,0.0,0,32,67.9,265,265,11.6,542,2.3,70,54.2,236,26.36
1800-11-20 14:54:52,4873.0,2,0,32.0,1013.8,0.0,0,32,67.9,265,265,11.6,542,2.3,70,54.7,236,
1800-11-20 14:54:54,4875.0,2,0,32.0,1013.7,0.0,0,32,67.9,265,265,11.7,542,2.3,71,54.5,236,
1800-11-20 14:54:56,4877.0,2,0,33.0,1013.8,0.0,0,32,67.9,265,265,11.6,541,2.3,71,54.4,236,
1800-11-20 14:54:58,4879.0,2,0,33.0,1013.8,0.0,0,32,67.8,265,265,11.4,541,2.3,72,54.2,236,
1800-11-20 14:55:00,4881.0,2,0,33.0,1013.7,0.0,0,32,67.9,265,265,11.6,542,2.2,72,54.5,235,25.43
1800-11-20 14:55:02,4883.0,2,0,33.0,1013.7,0.0,0,32,67.9,265,265,11.4,541,2.2,73,54.1,235,
1800-11-20 14:55:04,4885.0,2,0,32.0,1013.7,0.0,0,32,67.9,265,265,11.5,541,2.2,73,54.1,235,
1800-11-20 14:55:06,4887.0,2,0,32.0,1013.8,0.0,0,32,67.9,265,265,11.4,541,2.2,73,54.2,235,
1800-11-20 14:55:08,4889.0,2,0,32.0,1013.8,0.0,0,32,67.9,265,265,11.4,540,2.2,74,54.5,235,
1800-11-20 14:55:10,4891.0,2,0,32.0,1013.8,0.0,0,33,67.9,265,265,11.4,542,2.2,74,54.2,235,25.47
1800-11-20 14:55:12,4893.0,2,0,32.0,1013.8,0.0,0,33,67.9,265,264,11.4,542,2.2,74,54.0,235,
1800-11-20 14:55:14,4895.0,2,0,32.0,1013.8,0.0,0,33,67.9,264,264,11.3,541,2.2,75,53.7,235,
1800-11-20 14:55:16,4897.0,2,0,32.0,1013.9,0.0,0,33,67.9,264,264,11.2,539,2.2,75,53.5,235,
1800-11-20 14:55:18,4899.0,2,0,31.0,1013.8,0.0,0,33,67.9,264,263,11.3,538,2.2,75,53.4,235,
1800-11-20 14:55:20,4901.0,2,0,31.0,1013.7,0.0,0,33,67.9,264,263,11.4,536,2.2,76,53.7,235,25.62
1800-11-20 14:55:22,4903.0,2,0,31.0,1013.8,0.0,0,32,67.8,263,263,11.4,536,2.2,76,54.4,235,
1800-11-20 14:55:24,4905.0,2,0,30.0,1013.7,0.0,0,32,67.9,263,263,11.5,542,2.2,76,53.8,235,
1800-11-20 14:55:26,4907.0,2,0,30.0,1013.8,0.0,0,32,67.9,262,262,11.4,542,2.2,77,54.0,235,
1800-11-20 14:55:28,4909.0,2,0,30.0,1013.6,0.0,0,32,67.9,262,262,11.4,541,2.2,77,53.8,235,
1800-11-20 14:55:30,4911.0,2,0,30.0,1013.9,0.0,0,32,67.9,262,262,11.6,540,2.2,77,54.2,235,24.89
1800-11-20 14:55:32,4913.0,2,0,30.0,1013.8,0.0,0,32,67.9,262,262,11.7,541,2.2,78,54.2,235,
1800-11-20 14:55:34,4915.0,2,0,31.0,1013.6,0.0,0,32,67.9,262,262,11.7,541,2.2,78,54.2,235,
1800-11-20 14:55:36,4917.0,2,0,31.0,1013.7,0.0,0,32,67.9,262,262,11.6,542,2.2,78,54.5,235,
1800-11-20 14:55:38,4919.0,2,0,31.0,1013.6,0.0,0,32,67.8,263,262,11.5,542,2.2,77,54.6,235,
1800-11-20 14:55:40,4921.0,2,0,31.0,1013.7,0.0,0,32,67.9,262,262,11.4,540,2.2,77,53.9,235,25.93
1800-11-20 14:55:42,4923.0,2,0,31.0,1013.5,0.0,0,32,67.9,262,262,11.6,540,2.2,76,54.5,235,
1800-11-20 14:55:44,4925.0,2,0,31.0,1013.6,0.0,0,32,67.8,262,262,11.5,542,2.2,76,54.4,235,
1800-11-20 14:55:46,4927.0,2,0,30.0,1013.7,0.0,0,33,67.9,262,262,11.7,546,2.2,75,54.7,235,
1800-11-20 14:55:48,4929.0,2,0,30.0,1013.8,0.0,0,33,67.9,262,262,11.7,549,2.2,75,54.7,235,
1800-11-20 14:55:50,4931.0,2,0,30.0,1013.7,0.0,0,33,67.9,262,262,11.8,550,2.2,74,54.7,235,24.55
1800-11-20 14:55:52,4933.0,2,0,30.0,1013.8,0.0,0,33,67.9,263,262,11.6,551,2.2,74,54.5,235,
1800-11-20 14:55:54,4935.0,2,0,30.0,1013.9,0.0,0,33,67.9,263,263,11.6,551,2.2,74,54.9,235,
1800-11-20 14:55:56,4937.0,2,0,30.0,1013.8,0.0,0,33,67.9,263,263,11.5,551,2.3,73,54.7,235,
1800-11-20 14:55:58,4939.0,2,0,30.0,1013.8,0.0,0,33,67.9,264,263,11.6,551,2.3,73,54.9,235,
1800-11-20 14:56:00,4941.0,2,0,30.0,1013.8,0.0,1,33,68.0,264,264,11.6,552,2.3,73,55.0,235,26.51
1800-11-20 14:56:02,4943.0,2,0,30.0,1013.8,0.0,0,33,68.0,264,264,11.4,551,2.3,72,54.4,234,
1800-11-20 14:56:04,4945.0,2,0,31.0,1013.8,0.0,0,32,67.9,264,264,11.4,549,2.3,72,54.3,234,
1800-11-20 14:56:06,4947.0,2,0,31.0,1013.9,0.0,0,32,67.8,264,264,11.5,548,2.3,72,55.1,234,
1800-11-20 14:56:08,4949.0,2,0,32.0,1013.9,0.0,1,32,67.9,264,264,11.5,551,2.3,71,54.7,234,
1800-11-20 14:56:10,4951.0,2,0,32.0,1013.8,0.0,0,32,67.9,264,264,11.5,553,2.3,71,54.7,234,25.34
1800-11-20 14:56:12,4953.0,2,0,32.0,1013.8,0.0,1,32,67.9,265,264,11.4,551,2.3,71,54.8,234,
1800-11-20 14:56:14,4955.0,2,0,32.0,1013.8,0.0,0,32,67.9,265,264,11.5,552,2.3,70,54.9,234,
1800-11-20 14:56:16,4957.0,2,0,32.0,1013.9,0.0,0,32,67.9,265,264,11.5,552,2.3,70,54.9,234,
1800-11-20 14:56:18,4959.0,2,0,33.0,1013.8,0.0,0,32,67.9,265,264,11.4,552,2.3,70,54.4,234,
1800-11-20 14:56:20,4961.0,2,0,33.0,1013.8,0.0,0,32,67.9,265,264,11.4,546,2.3,70,54.3,234,25.49
1800-11-20 14:56:22,4963.0,2,0,32.0,1013.7,0.0,0,32,67.9,265,264,11.6,546,2.3,69,54.7,234,
1800-11-20 14:56:24,4965.0,2,0,32.0,1013.7,0.0,0,32,67.9,265,264,11.5,544,2.3,69,54.6,234,
1800-11-20 14:56:26,4967.0,2,0,32.0,1013.8,0.0,0,32,67.9,265,265,11.6,543,2.3,69,54.7,234,
1800-11-20 14:56:28,4969.0,2,0,32.0,1013.8,0.0,0,32,67.9,265,264,11.5,543,2.3,69,54.4,234,
1800-11-20 14:56:30,4971.0,2,0,32.0,1013.8,0.0,1,32,67.9,265,264,11.5,542,2.3,69,54.2,234,25.44
1800-11-20 14:56:32,4973.0,2,0,31.0,1013.7,0.0,1,32,67.9,265,264,11.7,541,2.3,68,54.7,234,
1800-11-20 14:56:34,4975.0,2,0,30.0,1013.7,0.0,1,32,67.9,265,265,11.7,541,2.3,68,54.7,234,
1800-11-20 14:56:36,4977.0,2,0,30.0,1013.7,0.0,1,32,67.9,265,265,11.7,541,2.3,68,54.7,234,
1800-11-20 14:56:38,4979.0,2,0,29.0,1013.7,0.0,1,32,67.9,265,265,11.8,541,2.3,69,54.7,234,
1800-11-20 14:56:40,4981.0,2,0,29.0,1013.8,0.0,1,32,67.9,265,265,11.7,541,2.3,69,54.7,234,24.77
1800-11-20 14:56:42,4983.0,2,0,28.0,1013.8,0.0,0,32,67.9,265,265,11.8,542,2.3,69,54.7,234,
1800-11-20 14:56:44,4985.0,2,0,28.0,1013.7,0.0,3,32,67.9,265,265,11.8,542,2.3,70,54.6,234,
1800-11-20 14:56:46,4987.0,2,0,28.0,1013.7,0.0,5,32,67.9,265,264,11.7,542,2.3,70,54.7,234,
1800-11-20 14:56:48,4989.0,2,0,27.0,1013.7,0.0,1,31,68.0,265,264,12.4,541,2.3,71,62.7,234,
1800-11-20 14:56:50,4991.0,3,0,28.0,1013.8,0.0,0,31,76.3,279,274,24.9,606,2.4,71,80.9,234,25.5
1800-11-20 14:56:52,4993.0,3,0,28.0,1013.8,0.0,0,31,80.0,307,301,27.7,595,3.0,72,86.5,233,
1800-11-20 14:56:54,4995.0,4,0,28.0,1013.8,0.0,0,31,82.7,337,330,30.4,596,3.2,72,94.1,233,
1800-11-20 14:56:56,4997.0,4,0,27.0,1013.8,0.0,1,31,84.0,366,360,29.0,605,3.3,72,89.1,233,
1800-11-20 14:56:58,4999.0,4,0,27.0,1013.9,0.0,0,31,80.7,375,374,20.0,578,3.1,73,79.9,233,
1800-11-20 14:57:00,5001.0,4,0,26.0,1013.8,0.0,0,31,80.7,375,374,20.0,579,3.1,73,79.9,233,25.03
1800-11-20 14:57:02,5003.0,4,0,26.0,1013.8,0.0,0,31,80.6,375,374,20.0,581,3.0,73,80.3,233,
1800-11-20 14:57:04,5005.0,4,0,26.0,1013.8,0.0,0,32,80.6,375,374,20.0,582,3.0,74,80.2,233,
1800-11-20 14:57:06,5007.0,4,0,26.0,1013.9,0.0,1,32,80.5,375,374,19.9,582,3.0,74,80.0,233,
1800-11-20 14:57:08,5009.0,4,0,26.0,1013.9,0.0,0,32,80.5,375,374,19.7,582,3.0,74,79.5,233,
1800-11-20 14:57:10,5011.0,4,0,26.0,1013.9,0.0,0,32,80.1,373,373,18.7,574,3.0,75,77.1,233,25.89
1800-11-20 14:57:12,5013.0,4,0,26.0,1013.9,0.0,0,32,80.0,373,372,18.5,575,3.0,75,77.5,233,
1800-11-20 14:57:14,5015.0,4,0,26.0,1014.0,0.0,1,32,80.0,372,372,18.9,578,3.0,75,78.3,233,
1800-11-20 14:57:16,5017.0,4,0,25.0,1013.9,0.0,0,32,80.1,372,371,19.1,581,2.9,76,78.4,233,
1800-11-20 14:57:18,5019.0,4,0,25.0,1013.9,0.0,0,32,80.2,371,371,19.0,580,2.9,76,78.3,233,
1800-11-20 14:57:20,5021.0,4,0,25.0,1013.9,0.0,0,32,80.3,371,371,19.4,581,3.0,76,78.9,233,24.98
1800-11-20 14:57:22,5023.0,4,0,25.0,1013.9,0.0,3,32,80.2,372,371,19.2,586,2.9,77,78.2,233,
1800-11-20 14:57:24,5025.0,4,0,25.0,1013.9,0.0,1,32,80.2,372,371,19.3,586,2.9,77,79.0,233,
1800-11-20 14:57:26,5027.0,4,0,25.0,1013.9,0.0,1,31,80.1,372,371,19.5,587,2.9,77,79.1,233,
1800-11-20 14:57:28,5029.0,4,0,25.0,1013.9,0.0,0,31,80.1,372,371,19.3,589,2.9,78,79.0,233,
1800-11-20 14:57:30,5031.0,4,0,25.0,1013.9,0.0,0,31,80.2,372,371,19.2,587,2.9,78,78.5,232,25.07
1800-11-20 14:57:32,5033.0,4,0,25.0,1013.9,0.0,0,31,80.2,372,371,19.4,586,2.9,78,78.3,232,
1800-11-20 14:57:34,5035.0,4,0,24.0,1013.8,0.0,1,31,80.2,372,371,19.5,586,2.9,77,79.0,232,
1800-11-20 14:57:36,5037.0,4,0,24.0,1014.0,0.0,0,31,80.2,372,371,19.3,586,2.9,77,77.9,232,
1800-11-20 14:57:38,5039.0,4,0,24.0,1014.0,0.0,0,31,80.4,371,371,19.3,584,2.9,76,77.6,232,
1800-11-20 14:57:40,5041.0,4,0,24.0,1013.9,0.0,0,32,80.3,371,371,19.3,584,3.0,76,78.2,232,26.24
1800-11-20 14:57:42,5043.0,4,0,24.0,1014.0,0.0,1,32,80.2,372,371,19.2,585,3.0,76,78.6,232,
1800-11-20 14:57:44,5045.0,4,0,24.0,1013.9,0.0,1,32,80.2,372,371,19.7,588,3.0,75,79.4,232,
1800-11-20 14:57:46,5047.0,4,0,24.0,1013.8,0.0,1,31,80.2,372,371,19.4,590,3.0,75,78.8,232,
1800-11-20 14:57:48,5049.0,4,0,25.0,1013.9,0.0,0,31,80.2,372,371,19.4,588,3.0,75,78.6,232,
1800-11-20 14:57:50,5051.0,4,0,25.0,1013.9,0.0,0,31,80.2,372,371,19.2,588,3.0,74,78.2,232,26.04
1800-11-20 14:57:52,5053.0,4,0,26.0,1013.9,0.0,0,31,80.2,372,371,19.3,587,3.0,74,78.2,232,
1800-11-20 14:57:54,5055.0,4,0,27.0,1013.9,0.0,0,31,80.3,372,371,19.2,586,3.0,74,78.2,232,
1800-11-20 14:57:56,5057.0,4,0,28.0,1013.9,0.0,0,31,80.2,372,371,19.4,587,3.0,73,78.2,232,
1800-11-20 14:57:58,5059.0,4,0,28.0,1013.9,0.0,0,31,80.2,372,371,19.3,586,3.0,73,78.2,232,
1800-11-20 14:58:00,5061.0,4,0,28.0,1013.9,0.0,0,31,80.1,372,371,19.2,585,3.0,73,78.1,232,25.08
1800-11-20 14:58:02,5063.0,4,0,29.0,1013.9,0.0,0,32,80.1,372,371,19.1,585,3.0,73,78.0,232,
1800-11-20 14:58:04,5065.0,4,0,29.0,1014.0,0.0,0,32,80.2,372,371,19.0,585,3.0,73,78.2,232,
1800-11-20 14:58:06,5067.0,4,0,28.0,1013.9,0.0,0,32,80.2,372,371,19.2,587,3.0,72,78.9,232,
1800-11-20 14:58:08,5069.0,4,0,28.0,1013.9,0.0,0,32,80.2,372,371,19.0,587,3.0,72,78.2,232,
1800-11-20 14:58:10,5071.0,4,0,28.0,1013.9,0.0,0,32,80.1,372,371,19.1,586,3.0,72,78.1,231,25.11
1800-11-20 14:58:12,5073.0,4,0,28.0,1013.9,0.0,0,32,80.0,372,371,18.9,587,3.0,72,78.2,231,
1800-11-20 14:58:14,5075.0,4,0,28.0,1013.9,0.0,0,32,80.1,372,371,18.7,587,3.0,72,77.6,231,
1800-11-20 14:58:16,5077.0,4,0,28.0,1013.9,0.0,0,32,80.1,372,371,18.9,586,3.0,72,78.0,231,
1800-11-20 14:58:18,5079.0,4,0,28.0,1013.9,0.0,0,32,80.1,372,371,18.9,586,3.0,72,78.1,231,
1800-11-20 14:58:20,5081.0,4,0,28.0,1013.9,0.0,0,32,80.1,372,371,19.1,588,3.0,71,78.6,231,25.46
1800-11-20 14:58:22,5083.0,4,0,28.0,1013.9,0.0,0,32,80.2,372,371,19.2,588,3.0,71,78.3,231,
1800-11-20 14:58:24,5085.0,4,0,29.0,1013.9,0.0,0,32,80.2,371,371,18.9,588,3.1,71,77.8,231,
1800-11-20 14:58:26,5087.0,4,0,29.0,1013.9,0.0,0,32,80.5,371,371,19.1,584,3.1,71,77.5,231,
1800-11-20 14:58:28,5089.0,4,0,29.0,1013.9,0.0,0,32,80.4,371,371,19.4,583,3.1,71,78.2,231,
1800-11-20 14:58:30,5091.0,4,0,28.0,1013.9,0.0,0,32,80.3,371,371,19.2,585,3.1,71,78.2,231,25.28
1800-11-20 14:58:32,5093.0,4,0,28.0,1013.9,0.0,0,32,80.2,372,371,19.1,586,3.1,71,78.1,231,
1800-11-20 14:58:34,5095.0,4,0,28.0,1013.9,0.0,0,32,80.2,372,371,19.1,586,3.1,71,78.1,231,
1800-11-20 14:58:36,5097.0,4,0,28.0,1013.9,0.0,0,32,80.2,372,371,18.7,587,3.1,71,77.6,231,
1800-11-20 14:58:38,5099.0,4,0,27.0,1014.0,0.0,0,32,82.4,373,371,26.9,602,3.1,71,100.7,231,
1800-11-20 14:58:40,5101.0,5,0,27.0,1015.1,0.0,0,32,89.2,381,380,50.8,663,3.5,71,140.9,231,25.59
1800-11-20 14:58:42,5103.0,5,1,27.0,1015.0,0.0,0,32,94.2,383,381,73.7,730,4.0,71,153.2,231,
1800-11-20 14:58:44,5105.0,5,1,27.0,1014.8,0.0,0,31,94.8,386,386,75.6,736,4.2,71,157.3,230,
1800-11-20 14:58:46,5107.0,5,1,28.0,1015.0,2.0,0,31,94.8,388,388,74.3,737,4.2,71,156.1,230,
1800-11-20 14:58:48,5109.0,5,1,28.0,1014.9,4.0,0,31,95.2,391,390,75.7,746,4.2,71,155.1,230,
1800-11-20 14:58:50,5111.0,5,1,29.0,1014.9,6.0,0,31,94.3,392,392,74.2,744,4.1,71,154.7,230,25.61
1800-11-20 14:58:52,5113.0,5,1,30.0,1014.6,9.0,0,31,95.1,392,392,75.6,750,4.1,71,156.6,230,
1800-11-20 14:58:54,5115.0,5,1,31.0,1014.6,13.0,0,31,95.6,393,393,79.8,761,4.2,71,164.0,230,
1800-11-20 14:58:56,5117.0,5,1,31.0,1014.2,17.0,0,31,96.4,394,394,80.7,769,4.3,71,163.3,230,
1800-11-20 14:58:58,5119.0,5,1,32.0,1013.6,20.0,3,31,95.7,395,394,78.5,768,4.2,71,157.1,230,
1800-11-20 14:59:00,5121.0,5,1,32.0,1013.8,22.0,18,31,94.1,394,394,71.3,754,4.0,71,147.5,230,24.88
1800-11-20 14:59:02,5123.0,5,1,32.0,1013.7,24.0,24,31,93.8,393,393,69.6,746,4.0,72,144.4,230,
1800-11-20 14:59:04,5125.0,5,1,32.0,1013.5,31.0,50,31,92.8,392,392,66.1,738,4.0,72,143.9,230,
1800-11-20 14:59:06,5127.0,5,1,31.0,1013.3,39.0,79,31,93.5,390,390,70.6,747,4.0,72,149.0,230,
1800-11-20 14:59:08,5129.0,5,1,32.0,1013.0,54.0,90,31,93.8,389,389,71.6,752,4.0,73,148.0,229,
1800-11-20 14:59:10,5131.0,7,1,33.0,1012.3,65.0,92,31,93.2,388,387,68.5,746,4.0,73,142.7,229,25.78
1800-11-20 14:59:12,5133.0,7,1,38.0,1011.2,70.0,92,31,92.9,386,386,67.0,742,4.0,73,141.3,229,
1800-11-20 14:59:14,5135.0,7,1,46.0,1010.2,70.0,94,31,92.9,385,385,67.6,740,3.9,74,141.5,229,
1800-11-20 14:59:16,5137.0,7,1,57.0,1009.0,69.0,96,31,92.9,384,384,67.6,740,3.9,74,141.2,229,
1800-11-20 14:59:18,5139.0,7,1,67.0,1008.2,69.0,94,31,92.7,385,384,65.4,738,3.9,74,137.3,229,
1800-11-20 14:59:20,5141.0,7,1,76.0,1007.1,70.0,103,31,92.5,385,384,65.7,737,3.9,74,139.9,229,25.67
1800-11-20 14:59:22,5143.0,7,1,85.0,1006.6,76.0,101,30,92.6,385,384,65.5,736,3.9,74,137.9,229,
1800-11-20 14:59:24,5145.0,7,1,93.0,1005.7,78.0,103,30,92.5,385,385,65.4,734,3.9,74,138.3,229,
1800-11-20 14:59:26,5147.0,7,1,98.0,1005.1,80.0,109,30,92.6,385,384,66.8,735,3.9,74,140.8,229,
1800-11-20 14:59:28,5149.0,7,1,102.0,1004.6,85.0,112,30,92.6,385,385,66.5,736,3.9,74,140.6,229,
1800-11-20 14:59:30,5151.0,7,1,106.0,1004.0,89.0,120,29,92.9,384,384,67.5,741,3.9,74,141.0,229,25.56
1800-11-20 14:59:32,5153.0,7,1,110.0,1003.6,96.0,125,29,92.7,384,384,66.8,736,3.9,74,142.0,229,
1800-11-20 14:59:34,5155.0,7,1,114.0,1003.0,104.0,131,29,93.3,385,385,68.9,744,3.9,74,143.2,228,
1800-11-20 14:59:36,5157.0,7,1,118.0,1002.7,111.0,140,29,93.3,385,385,68.5,745,3.9,73,143.0,228,
1800-11-20 14:59:38,5159.0,7,1,121.0,1002.5,119.0,138,29,93.0,386,385,67.0,741,3.9,73,140.3,228,
1800-11-20 14:59:40,5161.0,7,1,124.0,1002.1,122.0,142,29,92.7,386,385,66.0,738,3.9,73,137.3,228,25.43
1800-11-20 14:59:42,5163.0,7,1,127.0,1001.5,126.0,142,29,92.6,385,385,65.1,735,3.9,73,138.1,228,
1800-11-20 14:59:44,5165.0,7,1,131.0,1000.8,130.0,144,28,92.8,385,385,66.1,738,3.9,73,139.1,228,
1800-11-20 14:59:46,5167.0,7,1,137.0,1000.6,133.0,144,28,92.7,386,385,65.3,736,3.9,73,137.6,228,
1800-11-20 14:59:48,5169.0,7,1,142.0,999.9,139.0,146,28,92.7,386,385,65.0,735,3.9,72,138.0,228,
1800-11-20 14:59:50,5171.0,7,1,146.0,999.5,141.0,140,28,92.8,385,385,66.8,736,3.9,72,140.8,228,25.58
1800-11-20 14:59:52,5173.0,7,1,150.0,998.9,144.0,146,28,92.9,385,385,66.0,737,3.9,72,139.0,228,
1800-11-20 14:59:54,5175.0,7,1,154.0,998.2,148.0,148,28,92.8,386,385,65.8,737,4.0,72,138.2,228,
1800-11-20 14:59:56,5177.0,7,1,160.0,997.7,150.0,146,28,92.8,386,385,65.6,736,4.0,71,138.0,227,
1800-11-20 14:59:58,5179.0,7,1,166.0,996.8,152.0,146,28,92.9,386,385,66.0,736,4.0,71,138.9,227,
1800-11-20 15:00:00,5181.0,7,1,173.0,996.3,156.0,144,28,92.9,385,385,66.2,737,4.0,71,138.4,227,25.61
1800-11-20 15:00:02,5183.0,7,1,179.0,995.8,157.0,148,28,92.7,386,385,65.0,734,4.0,71,136.9,227,
1800-11-20 15:00:04,5185.0,7,1,187.0,995.4,163.0,150,28,92.6,386,385,64.2,733,4.0,71,135.5,227,
1800-11-20 15:00:06,5187.0,7,1,193.0,994.7,167.0,150,28,92.5,386,385,63.5,732,4.0,70,135.2,227,
1800-11-20 15:00:08,5189.0,7,1,199.0,994.0,170.0,148,28,92.4,386,385,63.3,731,4.0,70,134.9,227,
1800-11-20 15:00:10,5191.0,7,1,205.0,993.3,172.0,146,27,92.6,386,385,64.4,732,4.0,70,136.1,227,25.42
1800-11-20 15:00:12,5193.0,7,1,211.0,992.6,174.0,150,27,92.7,386,385,64.7,732,4.0,70,136.5,227,
1800-11-20 15:00:14,5195.0,7,1,216.0,992.4,178.0,146,27,92.7,386,385,64.2,732,4.0,70,135.8,227,
1800-11-20 15:00:16,5197.0,7,1,219.0,992.2,183.0,150,27,92.5,386,385,63.6,731,4.0,70,134.3,227,
1800-11-20 15:00:18,5199.0,7,1,222.0,991.7,187.0,150,27,92.4,385,385,64.0,731,4.0,69,136.4,226,
1800-11-20 15:00:20,5201.0,7,1,225.0,991.1,189.0,150,27,92.8,385,385,65.2,735,4.0,69,137.2,226,25.51
1800-11-20 15:00:22,5203.0,7,1,228.0,990.6,189.0,151,27,92.8,386,385,64.8,735,4.0,69,136.1,226,
1800-11-20 15:00:24,5205.0,7,1,232.0,990.1,187.0,150,27,92.6,386,385,64.2,733,4.0,69,135.2,226,
1800-11-20 15:00:26,5207.0,7,1,235.0,989.8,183.0,151,27,92.8,385,385,66.6,733,4.0,69,140.0,226,
1800-11-20 15:00:28,5209.0,7,1,239.0,989.6,181.0,153,27,93.1,386,385,66.9,739,4.0,69,139.2,226,
1800-11-20 15:00:30,5211.0,7,1,241.0,989.2,178.0,155,27,93.0,386,385,66.1,737,4.0,69,138.1,226,25.66
1800-11-20 15:00:32,5213.0,7,1,244.0,989.0,176.0,159,27,93.1,386,385,66.5,738,4.0,69,138.4,226,
1800-11-20 15:00:34,5215.0,7,1,246.0,988.9,174.0,157,27,92.9,386,386,65.3,736,4.0,68,136.8,226,
1800-11-20 15:00:36,5217.0,7,1,246.0,988.8,174.0,161,27,92.5,386,386,64.2,734,4.0,68,134.5,226,
1800-11-20 15:00:38,5219.0,7,1,248.0,988.4,172.0,161,27,92.6,386,385,65.5,732,4.0,68,138.6,226,
1800-11-20 15:00:40,5221.0,7,1,251.0,988.1,170.0,162,27,93.1,386,386,66.0,738,4.0,68,137.4,226,25.58
1800-11-20 15:00:42,5223.0,7,1,254.0,987.9,170.0,161,27,92.9,386,386,65.1,736,4.0,68,136.4,225,
1800-11-20 15:00:44,5225.0,7,1,257.0,987.4,170.0,159,27,92.7,386,385,64.6,734,4.0,68,135.8,225,
1800-11-20 15:00:46,5227.0,7,1,261.0,987.2,170.0,161,27,92.7,386,385,64.3,733,4.0,68,135.5,225,
1800-11-20 15:00:48,5229.0,7,1,265.0,986.5,170.0,159,27,93.6,386,385,70.2,742,4.0,67,148.4,225,
1800-11-20 15:00:50,5231.0,7,1,269.0,985.5,169.0,159,27,94.8,386,386,78.1,761,4.2,67,156.0,225,25.55
1800-11-20 15:00:52,5233.0,7,1,274.0,984.6,167.0,159,27,94.9,386,386,77.8,766,4.2,67,152.8,225,
1800-11-20 15:00:54,5235.0,7,1,281.0,983.5,167.0,157,27,94.8,386,386,76.5,763,4.2,67,150.6,225,
1800-11-20 15:00:56,5237.0,7,1,292.0,982.4,165.0,150,27,94.6,386,386,75.8,762,4.2,67,149.8,225,
1800-11-20 15:00:58,5239.0,7,1,304.0,981.3,163.0,150,27,94.6,386,386,75.4,761,4.2,67,148.9,225,
1800-11-20 15:01:00,5241.0,7,1,316.0,980.2,161.0,151,26,94.5,386,386,75.0,760,4.2,67,148.2,225,26.16
1800-11-20 15:01:02,5243.0,7,1,330.0,979.0,157.0,153,26,94.4,386,386,74.3,759,4.2,67,147.0,224,
1800-11-20 15:01:04,5245.0,7,1,340.0,977.9,157.0,148,26,94.2,386,386,73.5,758,4.2,67,146.7,224,
1800-11-20 15:01:06,5247.0,7,1,350.0,976.9,156.0,150,26,94.2,386,386,73.1,756,4.2,66,145.7,224,
1800-11-20 15:01:08,5249.0,7,1,358.0,975.8,154.0,146,26,94.2,386,386,73.2,756,4.2,66,146.1,224,
1800-11-20 15:01:10,5251.0,7,1,368.0,974.7,152.0,144,26,94.1,386,386,73.2,756,4.2,66,146.1,224,24.71
1800-11-20 15:01:12,5253.0,7,1,378.0,973.6,150.0,142,26,94.2,386,386,73.3,756,4.1,66,145.6,224,
1800-11-20 15:01:14,5255.0,7,1,387.0,972.4,150.0,142,26,94.1,386,386,73.0,755,4.2,66,144.9,224,
1800-11-20 15:01:16,5257.0,7,1,395.0,971.5,150.0,144,26,94.0,386,386,72.5,754,4.1,66,144.1,224,
1800-11-20 15:01:18,5259.0,7,1,403.0,970.5,150.0,144,26,94.0,386,386,72.1,753,4.2,66,143.7,224,
1800-11-20 15:01:20,5261.0,7,1,411.0,969.4,148.0,142,26,93.9,386,386,71.9,752,4.1,66,143.7,223,25.42
1800-11-20 15:01:22,5263.0,7,1,420.0,968.3,148.0,140,26,94.0,386,385,72.4,752,4.2,66,144.4,223,
1800-11-20 15:01:24,5265.0,7,1,429.0,967.2,146.0,138,26,94.0,386,386,72.2,753,4.1,66,143.9,223,
1800-11-20 15:01:26,5267.0,7,1,438.0,966.3,146.0,140,25,94.0,386,386,72.1,753,4.1,66,143.6,223,
1800-11-20 15:01:28,5269.0,7,1,445.0,965.5,146.0,140,25,93.9,386,386,71.6,751,4.1,66,142.7,223,
1800-11-20 15:01:30,5271.0,7,1,453.0,964.6,146.0,142,25,93.9,386,386,71.8,752,4.1,66,142.9,223,26.13
1800-11-20 15:01:32,5273.0,7,1,461.0,963.7,148.0,140,25,93.8,386,386,71.5,751,4.2,66,142.2,223,
1800-11-20 15:01:34,5275.0,7,1,469.0,962.8,148.0,140,25,93.9,386,386,71.5,750,4.1,66,142.3,223,
1800-11-20 15:01:36,5277.0,7,1,476.0,961.9,148.0,140,25,93.9,386,386,71.6,750,4.1,66,141.8,223,
1800-11-20 15:01:38,5279.0,7,1,484.0,960.9,150.0,138,25,93.9,386,386,71.2,750,4.1,66,142.3,223,
1800-11-20 15:01:40,5281.0,7,1,493.0,960.1,150.0,140,25,94.0,386,386,71.9,750,4.1,66,142.5,223,25.58
1800-11-20 15:01:42,5283.0,7,1,501.0,959.2,150.0,142,25,93.8,386,386,70.7,748,4.1,66,140.8,222,
1800-11-20 15:01:44,5285.0,7,1,510.0,958.4,152.0,142,25,93.8,386,386,70.8,748,4.1,66,141.3,222,
1800-11-20 15:01:46,5287.0,7,1,517.0,957.4,154.0,142,25,93.8,386,386,70.5,748,4.1,66,140.6,222,
1800-11-20 15:01:48,5289.0,7,1,525.0,956.6,154.0,144,25,93.6,386,386,69.7,747,4.1,66,139.8,222,
1800-11-20 15:01:50,5291.0,7,1,533.0,955.8,156.0,144,24,93.7,386,386,70.0,747,4.1,66,140.4,222,25.39
1800-11-20 15:01:52,5293.0,7,1,540.0,955.0,156.0,146,24,93.7,386,386,70.0,746,4.1,65,139.9,222,
1800-11-20 15:01:54,5295.0,7,1,548.0,954.2,156.0,146,24,93.7,386,386,70.1,746,4.1,65,140.0,222,
1800-11-20 15:01:56,5297.0,7,1,555.0,953.4,157.0,146,24,93.7,387,386,69.7,745,4.1,65,139.3,222,
1800-11-20 15:01:58,5299.0,7,1,563.0,952.8,157.0,144,24,93.6,386,386,69.4,745,4.1,65,139.0,222,
1800-11-20 15:02:00,5301.0,7,1,570.0,951.8,157.0,144,24,93.6,387,386,69.6,745,4.1,65,139.0,222,25.64
1800-11-20 15:02:02,5303.0,7,1,576.0,951.0,157.0,144,24,93.7,386,386,69.8,745,4.1,65,139.3,222,
1800-11-20 15:02:04,5305.0,7,1,583.0,950.2,157.0,146,24,93.7,387,386,69.9,745,4.1,65,139.2,221,
1800-11-20 15:02:06,5307.0,7,1,590.0,949.5,157.0,146,24,93.6,387,386,69.4,745,4.1,65,138.0,221,
1800-11-20 15:02:08,5309.0,7,1,597.0,949.0,159.0,148,24,93.5,387,386,69.1,744,4.1,65,138.1,221,
1800-11-20 15:02:10,5311.0,7,1,603.0,948.4,161.0,146,24,93.6,387,386,68.9,744,4.1,65,137.4,221,25.77
1800-11-20 15:02:12,5313.0,7,1,609.0,947.5,163.0,146,24,93.5,387,386,68.5,742,4.1,65,137.9,221,
1800-11-20 15:02:14,5315.0,7,1,614.0,946.9,163.0,148,24,93.5,387,386,68.9,743,4.1,65,137.6,221,
1800-11-20 15:02:16,5317.0,7,1,620.0,946.4,163.0,146,24,93.5,387,386,68.6,743,4.1,65,137.1,221,
1800-11-20 15:02:18,5319.0,7,1,626.0,945.6,165.0,148,24,93.5,387,386,68.6,741,4.1,65,137.6,221,
1800-11-20 15:02:20,5321.0,7,1,632.0,945.0,165.0,150,23,93.6,387,386,68.6,742,4.1,65,137.3,221,25.72
1800-11-20 15:02:22,5323.0,7,1,638.0,944.4,167.0,150,23,93.5,387,386,68.4,742,4.1,65,136.5,221,
1800-11-20 15:02:24,5325.0,7,1,644.0,943.7,167.0,146,23,93.5,387,386,68.3,742,4.1,65,136.4,221,
1800-11-20 15:02:26,5327.0,7,1,651.0,942.8,169.0,150,23,93.5,387,386,68.5,742,4.1,65,137.4,220,
1800-11-20 15:02:28,5329.0,7,1,658.0,942.2,169.0,150,23,93.6,387,386,68.6,741,4.1,64,136.8,220,
1800-11-20 15:02:30,5331.0,7,1,665.0,941.4,169.0,150,23,93.6,387,386,68.6,742,4.1,64,136.8,220,25.68
1800-11-20 15:02:32,5333.0,7,1,672.0,940.9,169.0,150,23,93.6,387,386,68.3,742,4.1,64,136.8,220,
1800-11-20 15:02:34,5335.0,7,1,677.0,940.3,170.0,151,23,93.4,387,386,68.1,741,4.1,64,136.7,220,
1800-11-20 15:02:36,5337.0,7,1,684.0,939.7,172.0,151,23,93.6,387,386,68.3,741,4.1,64,136.2,220,
1800-11-20 15:02:38,5339.0,7,1,689.0,939.2,172.0,153,23,93.5,387,387,67.9,740,4.1,64,135.8,220,
1800-11-20 15:02:40,5341.0,7,1,694.0,938.8,174.0,151,23,93.4,387,387,67.7,739,4.1,64,135.5,220,26.34
1800-11-20 15:02:42,5343.0,7,1,698.0,938.4,176.0,153,23,93.5,387,387,67.7,740,4.1,64,135.5,220,
1800-11-20 15:02:44,5345.0,7,1,703.0,938.0,178.0,157,23,93.4,387,387,67.5,740,4.1,64,134.9,220,
1800-11-20 15:02:46,5347.0,7,1,707.0,937.6,180.0,157,23,93.3,387,387,67.0,739,4.1,64,134.0,220,
1800-11-20 15:02:48,5349.0,7,1,711.0,937.3,180.0,161,23,93.3,387,387,67.2,739,4.1,64,135.6,220,
1800-11-20 15:02:50,5351.0,7,1,714.0,936.9,181.0,161,23,93.3,387,387,66.8,738,4.1,64,133.6,219,25.64
1800-11-20 15:02:52,5353.0,7,1,718.0,936.7,183.0,162,23,93.2,387,387,66.3,738,4.1,64,133.4,219,
1800-11-20 15:02:54,5355.0,7,1,720.0,936.5,185.0,161,23,93.0,387,387,65.2,735,4.1,64,131.8,219,
1800-11-20 15:02:56,5357.0,7,1,722.0,936.4,187.0,162,23,92.9,387,387,64.4,734,4.1,64,131.6,219,
1800-11-20 15:02:58,5359.0,7,1,724.0,935.9,187.0,162,23,92.8,387,387,63.8,732,4.1,63,130.3,219,
1800-11-20 15:03:00,5361.0,7,1,726.0,935.6,187.0,164,23,92.8,387,387,63.5,731,4.1,63,130.1,219,25.8
1800-11-20 15:03:02,5363.0,7,1,729.0,935.4,187.0,164,23,92.8,387,387,63.1,730,4.1,63,129.6,219,
1800-11-20 15:03:04,5365.0,7,1,731.0,935.1,187.0,164,23,92.7,387,387,63.2,730,4.1,63,129.7,219,
1800-11-20 15:03:06,5367.0,7,1,734.0,934.9,187.0,164,23,92.7,387,387,62.7,729,4.1,63,128.8,219,
1800-11-20 15:03:08,5369.0,7,1,735.0,934.8,189.0,166,23,92.5,387,387,62.0,728,4.1,63,127.3,219,
1800-11-20 15:03:10,5371.0,7,1,737.0,934.6,189.0,164,23,92.4,388,387,61.3,725,4.1,63,126.6,219,25.72
1800-11-20 15:03:12,5373.0,7,1,738.0,934.4,189.0,164,22,92.4,387,387,60.9,723,4.0,63,126.7,219,
1800-11-20 15:03:14,5375.0,7,1,740.0,934.1,189.0,164,22,92.3,388,387,60.7,724,4.0,63,126.2,218,
1800-11-20 15:03:16,5377.0,7,1,743.0,933.7,187.0,162,23,92.2,388,387,60.3,722,4.0,63,125.7,218,
1800-11-20 15:03:18,5379.0,7,1,746.0,933.4,187.0,164,22,92.1,387,387,60.7,722,4.0,63,126.5,218,
1800-11-20 15:03:20,5381.0,7,1,749.0,933.2,187.0,162,22,92.1,387,387,60.7,722,4.1,62,125.9,218,25.62
1800-11-20 15:03:22,5383.0,7,1,752.0,933.1,189.0,162,22,92.1,387,387,60.5,721,4.1,62,125.5,218,
1800-11-20 15:03:24,5385.0,7,1,753.0,933.0,189.0,164,22,92.1,388,387,59.7,720,4.1,62,123.8,218,
1800-11-20 15:03:26,5387.0,7,1,753.0,933.0,189.0,164,22,91.3,387,387,54.8,711,4.0,62,117.6,218,
1800-11-20 15:03:28,5389.0,7,1,752.0,933.0,191.0,164,22,90.7,387,387,51.2,702,3.9,62,114.4,218,
1800-11-20 15:03:30,5391.0,7,1,752.0,933.3,191.0,162,22,90.4,387,387,50.2,698,3.9,62,114.4,218,25.32
1800-11-20 15:03:32,5393.0,7,1,751.0,933.4,191.0,162,23,90.7,387,387,50.8,700,3.9,62,115.1,218,
1800-11-20 15:03:34,5395.0,7,1,749.0,933.6,191.0,162,23,90.6,387,387,50.5,697,3.9,62,114.3,218,
1800-11-20 15:03:36,5397.0,7,1,747.0,933.9,191.0,164,23,90.6,388,387,50.4,697,3.9,62,114.8,218,
1800-11-20 15:03:38,5399.0,7,1,743.0,934.3,191.0,164,23,90.6,388,387,49.7,694,3.9,62,113.6,218,
1800-11-20 15:03:40,5401.0,7,1,740.0,934.8,193.0,164,23,90.2,388,387,48.4,691,3.9,62,111.4,217,25.49
1800-11-20 15:03:42,5403.0,7,1,735.0,935.2,194.0,166,23,90.0,388,387,47.5,687,3.9,62,111.0,217,
1800-11-20 15:03:44,5405.0,7,1,730.0,935.6,194.0,164,23,89.7,388,387,46.9,685,3.9,62,109.7,217,
1800-11-20 15:03:46,5407.0,7,1,724.0,936.2,196.0,168,23,89.2,388,388,44.4,677,3.8,61,105.7,217,
1800-11-20 15:03:48,5409.0,7,1,719.0,936.8,196.0,168,23,88.6,388,388,42.7,670,3.8,61,105.2,217,
1800-11-20 15:03:50,5411.0,7,1,714.0,937.3,196.0,170,23,89.3,388,388,45.3,673,3.8,61,109.5,217,25.72
1800-11-20 15:03:52,5413.0,7,1,708.0,937.7,196.0,168,23,89.5,388,388,44.9,675,3.9,61,108.3,217,
1800-11-20 15:03:54,5415.0,7,1,701.0,938.3,196.0,170,23,89.6,388,388,45.4,676,3.9,61,108.7,217,
1800-11-20 15:03:56,5417.0,7,1,694.0,939.2,198.0,170,23,89.1,388,388,43.9,671,3.8,61,106.3,217,
1800-11-20 15:03:58,5419.0,7,1,688.0,939.9,198.0,172,23,89.3,388,388,45.4,670,3.8,61,111.1,217,
1800-11-20 15:04:00,5421.0,7,1,682.0,940.4,198.0,170,23,89.9,388,387,48.1,678,3.9,61,114.0,217,25.26
1800-11-20 15:04:02,5423.0,7,1,678.0,940.9,198.0,172,23,90.7,388,387,49.7,687,3.9,61,114.9,217,
1800-11-20 15:04:04,5425.0,7,1,673.0,941.3,198.0,170,23,90.5,388,387,49.3,687,3.9,61,114.5,217,
1800-11-20 15:04:07,5428.0,7,1,670.0,941.6,198.0,170,23,90.6,388,387,49.4,686,3.9,61,114.7,217,
1800-11-20 15:04:09,5430.0,7,1,667.0,942.1,196.0,166,23,90.4,387,387,48.7,684,3.9,61,113.8,216,
1800-11-20 15:04:11,5432.0,7,1,663.0,942.6,196.0,166,23,90.3,387,386,47.9,683,3.9,61,111.1,216,24.64
1800-11-20 15:04:13,5434.0,7,1,659.0,942.9,198.0,168,23,89.8,388,387,46.5,678,3.9,61,110.8,216,
1800-11-20 15:04:15,5436.0,7,1,655.0,943.3,198.0,168,23,90.0,387,387,48.4,678,3.9,61,114.0,216,
1800-11-20 15:04:17,5438.0,7,1,650.0,944.2,198.0,170,23,90.3,387,387,48.7,684,3.9,61,113.3,216,
1800-11-20 15:04:19,5440.0,7,1,644.0,944.9,200.0,170,23,90.2,388,387,48.1,682,3.9,61,112.6,216,
1800-11-20 15:04:21,5442.0,7,1,637.0,945.6,200.0,170,23,90.1,388,388,47.3,680,3.9,61,111.6,216,25.61
1800-11-20 15:04:23,5444.0,7,1,631.0,946.3,198.0,170,23,89.9,387,388,47.0,679,3.9,61,112.2,216,
1800-11-20 15:04:25,5446.0,7,1,624.0,947.0,198.0,168,24,90.3,387,387,48.4,682,3.9,61,113.5,216,
1800-11-20 15:04:27,5448.0,7,1,616.0,948.0,198.0,168,24,90.0,388,387,46.9,679,3.9,61,110.8,216,
1800-11-20 15:04:29,5450.0,7,1,608.0,948.5,198.0,172,23,89.8,388,387,47.6,677,3.9,61,114.1,216,
1800-11-20 15:04:31,5452.0,7,1,601.0,949.2,198.0,170,23,90.1,388,387,47.8,683,3.9,61,111.8,216,26.3
1800-11-20 15:04:33,5454.0,7,1,594.0,949.8,198.0,174,24,89.7,388,388,45.7,676,3.9,61,109.9,216,
1800-11-20 15:04:35,5456.0,7,1,587.0,950.4,196.0,172,24,89.7,388,388,46.8,676,3.9,61,113.3,216,
1800-11-20 15:04:37,5458.0,7,1,582.0,950.9,194.0,170,24,90.2,388,387,48.8,682,3.9,60,114.4,216,
1800-11-20 15:04:39,5460.0,7,1,579.0,951.2,193.0,164,24,90.3,387,387,49.8,685,4.0,60,117.0,216,
1800-11-20 15:04:41,5462.0,7,1,576.0,951.4,189.0,162,24,90.7,387,387,50.7,690,4.0,60,116.8,216,25.57
1800-11-20 15:04:43,5464.0,7,1,576.0,951.9,189.0,159,24,90.1,387,387,48.8,684,4.0,60,113.8,215,
1800-11-20 15:04:45,5466.0,7,1,574.0,952.1,189.0,159,24,90.7,387,386,52.6,689,3.9,60,121.6,215,
1800-11-20 15:04:47,5468.0,7,1,573.0,952.2,187.0,162,24,91.0,387,386,53.0,696,4.0,60,119.4,215,
1800-11-20 15:04:49,5470.0,7,1,572.0,952.2,187.0,168,24,91.1,387,386,54.0,695,4.0,60,122.7,215,
1800-11-20 15:04:51,5472.0,7,1,570.0,952.6,185.0,161,24,91.9,387,386,57.5,703,4.1,60,126.9,215,25.84
1800-11-20 15:04:53,5474.0,7,1,569.0,952.7,185.0,155,24,91.8,386,386,56.5,707,4.1,60,123.9,215,
1800-11-20 15:04:55,5476.0,7,1,569.0,952.8,183.0,153,24,91.7,386,386,56.9,707,4.1,60,124.7,215,
1800-11-20 15:04:57,5478.0,7,1,569.0,952.7,183.0,159,24,91.3,387,386,54.8,704,4.1,60,120.8,215,
1800-11-20 15:04:59,5480.0,7,1,570.0,952.2,181.0,162,24,91.1,387,386,52.7,700,4.0,60,118.7,215,
1800-11-20 15:05:01,5482.0,7,1,573.0,952.0,180.0,159,24,90.9,386,386,54.1,699,4.0,60,120.5,215,26.29
1800-11-20 15:05:03,5484.0,7,1,575.0,952.0,176.0,161,24,90.7,386,386,51.0,695,4.0,60,116.7,215,
1800-11-20 15:05:05,5486.0,7,1,577.0,952.0,172.0,157,24,90.3,387,386,49.9,690,4.0,60,114.6,215,
1800-11-20 15:05:07,5488.0,7,1,580.0,951.8,169.0,150,24,90.2,387,386,50.3,689,3.9,60,116.4,215,
1800-11-20 15:05:09,5490.0,7,1,582.0,951.7,167.0,148,24,90.7,386,386,52.0,694,4.0,60,120.4,215,
1800-11-20 15:05:11,5492.0,7,1,584.0,951.5,165.0,144,24,91.6,386,386,58.0,704,4.0,60,126.4,215,25.82
1800-11-20 15:05:13,5494.0,7,1,585.0,951.2,163.0,138,24,91.6,386,386,56.7,707,4.1,60,123.5,215,
1800-11-20 15:05:15,5496.0,7,1,587.0,950.6,163.0,144,24,91.6,385,385,57.0,705,4.1,60,125.4,215,
1800-11-20 15:05:17,5498.0,7,1,590.0,950.4,163.0,144,24,92.0,386,385,58.2,710,4.1,60,126.6,215,
1800-11-20 15:05:19,5500.0,7,1,593.0,950.0,165.0,142,24,92.1,385,385,59.6,714,4.1,60,126.4,215,
1800-11-20 15:05:21,5502.0,7,1,596.0,949.4,165.0,142,24,91.7,386,386,57.0,709,4.1,60,124.2,215,25.66
1800-11-20 15:05:23,5504.0,7,1,600.0,948.7,167.0,146,24,92.0,385,385,60.2,711,4.1,61,128.1,214,
1800-11-20 15:05:25,5506.0,7,1,607.0,948.5,165.0,144,24,91.8,387,386,59.9,712,4.1,61,125.6,214,
1800-11-20 15:05:27,5508.0,7,1,613.0,947.9,163.0,140,24,91.8,386,386,60.3,711,4.1,61,127.0,214,
1800-11-20 15:05:29,5510.0,7,1,618.0,947.4,163.0,146,24,91.9,387,386,60.5,711,4.1,61,126.7,214,
1800-11-20 15:05:31,5512.0,7,1,623.0,946.8,163.0,142,24,91.9,387,386,60.0,711,4.1,61,126.8,214,25.65
1800-11-20 15:05:33,5514.0,7,1,628.0,946.2,161.0,142,24,91.8,387,386,60.3,711,4.1,61,125.8,214,
1800-11-20 15:05:35,5516.0,7,1,632.0,945.3,161.0,140,24,91.9,386,386,61.1,711,4.1,61,128.7,214,
1800-11-20 15:05:37,5518.0,7,1,636.0,944.8,161.0,137,24,92.2,387,386,62.5,715,4.1,61,129.0,214,
1800-11-20 15:05:39,5520.0,7,1,639.0,944.4,161.0,137,24,92.2,386,386,62.3,715,4.1,61,129.2,214,
1800-11-20 15:05:41,5522.0,7,1,643.0,943.5,157.0,138,24,92.2,387,386,62.6,716,4.1,61,128.3,214,25.66
1800-11-20 15:05:43,5524.0,7,1,647.0,942.6,156.0,138,24,91.9,386,386,61.3,714,4.1,61,127.8,214,
1800-11-20 15:05:45,5526.0,7,1,655.0,941.9,156.0,137,24,92.6,386,386,66.2,720,4.1,61,135.9,214,
1800-11-20 15:05:47,5528.0,7,1,662.0,941.2,154.0,137,24,92.6,387,386,64.8,723,4.2,61,131.2,214,
1800-11-20 15:05:49,5530.0,7,1,668.0,940.1,152.0,135,24,92.2,387,386,63.6,717,4.1,61,132.8,214,
1800-11-20 15:05:51,5532.0,7,1,677.0,939.0,150.0,129,23,93.1,387,386,67.1,729,4.2,61,134.7,214,25.62
1800-11-20 15:05:53,5534.0,7,1,686.0,937.5,146.0,122,23,93.1,386,386,67.5,730,4.2,61,135.8,214,
1800-11-20 15:05:55,5536.0,7,1,696.0,936.3,137.0,120,23,93.0,386,386,66.8,728,4.1,61,132.6,214,
1800-11-20 15:05:57,5538.0,7,1,705.0,935.3,135.0,118,23,92.6,387,386,65.5,724,4.1,61,132.6,213,
1800-11-20 15:05:59,5540.0,7,1,715.0,934.3,131.0,116,23,92.6,387,386,65.2,725,4.2,61,130.8,213,
1800-11-20 15:06:01,5542.0,7,1,725.0,933.3,130.0,116,23,92.6,386,386,65.0,724,4.1,61,131.4,213,25.82
1800-11-20 15:06:03,5544.0,7,1,736.0,932.2,130.0,120,23,92.6,387,386,64.7,725,4.1,61,130.0,213,
1800-11-20 15:06:05,5546.0,7,1,746.0,931.3,128.0,116,23,92.4,387,387,63.6,722,4.1,61,128.8,213,
1800-11-20 15:06:07,5548.0,7,1,757.0,930.3,126.0,112,23,92.2,387,387,62.0,720,4.1,61,126.7,213,
1800-11-20 15:06:09,5550.0,7,1,769.0,929.2,126.0,111,23,92.1,386,386,62.4,718,4.1,61,128.0,213,
1800-11-20 15:06:11,5552.0,7,1,779.0,928.6,122.0,103,23,92.5,386,386,66.6,721,4.1,62,136.3,213,25.98
1800-11-20 15:06:13,5554.0,7,1,788.0,928.4,122.0,100,23,93.5,386,386,71.0,733,4.2,62,138.8,213,
1800-11-20 15:06:15,5556.0,7,1,794.0,927.7,119.0,98,23,92.8,387,387,65.6,730,4.1,62,130.1,213,
1800-11-20 15:06:17,5558.0,7,1,805.0,926.7,111.0,88,23,92.7,387,386,65.2,726,4.1,62,130.7,213,
1800-11-20 15:06:19,5560.0,7,1,816.0,925.6,109.0,88,22,92.7,386,386,66.2,726,4.1,62,133.1,213,
1800-11-20 15:06:21,5562.0,7,1,827.0,924.5,109.0,90,22,92.9,386,386,66.5,729,4.1,62,132.5,213,25.81
1800-11-20 15:06:23,5564.0,7,1,838.0,923.7,109.0,94,22,92.7,387,386,65.6,726,4.1,62,131.2,213,
1800-11-20 15:06:25,5566.0,7,1,849.0,923.0,107.0,96,22,92.7,387,386,65.5,726,4.1,62,130.9,212,
1800-11-20 15:06:27,5568.0,7,1,858.0,922.2,107.0,100,22,92.4,387,386,64.0,722,4.1,62,128.6,212,
1800-11-20 15:06:29,5570.0,7,1,867.0,921.7,107.0,100,22,92.4,387,386,64.3,722,4.1,63,130.0,212,
1800-11-20 15:06:31,5572.0,7,1,876.0,921.2,109.0,101,22,92.3,387,386,63.4,721,4.0,63,127.2,212,25.7
1800-11-20 15:06:33,5574.0,7,1,884.0,920.8,111.0,103,22,92.3,387,387,63.0,720,4.0,63,127.9,212,
1800-11-20 15:06:35,5576.0,7,1,892.0,920.5,111.0,103,22,92.4,387,387,62.3,720,4.0,63,126.2,212,
1800-11-20 15:06:37,5578.0,7,1,896.0,920.3,115.0,105,22,92.2,387,387,61.5,718,4.0,63,125.7,212,
1800-11-20 15:06:39,5580.0,7,1,897.0,920.1,119.0,114,22,92.1,387,387,60.9,718,4.0,64,125.4,212,
1800-11-20 15:06:41,5582.0,7,1,896.0,920.3,124.0,124,22,91.8,387,387,60.0,714,4.0,64,122.7,212,24.95
1800-11-20 15:06:43,5584.0,7,1,893.0,920.4,131.0,127,22,91.6,387,387,57.3,711,4.0,64,120.0,212,
1800-11-20 15:06:45,5586.0,7,1,890.0,920.5,135.0,140,22,91.8,387,387,56.3,711,4.0,64,121.7,212,
1800-11-20 15:06:47,5588.0,7,1,884.0,920.8,141.0,146,22,91.8,387,387,55.6,712,3.9,64,119.7,212,
1800-11-20 15:06:49,5590.0,7,1,878.0,921.2,144.0,151,22,91.7,387,387,55.2,711,3.9,64,119.4,211,
1800-11-20 15:06:51,5592.0,7,1,872.0,921.4,148.0,155,22,91.7,387,387,55.1,711,3.9,64,119.5,211,25.87
1800-11-20 15:06:53,5594.0,7,1,868.0,921.7,152.0,153,22,91.5,387,387,54.5,710,3.9,64,119.5,211,
1800-11-20 15:06:55,5596.0,7,1,863.0,922.1,157.0,157,22,91.4,387,387,53.8,708,3.9,64,118.1,211,
1800-11-20 15:06:57,5598.0,7,1,858.0,922.2,159.0,161,22,91.4,386,386,55.1,706,3.9,64,121.7,211,
1800-11-20 15:06:59,5600.0,7,1,853.0,922.7,161.0,159,22,91.4,387,386,54.7,708,3.9,64,118.8,211,
1800-11-20 15:07:01,5602.0,7,1,846.0,923.1,165.0,166,22,91.8,387,387,55.4,709,3.9,64,120.5,211,25.06
1800-11-20 15:07:03,5604.0,7,1,839.0,924.0,169.0,162,22,91.4,388,387,53.1,707,3.9,64,116.8,211,
1800-11-20 15:07:05,5606.0,7,1,834.0,924.4,172.0,159,22,90.3,387,387,49.1,696,3.9,64,112.0,211,
1800-11-20 15:07:07,5608.0,7,1,829.0,924.6,172.0,168,22,90.2,387,387,48.7,691,3.9,63,111.4,211,
1800-11-20 15:07:09,5610.0,7,1,825.0,924.8,174.0,168,22,90.3,388,387,49.2,691,3.9,63,113.0,211,
1800-11-20 15:07:11,5612.0,7,1,821.0,925.3,176.0,168,22,90.4,388,388,49.1,692,3.9,63,112.9,211,25.78
1800-11-20 15:07:13,5614.0,7,1,816.0,925.8,178.0,166,22,90.7,387,387,51.5,694,3.9,63,118.1,211,
1800-11-20 15:07:15,5616.0,7,1,810.0,926.5,178.0,164,22,91.3,388,387,53.2,705,3.9,63,118.4,211,
1800-11-20 15:07:17,5618.0,7,1,805.0,926.9,178.0,170,22,91.2,387,387,53.4,704,4.0,63,119.5,210,
1800-11-20 15:07:19,5620.0,7,1,799.0,927.4,180.0,170,22,91.4,387,387,53.1,704,4.0,63,118.6,210,
1800-11-20 15:07:21,5622.0,7,1,792.0,928.1,181.0,168,22,91.5,387,387,53.7,706,4.0,62,120.3,210,25.19
1800-11-20 15:07:23,5624.0,7,1,785.0,929.0,183.0,170,22,91.4,388,387,54.3,707,4.0,62,118.9,210,
1800-11-20 15:07:25,5626.0,7,1,779.0,929.5,185.0,172,23,91.0,388,387,52.2,702,4.0,62,116.7,210,
1800-11-20 15:07:27,5628.0,7,1,776.0,929.7,185.0,179,23,90.8,387,387,52.3,699,3.9,62,118.7,210,
1800-11-20 15:07:29,5630.0,7,1,772.0,930.1,185.0,181,23,91.2,388,387,52.2,702,4.0,62,116.5,210,
1800-11-20 15:07:31,5632.0,7,1,767.0,930.9,185.0,177,23,91.1,388,387,52.8,702,3.9,62,119.6,210,24.67
1800-11-20 15:07:33,5634.0,7,1,762.0,931.3,185.0,181,23,91.7,387,387,55.5,707,4.0,62,122.3,210,
1800-11-20 15:07:35,5636.0,7,1,759.0,932.0,185.0,175,23,91.7,387,387,55.4,710,4.0,62,120.8,210,
1800-11-20 15:07:37,5638.0,7,1,754.0,932.5,183.0,179,23,91.2,387,387,53.7,704,4.0,61,120.0,210,
1800-11-20 15:07:39,5640.0,7,1,750.0,932.9,181.0,181,23,91.1,388,388,52.1,702,4.0,61,116.9,210,
1800-11-20 15:07:41,5642.0,7,1,748.0,933.0,180.0,172,23,91.3,387,387,54.2,702,4.0,61,122.6,209,26.04
1800-11-20 15:07:43,5644.0,7,1,746.0,933.5,178.0,172,23,92.0,387,387,56.3,711,4.0,61,123.2,209,
1800-11-20 15:07:45,5646.0,7,1,744.0,933.8,178.0,168,23,91.5,387,387,54.4,706,4.0,61,119.6,209,
1800-11-20 15:07:47,5648.0,7,1,741.0,934.2,178.0,168,23,91.2,387,387,52.6,703,4.0,61,116.0,209,
1800-11-20 15:07:49,5650.0,7,1,738.0,934.1,178.0,177,23,90.4,387,387,50.1,695,4.0,61,114.6,209,
1800-11-20 15:07:51,5652.0,7,1,736.0,934.2,180.0,181,23,89.8,388,388,46.8,689,3.9,61,108.5,209,25.84
1800-11-20 15:07:53,5654.0,7,1,734.0,934.2,178.0,175,23,89.5,387,386,46.8,680,3.9,61,112.7,209,
1800-11-20 15:07:55,5656.0,7,1,731.0,934.8,178.0,181,23,90.5,387,386,50.0,691,4.0,61,113.4,209,
1800-11-20 15:07:57,5658.0,7,1,725.0,935.8,174.0,177,23,89.5,388,388,45.5,681,3.8,61,108.6,209,
1800-11-20 15:07:59,5660.0,7,1,719.0,936.6,174.0,174,23,89.3,388,388,44.9,676,3.8,61,107.3,209,
1800-11-20 15:08:01,5662.0,7,1,714.0,936.9,172.0,175,23,89.2,388,388,44.2,674,3.8,61,107.4,209,25.62
1800-11-20 15:08:03,5664.0,7,1,710.0,937.3,170.0,177,23,89.2,387,387,45.2,674,3.9,60,109.6,209,
1800-11-20 15:08:05,5666.0,7,1,704.0,938.3,169.0,175,23,88.7,388,387,41.4,670,3.8,60,101.8,209,
1800-11-20 15:08:07,5668.0,7,1,697.0,938.9,169.0,170,23,88.4,388,388,42.3,661,3.8,60,106.8,209,
1800-11-20 15:08:09,5670.0,7,1,691.0,939.6,170.0,175,23,89.0,388,387,43.9,669,3.8,60,106.8,209,
1800-11-20 15:08:11,5672.0,7,1,684.0,940.5,169.0,170,23,88.4,388,388,41.8,663,3.8,60,105.2,209,25.19
1800-11-20 15:08:13,5674.0,7,1,679.0,940.9,169.0,170,23,88.4,388,388,41.2,660,3.8,60,103.1,208,
1800-11-20 15:08:15,5676.0,7,1,675.0,941.3,167.0,170,23,88.0,388,388,40.4,655,3.8,60,104.2,208,
1800-11-20 15:08:17,5678.0,7,1,672.0,941.6,165.0,168,23,88.9,388,387,43.2,663,3.8,60,106.6,208,
1800-11-20 15:08:19,5680.0,7,1,670.0,941.9,163.0,166,23,88.7,389,388,42.6,663,3.8,60,104.6,208,
1800-11-20 15:08:21,5682.0,7,1,668.0,942.0,161.0,164,23,88.7,388,388,42.6,661,3.8,60,106.6,208,25.73
1800-11-20 15:08:23,5684.0,7,1,666.0,942.3,159.0,159,23,88.9,388,387,43.8,663,3.9,60,108.4,208,
1800-11-20 15:08:25,5686.0,7,1,664.0,942.5,156.0,157,23,89.4,387,387,44.8,668,3.9,60,110.1,208,
1800-11-20 15:08:27,5688.0,7,1,661.0,942.8,156.0,159,23,88.6,388,387,40.5,663,3.8,60,99.3,208,
1800-11-20 15:08:29,5690.0,7,1,661.0,942.8,152.0,157,24,87.6,388,388,39.2,647,3.7,60,102.8,208,
1800-11-20 15:08:31,5692.0,7,1,661.0,943.1,152.0,151,24,88.4,388,387,40.9,655,3.8,60,103.0,208,24.68
1800-11-20 15:08:33,5694.0,7,1,660.0,943.3,154.0,144,24,88.2,387,387,41.0,651,3.8,60,105.6,208,
1800-11-20 15:08:35,5696.0,7,1,659.0,943.7,156.0,140,24,88.9,388,387,43.7,662,3.9,60,107.0,208,
1800-11-20 15:08:37,5698.0,7,1,656.0,943.6,157.0,146,24,89.2,387,387,44.6,660,3.9,60,109.1,208,
1800-11-20 15:08:39,5700.0,7,1,655.0,943.7,161.0,148,24,89.6,387,387,45.0,667,3.9,60,108.8,208,
1800-11-20 15:08:41,5702.0,7,1,652.0,944.0,165.0,157,24,89.5,388,387,45.2,668,3.9,60,109.7,208,25.9
1800-11-20 15:08:43,5704.0,7,1,648.0,944.3,170.0,166,24,89.1,388,388,43.4,663,3.9,60,106.5,208,
1800-11-20 15:08:45,5706.0,7,1,645.0,944.7,174.0,162,24,89.4,388,387,46.3,666,3.9,60,113.5,208,
1800-11-20 15:08:47,5708.0,7,1,643.0,944.7,176.0,157,24,90.1,388,387,48.1,677,3.9,60,112.8,207,
1800-11-20 15:08:49,5710.0,7,1,640.0,944.8,178.0,153,24,90.2,387,387,48.7,677,3.9,60,115.3,207,
1800-11-20 15:08:51,5712.0,7,1,640.0,944.9,180.0,159,24,90.7,387,387,51.3,682,4.0,60,118.7,207,25.73
1800-11-20 15:08:53,5714.0,7,1,640.0,945.0,180.0,159,24,90.9,387,387,51.5,687,4.0,60,116.4,207,
1800-11-20 15:08:55,5716.0,7,1,640.0,944.7,180.0,155,23,91.0,387,386,53.2,689,4.0,60,120.3,207,
1800-11-20 15:08:57,5718.0,7,1,642.0,944.6,178.0,155,23,91.2,387,387,53.4,693,4.0,60,121.4,207,
1800-11-20 15:08:59,5720.0,7,1,644.0,944.5,176.0,153,23,91.6,387,386,55.1,698,4.1,60,122.0,207,
1800-11-20 15:09:01,5722.0,7,1,647.0,944.4,174.0,151,23,91.8,387,386,55.6,700,4.1,60,123.0,207,25.71
1800-11-20 15:09:03,5724.0,7,1,650.0,944.1,174.0,150,23,91.8,387,386,56.0,701,4.1,60,123.3,207,
1800-11-20 15:09:05,5726.0,7,1,651.0,943.9,172.0,150,23,91.9,386,386,55.5,702,4.1,60,122.9,207,
1800-11-20 15:09:07,5728.0,7,1,652.0,943.8,172.0,151,23,91.9,386,385,56.7,703,4.1,60,124.1,207,
1800-11-20 15:09:09,5730.0,7,1,652.0,943.9,176.0,155,23,91.9,386,386,57.0,703,4.1,60,124.0,207,
1800-11-20 15:09:11,5732.0,7,1,650.0,944.5,176.0,155,23,91.3,387,386,54.2,700,4.0,60,119.6,207,24.48
1800-11-20 15:09:13,5734.0,7,1,648.0,944.4,178.0,159,24,91.1,385,386,53.0,695,4.0,60,120.3,207,
1800-11-20 15:09:15,5736.0,7,1,645.0,945.0,180.0,161,24,91.2,386,386,53.9,698,4.0,60,119.2,207,
1800-11-20 15:09:17,5738.0,7,1,640.0,945.3,181.0,164,24,91.2,387,386,53.7,697,4.0,60,120.6,207,
1800-11-20 15:09:19,5740.0,7,1,634.0,945.9,185.0,161,23,91.3,387,387,53.5,699,4.0,60,119.1,206,
1800-11-20 15:09:21,5742.0,7,1,629.0,945.9,185.0,170,23,90.4,387,387,49.4,688,4.0,60,113.4,206,26.01
1800-11-20 15:09:23,5744.0,7,1,625.0,945.8,187.0,174,24,90.5,387,387,50.5,688,4.0,60,117.0,206,
1800-11-20 15:09:25,5746.0,7,1,623.0,946.2,187.0,170,24,90.8,387,387,51.0,693,4.0,60,117.1,206,
1800-11-20 15:09:27,5748.0,7,1,621.0,946.5,187.0,168,23,90.9,387,387,52.2,694,4.0,60,118.7,206,
1800-11-20 15:09:29,5750.0,7,1,617.0,947.0,187.0,164,23,91.1,387,387,52.8,696,4.0,60,120.1,206,
1800-11-20 15:09:31,5752.0,7,1,612.0,947.6,187.0,164,23,91.6,387,387,55.1,699,4.0,60,123.2,206,25.77
1800-11-20 15:09:33,5754.0,7,1,608.0,948.2,187.0,166,23,91.8,387,387,55.8,704,4.0,60,123.8,206,
1800-11-20 15:09:35,5756.0,7,1,604.0,948.4,187.0,170,23,91.8,387,387,55.4,702,4.1,60,122.3,206,
1800-11-20 15:09:37,5758.0,7,1,602.0,948.7,187.0,168,24,91.6,387,387,55.0,702,4.1,60,121.9,206,
1800-11-20 15:09:39,5760.0,7,1,599.0,949.1,187.0,172,24,91.6,387,387,54.5,702,4.1,60,121.3,206,
1800-11-20 15:09:41,5762.0,7,1,596.0,949.6,187.0,166,24,90.6,388,387,50.6,695,4.0,60,113.9,206,24.6
1800-11-20 15:09:43,5764.0,7,1,594.0,949.4,187.0,170,24,90.4,387,387,50.6,690,4.0,60,117.7,206,
1800-11-20 15:09:45,5766.0,7,1,593.0,949.5,189.0,168,24,90.9,387,387,52.1,695,4.0,60,118.4,206,
1800-11-20 15:09:47,5768.0,7,1,591.0,949.7,189.0,168,24,91.0,387,387,52.4,695,4.0,60,119.4,206,
1800-11-20 15:09:49,5770.0,7,1,590.0,949.7,189.0,170,24,90.8,387,387,51.8,693,4.0,60,118.4,206,
1800-11-20 15:09:51,5772.0,7,1,588.0,950.0,189.0,162,24,91.0,387,387,51.9,694,4.0,60,118.1,206,25.95
1800-11-20 15:09:53,5774.0,7,1,588.0,949.8,189.0,166,24,90.5,387,387,49.9,691,4.0,60,114.0,205,
1800-11-20 15:09:55,5776.0,7,1,588.0,949.7,189.0,164,24,90.7,387,387,52.0,690,4.0,60,120.4,205,
1800-11-20 15:09:57,5778.0,7,1,590.0,949.6,189.0,166,24,91.0,387,386,52.7,696,4.0,60,120.5,205,
1800-11-20 15:09:59,5780.0,7,1,589.0,949.8,189.0,170,24,91.0,386,387,52.2,697,4.0,60,117.7,205,
1800-11-20 15:10:01,5782.0,7,1,588.0,950.0,189.0,172,24,90.6,387,387,50.1,690,4.0,60,115.9,205,25.96
1800-11-20 15:10:03,5784.0,7,1,588.0,949.9,189.0,172,24,90.2,387,387,48.7,686,3.9,60,114.0,205,
1800-11-20 15:10:05,5786.0,7,1,587.0,950.1,189.0,170,24,90.1,387,387,49.2,685,4.0,60,115.7,205,
1800-11-20 15:10:07,5788.0,7,1,586.0,950.1,189.0,170,24,90.9,387,387,52.0,692,4.0,60,118.5,205,
1800-11-20 15:10:09,5790.0,7,1,584.0,950.6,189.0,170,24,90.8,387,387,51.0,692,4.0,60,117.0,205,
1800-11-20 15:10:11,5792.0,7,1,582.0,951.1,189.0,170,24,90.8,387,387,52.1,691,4.0,60,119.6,205,26.92
1800-11-20 15:10:13,5794.0,7,1,578.0,951.8,191.0,166,24,91.0,387,387,52.0,695,4.0,60,118.2,205,
1800-11-20 15:10:15,5796.0,7,1,575.0,952.1,193.0,166,24,90.7,387,387,51.0,694,4.0,59,115.8,205,
1800-11-20 15:10:17,5798.0,7,1,573.0,952.3,193.0,170,24,90.3,387,387,50.0,687,4.0,59,118.0,205,
1800-11-20 15:10:19,5800.0,7,1,570.0,952.6,194.0,170,24,91.1,387,386,52.6,695,4.0,59,119.5,205,
1800-11-20 15:10:21,5802.0,7,1,567.0,952.9,194.0,170,24,91.1,387,387,52.7,697,4.0,59,120.4,205,25.65
1800-11-20 15:10:23,5804.0,7,1,563.0,953.4,194.0,172,24,91.4,387,387,54.0,699,4.1,59,121.5,205,
1800-11-20 15:10:25,5806.0,7,1,559.0,954.0,196.0,172,24,91.5,387,387,54.5,701,4.1,59,122.8,205,
1800-11-20 15:10:27,5808.0,7,1,555.0,954.4,198.0,174,24,91.4,387,386,54.3,701,4.1,59,120.7,204,
1800-11-20 15:10:29,5810.0,7,1,551.0,954.9,198.0,175,24,91.2,387,387,53.0,700,4.0,59,119.7,204,
1800-11-20 15:10:31,5812.0,7,1,547.0,955.1,198.0,172,24,90.5,387,386,51.2,691,4.0,59,119.2,204,25.66
1800-11-20 15:10:33,5814.0,7,1,544.0,955.3,200.0,174,24,91.5,386,386,55.1,700,4.1,59,123.3,204,
1800-11-20 15:10:35,5816.0,7,1,540.0,955.7,200.0,170,24,91.4,387,387,54.2,702,4.0,59,121.8,204,
1800-11-20 15:10:37,5818.0,7,1,535.0,956.3,198.0,170,24,91.2,387,387,53.4,698,4.1,59,120.5,204,
1800-11-20 15:10:39,5820.0,7,1,530.0,956.5,198.0,170,24,91.3,387,387,53.9,700,4.1,59,120.8,204,
1800-11-20 15:10:41,5822.0,7,1,526.0,956.6,198.0,168,24,91.3,387,387,53.5,700,4.0,59,120.5,204,25.79
1800-11-20 15:10:43,5824.0,7,1,522.0,956.9,198.0,166,24,91.3,387,386,54.8,700,4.0,59,122.6,204,
1800-11-20 15:10:45,5826.0,7,1,519.0,957.2,194.0,168,24,91.6,387,386,55.2,703,4.1,59,123.2,204,
1800-11-20 15:10:47,5828.0,7,1,517.0,957.5,194.0,170,24,91.6,387,386,55.2,704,4.1,59,123.1,204,
1800-11-20 15:10:49,5830.0,7,1,515.0,957.8,194.0,166,24,91.7,387,386,55.6,705,4.1,59,122.8,204,
1800-11-20 15:10:51,5832.0,7,1,512.0,958.2,196.0,164,24,91.0,387,387,52.4,698,4.0,59,118.0,204,26.19
1800-11-20 15:10:53,5834.0,7,1,509.0,958.4,196.0,168,24,90.7,387,386,51.9,695,4.0,59,119.4,204,
1800-11-20 15:10:55,5836.0,7,1,506.0,959.0,198.0,172,24,90.8,387,386,51.2,693,4.0,59,117.5,203,
1800-11-20 15:10:57,5838.0,7,1,501.0,959.6,198.0,174,24,90.6,387,387,51.0,692,4.0,59,117.8,203,
1800-11-20 15:10:59,5840.0,7,1,495.0,960.2,200.0,179,25,90.4,387,387,49.5,690,4.0,59,114.8,203,
1800-11-20 15:11:01,5842.0,7,1,490.0,960.7,202.0,177,25,90.0,388,388,47.6,686,4.0,59,112.6,203,25.68
1800-11-20 15:11:03,5844.0,7,1,485.0,961.1,202.0,174,25,90.4,386,386,51.0,688,4.0,59,119.2,203,
1800-11-20 15:11:05,5846.0,7,1,479.0,961.7,206.0,174,25,90.8,387,387,51.3,694,4.0,59,118.0,203,
1800-11-20 15:11:07,5848.0,7,1,472.0,962.6,206.0,179,25,90.7,388,387,50.6,692,4.0,59,117.9,203,
1800-11-20 15:11:09,5850.0,7,1,466.0,963.3,206.0,181,25,90.5,388,387,50.1,691,4.0,59,116.0,203,
1800-11-20 15:11:11,5852.0,7,1,460.0,963.8,206.0,179,25,90.2,387,387,49.0,687,4.0,59,116.4,203,25.64
1800-11-20 15:11:13,5854.0,7,1,455.0,964.2,206.0,179,25,90.6,387,387,50.9,690,4.0,59,118.4,203,
1800-11-20 15:11:15,5856.0,7,1,450.0,965.1,206.0,177,25,90.7,387,387,50.7,691,4.0,59,118.3,203,
1800-11-20 15:11:17,5858.0,7,1,444.0,965.7,206.0,179,25,90.8,387,387,51.5,693,4.0,59,119.5,203,
1800-11-20 15:11:19,5860.0,7,1,439.0,966.1,206.0,181,25,91.0,387,387,53.2,694,4.0,59,121.5,203,
1800-11-20 15:11:21,5862.0,7,1,434.0,966.8,206.0,179,25,91.3,387,387,53.2,699,4.0,59,121.6,203,26.49
1800-11-20 15:11:23,5864.0,7,1,429.0,967.4,207.0,181,25,91.3,387,387,53.1,699,4.1,59,121.5,203,
1800-11-20 15:11:25,5866.0,7,1,424.0,967.9,207.0,179,25,91.4,387,387,54.3,700,4.1,59,123.2,203,
1800-11-20 15:11:27,5868.0,7,1,420.0,968.2,207.0,179,25,91.4,387,387,53.7,699,4.1,59,121.2,202,
1800-11-20 15:11:29,5870.0,7,1,416.0,968.8,207.0,181,25,91.2,387,387,53.2,699,4.1,59,121.7,202,
1800-11-20 15:11:31,5872.0,7,1,411.0,969.2,207.0,177,25,91.1,387,387,53.0,699,4.1,59,121.5,202,25.53
1800-11-20 15:11:33,5874.0,7,1,408.0,969.6,207.0,179,25,91.3,387,387,53.9,700,4.1,59,122.3,202,
1800-11-20 15:11:35,5876.0,7,1,404.0,969.8,207.0,179,25,91.4,387,387,54.2,701,4.1,59,123.5,202,
1800-11-20 15:11:37,5878.0,7,1,400.0,970.3,209.0,181,25,91.3,387,387,53.8,702,4.1,59,121.8,202,
1800-11-20 15:11:39,5880.0,7,1,396.0,970.8,209.0,181,26,91.0,387,387,53.0,699,4.0,59,120.9,202,
1800-11-20 15:11:41,5882.0,7,1,393.0,971.1,209.0,181,26,91.4,387,387,56.2,701,4.1,59,128.2,202,25.66
1800-11-20 15:11:43,5884.0,7,1,389.0,971.4,209.0,181,26,92.2,387,386,57.6,710,4.1,59,127.0,202,
1800-11-20 15:11:45,5886.0,7,1,386.0,971.9,209.0,181,26,91.7,387,387,55.7,706,4.1,59,124.1,202,
1800-11-20 15:11:47,5888.0,7,1,382.0,972.2,211.0,183,26,91.7,387,387,55.5,705,4.1,59,124.8,202,
1800-11-20 15:11:49,5890.0,7,1,378.0,972.7,211.0,181,26,91.6,387,387,55.7,706,4.1,59,125.0,202,
1800-11-20 15:11:51,5892.0,7,1,374.0,973.2,211.0,181,26,91.7,387,387,55.6,706,4.1,59,125.7,202,25.66
1800-11-20 15:11:53,5894.0,7,1,371.0,973.5,211.0,181,26,91.8,387,386,55.8,708,4.1,59,125.4,202,
1800-11-20 15:11:55,5896.0,7,1,367.0,974.0,211.0,181,26,91.7,387,387,55.6,707,4.1,59,124.8,201,
1800-11-20 15:11:57,5898.0,7,1,364.0,974.5,211.0,183,26,91.6,387,387,55.8,707,4.1,59,126.3,201,
1800-11-20 15:11:59,5900.0,7,1,361.0,975.1,211.0,181,26,92.0,387,386,57.0,709,4.1,59,127.6,201,
1800-11-20 15:12:01,5902.0,7,1,358.0,975.4,213.0,181,26,92.0,387,386,57.1,710,4.1,59,126.7,201,25.67
1800-11-20 15:12:03,5904.0,7,1,355.0,976.1,213.0,181,26,91.9,387,387,56.7,709,4.1,59,126.9,201,
1800-11-20 15:12:05,5906.0,7,1,350.0,976.5,213.0,183,26,92.0,387,387,57.1,711,4.1,59,127.0,201,
1800-11-20 15:12:07,5908.0,7,1,346.0,977.0,213.0,183,26,91.9,387,386,56.5,709,4.1,59,126.0,201,
1800-11-20 15:12:09,5910.0,7,1,343.0,977.6,213.0,181,26,91.8,387,386,56.4,708,4.1,59,126.2,201,
1800-11-20 15:12:11,5912.0,7,1,339.0,978.0,213.0,181,26,91.7,387,387,55.5,707,4.1,59,124.4,201,25.83
1800-11-20 15:12:13,5914.0,7,1,335.0,978.3,213.0,179,26,91.5,387,387,55.2,707,4.1,59,124.3,201,
1800-11-20 15:12:15,5916.0,7,1,332.0,978.5,211.0,179,26,91.5,387,386,55.1,706,4.1,59,125.0,201,
1800-11-20 15:12:17,5918.0,7,1,330.0,979.0,211.0,177,26,91.7,387,386,57.0,706,4.1,59,128.1,201,
1800-11-20 15:12:19,5920.0,7,1,327.0,979.2,211.0,177,26,92.1,387,386,57.8,712,4.1,59,129.1,201,
1800-11-20 15:12:21,5922.0,7,1,325.0,979.4,211.0,177,26,92.2,387,386,58.7,714,4.2,59,129.7,201,26.27
1800-11-20 15:12:23,5924.0,7,1,323.0,979.6,211.0,181,26,92.4,386,386,62.1,716,4.2,59,133.8,201,
1800-11-20 15:12:25,5926.0,7,1,322.0,979.8,211.0,179,26,92.4,387,387,62.9,718,4.2,59,133.5,201,
1800-11-20 15:12:27,5928.0,7,1,320.0,980.0,211.0,179,26,92.5,387,387,63.4,720,4.2,59,133.8,200,
1800-11-20 15:12:29,5930.0,7,1,319.0,980.3,211.0,183,26,92.6,387,387,63.9,723,4.2,59,133.7,200,
1800-11-20 15:12:31,5932.0,7,1,318.0,980.4,215.0,183,26,92.5,387,387,64.0,722,4.2,59,135.3,200,25.88
1800-11-20 15:12:33,5934.0,7,1,318.0,980.5,213.0,183,26,92.8,387,387,65.0,724,4.2,59,136.1,200,
1800-11-20 15:12:35,5936.0,7,1,318.0,980.6,215.0,183,26,92.7,387,387,64.9,724,4.2,59,134.4,200,
1800-11-20 15:12:37,5938.0,7,1,318.0,980.6,213.0,181,26,92.5,387,387,63.8,722,4.2,59,134.1,200,
1800-11-20 15:12:39,5940.0,7,1,318.0,980.7,213.0,183,26,92.5,387,387,63.3,722,4.2,59,133.5,200,
1800-11-20 15:12:41,5942.0,7,1,319.0,980.6,213.0,183,26,92.5,387,387,63.3,722,4.2,59,132.5,200,25.59
1800-11-20 15:12:43,5944.0,7,1,320.0,980.6,213.0,181,26,92.4,387,387,62.7,721,4.2,59,131.8,200,
1800-11-20 15:12:45,5946.0,7,1,322.0,980.6,211.0,181,26,92.1,386,386,60.7,718,4.2,59,130.4,200,
1800-11-20 15:12:47,5948.0,7,1,322.0,980.7,211.0,179,26,92.4,386,386,60.1,721,4.2,59,130.1,200,
1800-11-20 15:12:49,5950.0,7,1,323.0,980.6,209.0,179,26,92.3,387,386,59.3,720,4.2,59,130.0,200,
1800-11-20 15:12:51,5952.0,7,1,324.0,980.6,209.0,177,26,92.4,386,386,61.4,721,4.2,59,132.2,200,26.33
1800-11-20 15:12:53,5954.0,7,1,324.0,980.4,207.0,177,26,92.4,387,387,62.4,721,4.2,59,131.8,200,
1800-11-20 15:12:55,5956.0,7,1,323.0,980.4,207.0,177,26,92.3,387,386,62.3,720,4.2,59,132.4,200,
1800-11-20 15:12:57,5958.0,7,1,323.0,980.4,207.0,175,26,92.2,387,387,62.2,719,4.2,59,130.7,199,
1800-11-20 15:12:59,5960.0,7,1,323.0,980.4,207.0,174,26,92.2,387,386,62.3,719,4.2,59,131.6,199,
1800-11-20 15:13:01,5962.0,7,1,324.0,980.1,206.0,175,26,92.3,387,386,64.1,720,4.2,59,135.1,199,25.79
1800-11-20 15:13:03,5964.0,7,1,324.0,980.1,206.0,174,26,92.7,387,386,64.6,724,4.2,59,136.3,199,
1800-11-20 15:13:05,5966.0,7,1,325.0,980.0,206.0,174,26,93.0,387,386,66.1,728,4.2,59,136.3,199,
1800-11-20 15:13:07,5968.0,7,1,327.0,979.9,206.0,175,26,92.6,387,386,64.2,726,4.2,59,133.0,199,
1800-11-20 15:13:09,5970.0,7,1,328.0,979.7,206.0,175,26,92.5,386,386,64.5,725,4.2,59,135.4,199,
1800-11-20 15:13:11,5972.0,7,1,333.0,979.5,206.0,175,26,92.7,386,386,65.5,729,4.2,59,136.3,199,26.19
1800-11-20 15:13:13,5974.0,6,1,338.0,979.5,206.0,175,26,93.0,386,386,66.0,731,4.2,59,136.4,199,
1800-11-20 15:13:15,5976.0,6,1,341.0,979.4,206.0,175,26,92.8,386,386,65.2,729,4.2,59,135.4,199,
1800-11-20 15:13:17,5978.0,6,1,343.0,979.4,206.0,177,26,92.7,386,386,65.0,728,4.2,59,134.7,199,
1800-11-20 15:13:19,5980.0,6,1,345.0,979.4,206.0,177,26,92.7,386,386,64.3,727,4.2,59,133.7,199,
1800-11-20 15:13:21,5982.0,6,1,347.0,979.3,206.0,175,26,92.7,386,386,65.8,727,4.2,59,137.1,199,25.25
1800-11-20 15:13:23,5984.0,6,1,349.0,979.4,207.0,177,26,92.9,386,386,66.0,731,4.2,59,136.3,199,
1800-11-20 15:13:25,5986.0,6,1,350.0,979.4,209.0,175,26,92.7,386,386,65.4,729,4.2,59,134.7,198,
1800-11-20 15:13:27,5988.0,6,1,354.0,979.3,207.0,177,26,92.6,386,386,64.9,728,4.2,59,135.1,198,
1800-11-20 15:13:29,5990.0,6,1,355.0,979.4,207.0,179,26,92.7,387,386,64.7,727,4.2,59,133.9,198,
1800-11-20 15:13:31,5992.0,6,1,355.0,979.6,209.0,177,26,92.6,387,386,64.3,727,4.2,59,133.7,198,25.64
1800-11-20 15:13:33,5994.0,6,1,355.0,979.8,209.0,179,26,92.5,387,386,63.7,726,4.2,59,133.1,198,
1800-11-20 15:13:35,5996.0,6,1,353.0,980.0,211.0,179,26,92.5,387,386,63.6,726,4.2,59,133.4,198,
1800-11-20 15:13:37,5998.0,6,1,353.0,980.1,213.0,183,26,92.6,387,386,63.7,727,4.2,59,133.0,198,
1800-11-20 15:13:39,6000.0,6,1,353.0,980.1,213.0,183,26,92.4,387,386,63.1,725,4.2,59,132.2,198,
1800-11-20 15:13:41,6002.0,6,1,351.0,980.4,213.0,185,26,92.3,387,386,62.7,724,4.2,59,131.7,198,26.07
1800-11-20 15:13:43,6004.0,6,1,349.0,980.5,213.0,181,26,92.3,387,386,62.4,723,4.1,59,131.5,198,
1800-11-20 15:13:45,6006.0,6,1,348.0,980.8,213.0,181,26,92.3,387,387,61.7,721,4.2,59,130.3,198,
1800-11-20 15:13:47,6008.0,6,1,346.0,981.0,213.0,183,26,92.2,387,386,61.5,721,4.2,59,130.4,198,
1800-11-20 15:13:49,6010.0,6,1,342.0,981.2,213.0,181,26,92.3,386,386,62.7,721,4.2,59,135.1,198,
1800-11-20 15:13:51,6012.0,6,1,338.0,981.1,213.0,181,26,92.8,387,386,65.0,728,4.2,59,135.4,197,25.57
1800-11-20 15:13:53,6014.0,6,1,336.0,981.2,213.0,185,26,92.9,387,386,66.2,728,4.2,59,137.0,197,
1800-11-20 15:13:55,6016.0,6,1,334.0,981.3,213.0,185,26,92.7,387,386,64.5,729,4.2,59,133.8,197,
1800-11-20 15:13:57,6018.0,6,1,333.0,981.3,213.0,183,26,92.5,387,386,63.7,727,4.2,59,133.0,197,
1800-11-20 15:13:59,6020.0,6,1,335.0,981.5,213.0,187,26,92.4,387,386,62.9,725,4.2,59,131.8,197,
1800-11-20 15:14:01,6022.0,6,1,334.0,981.6,213.0,183,26,92.4,386,386,63.1,725,4.2,59,133.7,197,25.01
1800-11-20 15:14:03,6024.0,6,1,334.0,981.7,213.0,187,26,92.9,387,386,65.9,730,4.2,59,136.9,197,
1800-11-20 15:14:05,6026.0,6,1,335.0,981.9,213.0,187,26,92.6,387,386,64.2,728,4.2,59,133.1,197,
1800-11-20 15:14:07,6028.0,6,1,335.0,982.0,213.0,185,26,92.5,387,386,63.1,727,4.2,59,132.5,197,
1800-11-20 15:14:09,6030.0,6,1,333.0,982.1,211.0,183,26,92.4,387,386,62.6,725,4.2,59,131.7,197,
1800-11-20 15:14:11,6032.0,6,1,331.0,982.6,211.0,185,26,92.2,386,386,61.6,722,4.2,59,131.8,197,25.86
1800-11-20 15:14:13,6034.0,6,1,331.0,982.6,213.0,187,26,92.2,386,386,61.7,721,4.2,59,128.7,197,
1800-11-20 15:14:15,6036.0,6,1,329.0,982.9,211.0,183,26,92.0,386,386,60.6,718,4.1,59,132.9,197,
1800-11-20 15:14:17,6038.0,6,1,329.0,982.7,209.0,183,26,92.4,386,386,62.7,723,4.2,59,132.1,197,
1800-11-20 15:14:19,6040.0,6,1,328.0,982.9,207.0,181,26,92.2,386,386,62.0,721,4.2,59,131.1,196,
1800-11-20 15:14:21,6042.0,6,1,327.0,982.7,207.0,183,26,92.4,386,386,62.1,722,4.2,59,131.8,196,25.7
1800-11-20 15:14:23,6044.0,6,1,327.0,982.8,207.0,181,26,92.2,386,386,61.0,721,4.2,59,130.5,196,
1800-11-20 15:14:25,6046.0,6,1,326.0,982.8,206.0,179,26,92.4,386,386,61.3,721,4.1,59,130.9,196,
1800-11-20 15:14:27,6048.0,6,1,324.0,982.6,206.0,177,26,92.2,386,386,60.8,720,4.2,59,131.1,196,
1800-11-20 15:14:29,6050.0,6,1,322.0,982.6,204.0,177,26,92.4,386,386,60.7,721,4.2,59,131.9,196,
1800-11-20 15:14:31,6052.0,6,1,319.0,982.7,204.0,177,26,92.7,386,386,61.0,724,4.2,59,131.7,196,26.96
1800-11-20 15:14:33,6054.0,6,1,316.0,982.8,204.0,177,26,92.5,386,386,60.4,724,4.1,59,130.7,196,
1800-11-20 15:14:35,6056.0,6,1,313.0,983.0,204.0,175,26,92.5,386,386,60.2,723,4.1,59,131.0,196,
1800-11-20 15:14:37,6058.0,6,1,311.0,983.0,204.0,177,26,92.5,386,386,60.5,724,4.2,59,130.9,196,
1800-11-20 15:14:39,6060.0,6,1,309.0,983.0,204.0,177,26,92.3,386,386,59.8,721,4.2,59,130.1,196,
1800-11-20 15:14:41,6062.0,6,1,308.0,983.0,204.0,177,27,92.2,386,386,59.6,721,4.2,59,130.4,196,25.67
1800-11-20 15:14:43,6064.0,6,1,308.0,983.1,206.0,177,26,92.3,386,385,61.2,721,4.2,59,130.8,196,
1800-11-20 15:14:45,6066.0,6,1,307.0,983.3,206.0,179,26,92.1,386,386,58.5,718,4.1,59,128.8,196,
1800-11-20 15:14:47,6068.0,6,1,307.0,983.1,206.0,181,26,92.2,386,386,59.9,718,4.2,59,130.8,195,
1800-11-20 15:14:49,6070.0,6,1,309.0,983.4,206.0,181,26,92.4,386,386,59.7,722,4.1,59,130.3,195,
1800-11-20 15:14:51,6072.0,6,1,310.0,983.6,206.0,177,26,92.2,386,386,58.8,720,4.2,59,128.7,195,26.69
1800-11-20 15:14:53,6074.0,6,1,310.0,983.6,206.0,181,26,92.0,386,386,58.9,718,4.1,59,130.2,195,
1800-11-20 15:14:55,6076.0,6,1,313.0,983.7,204.0,177,26,92.2,386,386,58.9,719,4.2,59,129.2,195,
1800-11-20 15:14:57,6078.0,6,1,314.0,983.6,204.0,177,26,92.3,386,386,59.3,719,4.1,59,129.9,195,
1800-11-20 15:14:59,6080.0,6,1,316.0,983.5,202.0,175,26,92.2,386,386,59.0,718,4.1,59,129.2,195,
1800-11-20 15:15:01,6082.0,6,1,318.0,983.4,200.0,175,26,92.2,386,386,59.3,720,4.1,59,130.1,195,26.45
1800-11-20 15:15:03,6084.0,6,1,320.0,983.5,200.0,175,27,92.3,386,386,59.5,720,4.1,59,129.7,195,
1800-11-20 15:15:05,6086.0,6,1,321.0,983.6,198.0,175,27,92.3,386,386,59.6,721,4.1,59,129.7,195,
1800-11-20 15:15:07,6088.0,6,1,321.0,983.8,198.0,172,27,92.2,386,386,59.0,719,4.1,59,129.2,195,
1800-11-20 15:15:09,6090.0,6,1,319.0,983.9,198.0,174,27,92.2,386,386,59.0,718,4.1,59,129.3,195,
1800-11-20 15:15:11,6092.0,6,1,317.0,984.0,198.0,174,27,92.2,386,386,59.2,719,4.1,59,129.6,195,25.12
1800-11-20 15:15:13,6094.0,6,1,313.0,984.2,198.0,175,27,92.1,386,386,58.7,718,4.1,59,128.6,195,
1800-11-20 15:15:15,6096.0,6,1,308.0,984.6,200.0,175,27,92.0,386,386,58.5,717,4.1,59,129.3,195,
1800-11-20 15:15:17,6098.0,6,1,304.0,984.7,200.0,175,27,92.1,386,386,58.8,718,4.1,59,128.6,194,
1800-11-20 15:15:19,6100.0,6,1,300.0,985.0,200.0,175,27,92.1,386,386,58.8,718,4.1,59,129.2,194,
1800-11-20 15:15:21,6102.0,6,1,296.0,985.1,200.0,174,27,92.1,386,386,58.2,716,4.1,60,127.8,194,25.26
1800-11-20 15:15:23,6104.0,6,1,292.0,985.1,200.0,177,27,92.0,386,386,58.6,716,4.1,60,129.2,194,
1800-11-20 15:15:25,6106.0,6,1,289.0,985.3,200.0,175,27,91.9,386,386,57.9,715,4.1,60,127.9,194,
1800-11-20 15:15:27,6108.0,6,1,286.0,985.3,200.0,179,27,92.0,386,386,58.4,716,4.1,60,129.2,194,
1800-11-20 15:15:29,6110.0,6,1,283.0,985.5,200.0,179,27,91.9,386,386,57.9,716,4.1,60,127.5,194,
1800-11-20 15:15:31,6112.0,6,1,281.0,985.7,200.0,179,27,92.0,386,386,58.0,716,4.1,60,128.4,194,25.61
1800-11-20 15:15:33,6114.0,6,1,280.0,985.8,198.0,175,27,92.1,386,386,58.1,715,4.1,60,128.6,194,
1800-11-20 15:15:35,6116.0,6,1,279.0,985.9,196.0,179,27,92.0,386,386,57.9,715,4.1,60,127.7,194,
1800-11-20 15:15:37,6118.0,6,1,278.0,985.9,196.0,177,27,92.0,386,386,57.7,714,4.1,60,128.4,194,
1800-11-20 15:15:39,6120.0,6,1,276.0,985.9,194.0,177,27,92.0,386,386,57.9,714,4.1,60,127.1,194,
1800-11-20 15:15:41,6122.0,6,1,275.0,986.0,194.0,175,27,91.9,386,386,57.8,713,4.1,60,127.9,194,26.09
1800-11-20 15:15:43,6124.0,6,1,273.0,986.0,194.0,174,27,92.0,386,386,57.9,714,4.1,60,127.8,194,
1800-11-20 15:15:45,6126.0,6,1,272.0,986.1,193.0,174,27,92.0,386,386,58.1,714,4.1,60,128.0,194,
1800-11-20 15:15:47,6128.0,6,1,271.0,986.3,191.0,174,27,92.0,386,386,57.8,714,4.1,60,127.9,193,
1800-11-20 15:15:49,6130.0,6,1,270.0,986.3,191.0,174,27,92.0,386,386,58.0,714,4.1,60,128.4,193,
1800-11-20 15:15:51,6132.0,6,1,268.0,986.4,191.0,172,27,91.9,386,386,57.6,713,4.1,60,127.2,193,26.08
1800-11-20 15:15:53,6134.0,7,1,268.0,986.6,191.0,170,27,91.8,386,386,57.2,711,4.1,60,127.5,193,
1800-11-20 15:15:55,6136.0,7,1,267.0,986.5,189.0,172,27,92.0,386,386,58.0,713,4.1,60,128.3,193,
1800-11-20 15:15:57,6138.0,7,1,267.0,986.5,189.0,168,27,92.0,386,386,58.1,714,4.1,60,128.2,193,
1800-11-20 15:15:59,6140.0,7,1,267.0,986.5,187.0,170,27,91.8,386,386,57.6,713,4.1,60,127.2,193,
1800-11-20 15:16:01,6142.0,7,1,266.0,986.5,187.0,168,27,91.9,386,386,57.5,712,4.1,60,127.4,193,24.84
1800-11-20 15:16:03,6144.0,7,1,266.0,986.5,187.0,166,27,91.9,386,386,57.5,712,4.1,60,127.7,193,
1800-11-20 15:16:05,6146.0,7,1,266.0,986.4,187.0,166,27,91.9,386,386,58.2,713,4.1,60,128.4,193,
1800-11-20 15:16:07,6148.0,7,1,267.0,986.4,185.0,162,27,92.0,386,386,57.8,712,4.1,60,127.8,193,
1800-11-20 15:16:09,6150.0,7,1,267.0,986.3,185.0,162,27,91.9,386,386,57.7,712,4.1,60,127.3,193,
1800-11-20 15:16:11,6152.0,7,1,269.0,986.1,185.0,166,27,92.0,386,385,58.0,712,4.1,60,128.2,193,25.62
1800-11-20 15:16:13,6154.0,7,1,272.0,986.0,185.0,162,27,91.9,386,386,57.9,713,4.1,60,127.6,193,
1800-11-20 15:16:15,6156.0,7,1,274.0,985.8,185.0,164,27,91.9,386,386,57.7,712,4.1,60,127.7,193,
1800-11-20 15:16:17,6158.0,7,1,276.0,985.6,185.0,166,27,92.0,386,386,57.6,712,4.1,60,127.1,192,
1800-11-20 15:16:19,6160.0,7,1,278.0,985.5,185.0,164,27,92.0,385,385,58.7,712,4.1,60,130.0,192,
1800-11-20 15:16:21,6162.0,7,1,282.0,985.4,185.0,162,27,92.0,386,385,58.0,712,4.1,60,127.8,192,25.7
1800-11-20 15:16:23,6164.0,7,1,282.0,985.3,185.0,162,27,92.1,386,385,58.7,713,4.1,60,128.9,192,
1800-11-20 15:16:25,6166.0,7,1,284.0,985.3,185.0,162,27,91.9,386,386,57.5,712,4.1,60,126.2,192,
1800-11-20 15:16:27,6168.0,7,1,283.0,985.3,185.0,159,27,91.4,386,386,55.7,707,4.1,60,123.9,192,
1800-11-20 15:16:29,6170.0,7,1,284.0,984.7,185.0,159,27,91.3,386,385,56.0,706,4.1,60,125.8,192,
1800-11-20 15:16:31,6172.0,7,1,287.0,984.3,183.0,157,27,91.5,386,385,56.3,708,4.1,60,125.4,192,26.47
1800-11-20 15:16:33,6174.0,7,1,292.0,983.9,183.0,153,27,91.8,386,385,57.0,708,4.1,60,126.5,192,
1800-11-20 15:16:35,6176.0,7,1,298.0,983.5,181.0,153,27,91.6,386,385,56.5,708,4.1,61,125.5,192,
1800-11-20 15:16:37,6178.0,7,1,302.0,983.2,181.0,151,27,91.7,386,385,56.6,709,4.1,61,126.0,192,
1800-11-20 15:16:39,6180.0,7,1,305.0,982.7,180.0,151,27,91.8,386,385,57.1,709,4.1,61,126.5,192,
1800-11-20 15:16:41,6182.0,7,1,309.0,982.5,178.0,150,27,91.8,386,385,57.0,708,4.1,61,126.1,192,25.56
1800-11-20 15:16:43,6184.0,7,1,313.0,981.9,178.0,150,27,91.8,386,385,57.3,708,4.1,61,126.9,192,
1800-11-20 15:16:45,6186.0,7,1,318.0,981.7,176.0,150,27,91.8,386,385,57.2,709,4.1,61,126.2,192,
1800-11-20 15:16:47,6188.0,7,1,320.0,981.4,176.0,148,26,91.8,385,385,57.3,709,4.1,61,127.1,192,
1800-11-20 15:16:49,6190.0,7,1,324.0,981.2,176.0,151,26,91.8,386,385,57.3,709,4.1,61,126.2,191,
1800-11-20 15:16:51,6192.0,7,1,327.0,980.9,174.0,150,26,91.8,386,385,56.9,709,4.1,61,126.1,191,26.45
1800-11-20 15:16:53,6194.0,7,1,329.0,980.6,174.0,151,26,91.8,386,385,57.2,709,4.1,61,126.4,191,
1800-11-20 15:16:55,6196.0,7,1,332.0,980.3,176.0,150,26,91.9,386,385,60.8,710,4.1,61,133.3,191,
1800-11-20 15:16:57,6198.0,7,1,335.0,979.7,174.0,150,26,92.7,386,385,65.0,720,4.2,61,135.3,191,
1800-11-20 15:16:59,6200.0,7,1,340.0,979.2,174.0,148,26,92.7,386,386,65.4,721,4.2,61,135.5,191,
1800-11-20 15:17:01,6202.0,7,1,344.0,978.4,174.0,150,26,92.7,386,386,65.2,722,4.2,61,134.1,191,25.81
1800-11-20 15:17:03,6204.0,7,1,350.0,977.9,174.0,148,26,92.4,386,386,64.1,719,4.1,61,132.3,191,
1800-11-20 15:17:05,6206.0,7,1,356.0,977.0,174.0,142,26,92.1,386,386,62.0,714,4.1,61,129.6,191,
1800-11-20 15:17:07,6208.0,7,1,363.0,976.1,172.0,140,26,92.0,386,385,62.5,713,4.1,62,130.7,191,
1800-11-20 15:17:09,6210.0,7,1,370.0,975.4,172.0,140,26,92.2,386,385,62.2,715,4.1,62,129.8,191,
1800-11-20 15:17:11,6212.0,7,1,376.0,974.8,172.0,142,26,91.9,386,386,60.9,712,4.1,62,127.7,191,25.62
1800-11-20 15:17:13,6214.0,7,1,381.0,974.1,172.0,144,26,92.0,385,385,59.5,712,4.1,62,128.8,191,
1800-11-20 15:17:15,6216.0,7,1,386.0,973.6,174.0,142,26,92.3,385,385,61.6,716,4.1,62,131.1,191,
1800-11-20 15:17:17,6218.0,7,1,390.0,973.1,174.0,144,26,92.3,386,385,65.0,717,4.1,62,136.9,191,
1800-11-20 15:17:19,6220.0,7,1,393.0,972.5,176.0,144,26,93.3,386,385,68.0,726,4.2,62,138.0,190,
1800-11-20 15:17:21,6222.0,7,1,398.0,971.8,174.0,146,26,93.2,386,385,67.9,727,4.2,62,137.9,190,26.78
1800-11-20 15:17:23,6224.0,7,1,403.0,971.2,174.0,146,26,93.4,386,385,68.8,729,4.2,62,139.5,190,
1800-11-20 15:17:25,6226.0,7,1,409.0,970.5,172.0,146,26,93.3,385,385,67.9,729,4.2,62,136.6,190,
1800-11-20 15:17:27,6228.0,7,1,415.0,969.6,172.0,146,26,92.9,386,386,66.3,727,4.2,62,135.3,190,
1800-11-20 15:17:29,6230.0,7,1,421.0,969.1,172.0,146,26,93.1,385,385,67.4,727,4.2,62,136.6,190,
1800-11-20 15:17:31,6232.0,7,1,427.0,968.7,172.0,148,26,92.5,386,386,65.1,723,4.1,62,132.2,190,24.75
1800-11-20 15:17:33,6234.0,7,1,431.0,968.2,172.0,150,26,92.5,386,386,63.7,721,4.1,62,131.6,190,
1800-11-20 15:17:35,6236.0,7,1,434.0,967.7,172.0,148,26,92.4,386,386,63.5,721,4.1,62,131.3,190,
1800-11-20 15:17:37,6238.0,7,1,439.0,967.2,170.0,148,26,92.4,386,386,64.4,721,4.1,62,134.1,190,
1800-11-20 15:17:39,6240.0,7,1,444.0,966.6,169.0,148,25,93.0,386,386,66.5,726,4.2,62,136.1,190,
1800-11-20 15:17:41,6242.0,7,1,449.0,966.0,169.0,150,25,93.0,386,386,66.6,728,4.2,62,135.4,190,26.39
1800-11-20 15:17:43,6244.0,7,1,455.0,965.7,165.0,155,25,92.5,386,386,64.0,723,4.1,62,130.9,189,
1800-11-20 15:17:45,6246.0,7,1,458.0,964.9,161.0,146,26,92.0,386,386,60.7,717,4.1,62,127.7,189,
1800-11-20 15:17:47,6248.0,7,1,461.0,964.7,159.0,144,26,92.1,385,385,60.7,718,4.1,62,127.9,189,
1800-11-20 15:17:49,6250.0,7,1,464.0,964.3,159.0,142,25,91.7,385,385,56.9,711,4.0,62,124.7,189,
1800-11-20 15:17:51,6252.0,7,1,467.0,964.0,159.0,146,25,91.7,386,385,56.7,713,4.0,62,124.1,189,24.79
1800-11-20 15:17:53,6254.0,7,1,470.0,963.9,157.0,142,25,91.1,386,385,54.3,708,4.0,62,120.0,189,
1800-11-20 15:17:55,6256.0,7,1,470.0,963.3,156.0,144,26,90.8,385,385,53.4,703,4.0,62,120.4,189,
1800-11-20 15:17:57,6258.0,7,1,470.0,962.9,157.0,144,26,91.4,385,385,56.0,708,4.0,62,125.0,189,
1800-11-20 15:17:59,6260.0,7,1,474.0,962.7,157.0,146,25,91.8,385,384,56.8,711,4.0,62,124.2,189,
1800-11-20 15:18:01,6262.0,7,1,474.0,962.8,157.0,148,25,91.7,385,385,57.7,711,4.0,62,126.9,189,25.54
1800-11-20 15:18:03,6264.0,7,1,474.0,962.8,157.0,146,25,92.1,386,385,58.0,715,4.0,62,126.9,189,
1800-11-20 15:18:05,6266.0,7,1,474.0,962.9,159.0,146,25,91.9,386,385,57.6,714,4.0,62,125.7,189,
1800-11-20 15:18:07,6268.0,7,1,474.0,962.7,159.0,144,25,92.0,386,385,58.6,714,4.0,62,128.0,189,
1800-11-20 15:18:09,6270.0,7,1,476.0,962.7,161.0,142,25,92.1,386,385,57.9,715,4.0,62,125.6,189,
1800-11-20 15:18:11,6272.0,7,1,476.0,962.5,161.0,144,25,92.0,385,385,57.6,712,4.0,62,125.8,189,25.96
1800-11-20 15:18:13,6274.0,7,1,477.0,962.2,163.0,150,25,90.9,386,386,51.7,704,3.9,62,115.0,189,
1800-11-20 15:18:15,6276.0,7,1,478.0,961.5,167.0,155,25,90.1,385,385,49.5,690,3.9,62,116.2,188,
1800-11-20 15:18:17,6278.0,7,1,482.0,961.5,169.0,161,25,90.0,386,385,48.2,689,3.8,62,112.0,188,
1800-11-20 15:18:19,6280.0,7,1,484.0,961.1,170.0,164,25,90.2,386,386,50.5,689,3.9,62,117.5,188,
1800-11-20 15:18:21,6282.0,7,1,484.0,961.4,170.0,157,25,90.9,386,386,52.8,697,4.0,62,120.9,188,25.02
1800-11-20 15:18:23,6284.0,7,1,484.0,961.5,170.0,157,25,91.0,387,386,51.9,698,3.9,62,118.7,188,
1800-11-20 15:18:25,6286.0,7,1,484.0,961.3,172.0,153,25,90.9,386,386,52.8,699,4.0,62,120.2,188,
1800-11-20 15:18:27,6288.0,7,1,485.0,961.4,170.0,155,25,90.9,386,386,52.5,697,3.9,62,118.1,188,
1800-11-20 15:18:29,6290.0,7,1,485.0,961.4,172.0,157,25,90.8,386,386,53.5,696,3.9,62,121.9,188,
1800-11-20 15:18:31,6292.0,7,1,484.0,961.5,172.0,157,25,90.8,386,386,52.5,698,4.0,62,117.4,188,25.96
1800-11-20 15:18:33,6294.0,7,1,484.0,961.7,170.0,153,25,90.4,386,386,50.1,692,3.9,62,116.3,188,
1800-11-20 15:18:35,6296.0,7,1,484.0,961.5,169.0,146,25,90.4,386,386,50.3,690,3.9,62,116.5,188,
1800-11-20 15:18:37,6298.0,7,1,485.0,961.3,167.0,150,25,90.6,386,386,50.8,692,3.9,62,116.3,188,
1800-11-20 15:18:39,6300.0,7,1,487.0,961.2,165.0,142,25,89.8,387,386,46.5,684,3.8,62,108.4,188,
1800-11-20 15:18:41,6302.0,7,1,489.0,960.9,161.0,131,25,89.3,387,387,44.3,671,3.8,62,107.6,188,25.78
1800-11-20 15:18:43,6304.0,7,1,492.0,960.4,156.0,122,25,88.8,387,387,42.3,663,3.8,62,105.2,187,
1800-11-20 15:18:45,6306.0,7,1,497.0,960.0,154.0,116,25,88.9,387,387,43.2,662,3.8,62,107.1,187,
1800-11-20 15:18:47,6308.0,7,1,503.0,959.7,148.0,109,25,89.1,387,386,44.0,664,3.8,62,108.9,187,
1800-11-20 15:18:49,6310.0,7,1,511.0,959.4,146.0,103,25,89.6,387,386,44.7,669,3.9,62,108.4,187,
1800-11-20 15:18:51,6312.0,7,1,517.0,959.4,144.0,105,25,89.6,387,386,44.6,667,3.8,62,109.0,187,25.68
1800-11-20 15:18:53,6314.0,7,1,521.0,959.5,143.0,103,25,89.7,387,386,45.0,667,3.9,62,109.4,187,
1800-11-20 15:18:55,6316.0,7,1,521.0,959.7,141.0,101,25,89.8,386,386,47.5,669,3.9,62,114.8,187,
1800-11-20 15:18:57,6318.0,7,1,519.0,960.0,137.0,103,25,90.8,387,386,50.2,680,3.9,63,115.7,187,
1800-11-20 15:18:59,6320.0,7,1,517.0,960.4,133.0,105,24,90.7,386,386,49.7,680,3.9,63,114.8,187,
1800-11-20 15:19:01,6322.0,7,1,514.0,960.5,131.0,107,24,90.7,386,386,50.3,680,3.9,63,117.9,187,25.64
1800-11-20 15:19:03,6324.0,7,1,511.0,960.8,131.0,109,24,91.5,386,385,52.8,687,4.0,63,121.0,187,
1800-11-20 15:19:05,6326.0,7,1,510.0,960.7,130.0,111,24,92.3,385,385,58.5,698,4.0,63,129.1,187,
1800-11-20 15:19:07,6328.0,7,1,510.0,960.5,131.0,114,24,92.6,386,386,61.7,703,4.1,63,131.2,187,
1800-11-20 15:19:09,6330.0,7,1,510.0,960.1,135.0,116,24,93.0,386,386,66.4,710,4.1,63,137.4,187,
1800-11-20 15:19:11,6332.0,7,1,513.0,959.3,137.0,120,24,93.4,386,386,68.0,719,4.2,63,137.4,187,25.38
1800-11-20 15:19:13,6334.0,7,1,518.0,958.5,139.0,120,24,93.1,386,386,67.2,721,4.2,63,135.0,187,
1800-11-20 15:19:15,6336.0,7,1,525.0,957.5,146.0,118,24,92.2,386,386,62.0,710,4.1,64,126.9,187,
1800-11-20 15:19:17,6338.0,7,1,534.0,956.5,146.0,118,24,92.0,385,385,58.4,707,4.0,64,125.6,186,
1800-11-20 15:19:19,6340.0,7,1,543.0,955.5,148.0,111,24,92.1,385,385,57.3,707,4.0,64,123.6,186,
1800-11-20 15:19:21,6342.0,7,1,552.0,954.7,146.0,112,24,92.2,385,385,57.4,707,4.0,64,124.2,186,26.43
1800-11-20 15:19:23,6344.0,7,1,560.0,954.1,141.0,111,24,91.6,386,385,55.9,703,4.0,64,123.2,186,
1800-11-20 15:19:25,6346.0,7,1,567.0,953.2,137.0,107,24,92.2,385,385,57.2,706,4.0,64,125.0,186,
1800-11-20 15:19:27,6348.0,7,1,574.0,952.9,131.0,114,24,92.1,386,385,58.0,707,4.0,64,124.1,186,
1800-11-20 15:19:29,6350.0,7,1,579.0,952.6,130.0,114,24,91.8,386,386,55.9,705,4.0,64,122.3,186,
1800-11-20 15:19:31,6352.0,7,1,583.0,952.3,124.0,116,24,91.8,386,386,55.7,706,4.0,64,122.5,186,25.69
1800-11-20 15:19:33,6354.0,7,1,586.0,952.4,124.0,122,24,91.5,386,386,54.9,703,4.0,64,121.7,186,
1800-11-20 15:19:35,6356.0,7,1,588.0,952.4,122.0,127,24,91.4,386,386,53.9,701,3.9,64,119.4,186,
1800-11-20 15:19:37,6358.0,7,1,585.0,952.8,120.0,127,24,90.7,387,386,51.0,695,3.9,64,114.8,186,
1800-11-20 15:19:39,6360.0,7,1,581.0,952.7,119.0,131,24,90.0,387,387,47.6,684,3.8,64,111.4,186,
1800-11-20 15:19:41,6362.0,7,1,577.0,952.8,119.0,135,24,89.7,386,386,48.0,680,3.8,64,113.6,186,26.28
1800-11-20 15:19:43,6364.0,7,1,573.0,953.2,119.0,140,24,90.2,386,386,49.2,688,3.8,65,113.7,186,
1800-11-20 15:19:45,6366.0,7,1,566.0,954.0,122.0,140,24,89.8,387,387,46.8,681,3.8,65,111.2,185,
1800-11-20 15:19:47,6368.0,7,1,561.0,954.2,126.0,150,24,89.8,387,387,47.7,680,3.8,65,113.1,185,
1800-11-20 15:19:49,6370.0,7,1,554.0,954.7,130.0,148,24,90.0,387,387,48.0,682,3.8,65,113.4,185,
1800-11-20 15:19:51,6372.0,7,1,548.0,955.0,131.0,150,24,89.9,387,387,47.6,680,3.8,65,112.9,185,24.64
1800-11-20 15:19:53,6374.0,7,1,544.0,955.4,133.0,150,24,90.4,386,386,49.8,685,3.9,65,115.9,185,
1800-11-20 15:19:55,6376.0,7,1,541.0,955.9,139.0,150,24,89.8,387,387,46.3,679,3.8,65,110.5,185,
1800-11-20 15:19:57,6378.0,7,1,539.0,955.9,143.0,150,24,89.5,387,387,46.7,676,3.8,65,111.1,185,
1800-11-20 15:19:59,6380.0,7,1,538.0,956.1,144.0,153,24,89.8,387,387,47.9,676,3.8,65,114.7,185,
1800-11-20 15:20:01,6382.0,7,1,538.0,956.2,148.0,150,24,90.6,387,387,51.0,685,3.9,65,118.9,185,25.48
1800-11-20 15:20:03,6384.0,7,1,539.0,956.1,148.0,153,24,90.7,387,386,50.9,689,3.9,64,117.4,185,
1800-11-20 15:20:05,6386.0,7,1,539.0,956.0,152.0,148,24,90.9,387,387,52.0,690,3.9,64,119.5,185,
1800-11-20 15:20:07,6388.0,7,1,540.0,955.9,154.0,142,24,91.0,387,387,52.4,694,3.9,64,119.1,185,
1800-11-20 15:20:09,6390.0,7,1,541.0,955.6,154.0,140,24,91.1,387,386,52.9,695,3.9,64,120.5,185,
1800-11-20 15:20:11,6392.0,7,1,544.0,955.2,154.0,138,24,91.3,387,386,54.1,698,4.0,64,121.8,185,26.54
1800-11-20 15:20:13,6394.0,7,1,548.0,954.9,156.0,137,24,91.6,387,386,54.5,701,4.0,64,121.8,185,
1800-11-20 15:20:15,6396.0,7,1,552.0,954.4,156.0,133,24,91.5,386,386,54.8,700,4.0,64,123.2,185,
1800-11-20 15:20:17,6398.0,7,1,556.0,954.0,157.0,135,24,91.9,386,386,56.0,704,4.0,64,123.4,185,
1800-11-20 15:20:19,6400.0,7,1,560.0,953.6,157.0,129,24,91.8,386,386,55.9,704,4.0,64,123.8,184,
1800-11-20 15:20:21,6402.0,7,1,565.0,952.8,159.0,127,24,91.8,386,386,55.9,705,4.0,64,123.6,184,25.42
1800-11-20 15:20:23,6404.0,7,1,571.0,952.0,159.0,127,24,92.0,386,385,57.9,706,4.0,64,127.0,184,
1800-11-20 15:20:25,6406.0,7,1,579.0,951.1,157.0,124,24,92.3,385,385,59.1,711,4.0,64,126.3,184,
1800-11-20 15:20:27,6408.0,7,1,588.0,950.1,156.0,120,24,91.8,385,385,58.2,706,4.0,64,126.3,184,
1800-11-20 15:20:29,6410.0,7,1,597.0,949.2,152.0,116,24,92.3,385,385,58.2,711,4.0,64,126.8,184,
1800-11-20 15:20:31,6412.0,7,1,606.0,948.5,152.0,114,24,92.0,385,385,59.3,710,4.0,64,126.3,184,25.44
1800-11-20 15:20:33,6414.0,7,1,612.0,948.0,150.0,112,24,93.0,385,385,67.3,715,4.0,64,140.7,184,
1800-11-20 15:20:35,6416.0,7,1,618.0,947.5,150.0,116,24,93.9,385,385,71.9,730,4.2,64,141.7,184,
1800-11-20 15:20:37,6418.0,7,1,623.0,947.2,150.0,116,24,93.5,386,386,70.1,731,4.2,64,139.1,184,
1800-11-20 15:20:39,6420.0,7,1,627.0,946.6,148.0,116,24,93.3,386,386,67.6,728,4.1,64,134.5,184,
1800-11-20 15:20:41,6422.0,7,1,632.0,945.5,150.0,118,24,93.0,386,386,66.5,723,4.1,64,134.9,184,26.76
1800-11-20 15:20:43,6424.0,7,1,640.0,944.9,150.0,124,24,93.0,386,386,66.2,725,4.1,64,134.3,184,
1800-11-20 15:20:45,6426.0,7,1,646.0,944.1,152.0,127,24,92.6,386,386,64.3,721,4.1,64,129.5,184,
1800-11-20 15:20:47,6428.0,7,1,650.0,943.4,154.0,129,24,91.3,386,386,54.6,707,3.9,64,118.1,184,
1800-11-20 15:20:49,6430.0,7,1,656.0,942.7,157.0,135,24,91.7,385,385,56.4,708,3.9,64,123.4,183,
1800-11-20 15:20:51,6432.0,7,1,661.0,942.4,157.0,137,24,91.4,386,385,54.9,709,3.9,64,120.0,183,24.79
1800-11-20 15:20:53,6434.0,7,1,663.0,942.0,159.0,150,24,91.4,385,385,54.1,707,3.9,64,119.9,183,
1800-11-20 15:20:55,6436.0,7,1,665.0,941.7,159.0,148,24,90.3,386,386,49.7,696,3.8,64,114.3,183,
1800-11-20 15:20:57,6438.0,7,1,667.0,941.7,161.0,144,24,90.5,386,386,50.9,696,3.9,64,115.4,183,
1800-11-20 15:20:59,6440.0,7,1,667.0,941.9,161.0,144,24,90.4,386,385,49.0,691,3.8,65,112.8,183,
1800-11-20 15:21:01,6442.0,7,1,665.0,942.3,163.0,146,24,89.3,387,386,44.4,681,3.7,64,105.8,183,25.06
1800-11-20 15:21:03,6444.0,7,1,661.0,942.3,163.0,151,24,89.0,386,386,44.4,673,3.7,64,109.3,183,
1800-11-20 15:21:05,6446.0,7,1,657.0,943.0,167.0,146,23,89.7,387,386,45.8,681,3.8,64,107.8,183,
1800-11-20 15:21:07,6448.0,7,1,650.0,944.0,167.0,150,23,89.3,387,387,45.8,675,3.8,64,111.7,183,
1800-11-20 15:21:09,6450.0,7,1,642.0,945.0,170.0,148,23,89.8,387,387,46.7,680,3.8,64,111.2,183,
1800-11-20 15:21:11,6452.0,7,1,633.0,945.7,174.0,157,23,89.9,387,387,47.0,679,3.8,64,111.8,183,25.75
1800-11-20 15:21:13,6454.0,7,1,624.0,946.8,176.0,155,24,89.4,388,387,44.3,676,3.8,64,106.6,183,
1800-11-20 15:21:15,6456.0,7,1,617.0,947.5,180.0,155,24,89.2,388,387,44.1,670,3.8,64,108.9,183,
1800-11-20 15:21:17,6458.0,7,1,611.0,948.4,181.0,153,24,89.6,388,387,46.0,673,3.8,64,110.9,183,
1800-11-20 15:21:19,6460.0,7,1,605.0,949.4,185.0,155,24,89.6,387,387,45.5,675,3.8,64,109.1,182,
1800-11-20 15:21:21,6462.0,7,1,598.0,950.1,189.0,159,24,88.6,388,388,41.1,664,3.7,64,102.5,182,25.71
1800-11-20 15:21:23,6464.0,7,1,591.0,950.9,191.0,162,24,88.5,388,387,41.8,659,3.7,64,107.4,182,
1800-11-20 15:21:25,6466.0,7,1,584.0,951.7,194.0,164,24,89.6,388,387,45.2,670,3.8,64,110.3,182,
1800-11-20 15:21:27,6468.0,7,1,576.0,952.4,196.0,161,24,89.8,388,387,45.4,675,3.8,64,110.5,182,
1800-11-20 15:21:29,6470.0,7,1,570.0,953.2,198.0,159,24,89.8,388,387,45.4,674,3.8,63,110.2,182,
1800-11-20 15:21:31,6472.0,7,1,561.0,954.0,196.0,162,24,89.2,388,387,43.5,667,3.8,63,106.6,182,25.71
1800-11-20 15:21:33,6474.0,7,1,553.0,954.8,196.0,159,24,88.9,388,388,42.4,664,3.8,63,105.8,182,
1800-11-20 15:21:35,6476.0,7,1,547.0,955.4,198.0,157,24,88.7,388,388,41.3,660,3.8,63,105.0,182,
1800-11-20 15:21:37,6478.0,7,1,543.0,955.8,194.0,150,24,88.4,388,388,40.4,656,3.8,63,103.0,182,
1800-11-20 15:21:39,6480.0,7,1,540.0,956.3,191.0,148,24,88.1,388,388,40.4,653,3.7,63,105.8,182,
1800-11-20 15:21:41,6482.0,7,1,539.0,956.2,187.0,148,24,89.1,387,387,44.4,663,3.8,63,110.0,182,25.15
1800-11-20 15:21:43,6484.0,7,1,540.0,955.9,181.0,144,24,89.6,387,387,46.3,669,3.9,63,112.8,182,
1800-11-20 15:21:45,6486.0,7,1,542.0,955.9,174.0,138,24,90.1,387,387,48.9,675,3.9,63,116.0,182,
1800-11-20 15:21:47,6488.0,7,1,543.0,955.7,170.0,137,24,90.6,387,387,51.0,682,3.9,63,118.7,182,
1800-11-20 15:21:49,6490.0,7,1,544.0,955.4,165.0,133,24,90.9,387,386,51.2,687,4.0,63,118.0,182,
1800-11-20 15:21:51,6492.0,7,1,546.0,955.3,161.0,131,24,91.0,386,386,52.3,689,4.0,63,120.3,182,25.8
1800-11-20 15:21:53,6494.0,7,1,548.0,955.5,157.0,131,24,91.1,386,386,52.8,693,4.0,63,119.3,181,
1800-11-20 15:21:55,6496.0,7,1,548.0,955.5,156.0,135,24,90.9,386,386,52.7,692,4.0,63,120.8,181,
1800-11-20 15:21:57,6498.0,7,1,547.0,955.7,156.0,138,24,91.2,386,386,53.5,697,4.0,63,121.3,181,
1800-11-20 15:21:59,6500.0,7,1,544.0,955.9,156.0,138,24,91.3,386,386,55.5,698,4.0,63,125.2,181,
1800-11-20 15:22:01,6502.0,7,1,542.0,956.2,154.0,140,24,91.8,386,386,56.4,706,4.0,63,124.1,181,25.49
1800-11-20 15:22:03,6504.0,7,1,541.0,956.2,150.0,144,24,91.8,386,386,56.3,706,4.0,63,124.6,181,
1800-11-20 15:22:05,6506.0,7,1,541.0,955.8,146.0,142,25,91.9,386,386,56.3,706,4.0,63,125.7,181,
1800-11-20 15:22:07,6508.0,7,1,542.0,955.7,143.0,140,25,92.1,386,385,59.0,708,4.0,63,127.0,181,
1800-11-20 15:22:09,6510.0,7,1,545.0,955.6,139.0,137,24,91.6,386,386,57.0,707,4.0,63,125.5,181,
1800-11-20 15:22:11,6512.0,7,1,549.0,955.3,137.0,138,25,91.7,385,385,57.4,709,4.0,63,125.8,181,25.72
1800-11-20 15:22:13,6514.0,7,1,553.0,955.2,135.0,135,24,91.3,386,385,55.1,706,4.0,63,120.7,181,
1800-11-20 15:22:15,6516.0,7,1,557.0,955.1,133.0,125,24,90.3,386,386,49.5,697,3.9,63,112.4,181,
1800-11-20 15:22:17,6518.0,7,1,560.0,955.0,131.0,116,24,89.3,387,386,46.0,680,3.9,63,109.2,181,
1800-11-20 15:22:19,6520.0,7,1,563.0,954.7,131.0,109,24,89.2,386,386,45.5,677,3.8,63,109.9,181,
1800-11-20 15:22:21,6522.0,7,1,566.0,954.2,131.0,112,24,88.4,387,386,41.8,670,3.8,63,103.8,181,26.25
1800-11-20 15:22:23,6524.0,7,1,568.0,954.1,131.0,111,24,87.9,387,386,40.3,662,3.7,63,102.9,181,
1800-11-20 15:22:25,6526.0,7,1,568.0,954.0,131.0,107,24,88.1,387,386,40.7,661,3.7,63,103.8,180,
1800-11-20 15:22:27,6528.0,7,1,566.0,954.0,131.0,107,24,88.2,387,386,41.1,662,3.7,63,104.7,180,
1800-11-20 15:22:29,6530.0,7,1,567.0,953.8,131.0,105,24,87.8,386,386,40.1,658,3.7,63,103.6,180,
1800-11-20 15:22:31,6532.0,7,1,569.0,953.8,135.0,109,24,88.8,385,385,45.1,665,3.7,63,110.9,180,26.13
1800-11-20 15:22:33,6534.0,7,1,569.0,954.0,137.0,112,24,89.0,386,386,44.5,669,3.8,63,108.6,180,
1800-11-20 15:22:35,6536.0,7,1,567.0,954.2,144.0,118,24,88.8,386,385,44.0,668,3.8,64,107.5,180,
1800-11-20 15:22:37,6538.0,7,1,565.0,954.6,148.0,122,24,88.6,386,386,42.6,663,3.8,64,107.3,180,
1800-11-20 15:22:39,6540.0,7,1,564.0,954.8,150.0,125,24,88.0,387,386,39.7,657,3.7,64,99.2,180,
1800-11-20 15:22:41,6542.0,7,1,562.0,954.9,150.0,127,24,87.8,385,385,41.4,652,3.7,64,108.1,180,25.09
1800-11-20 15:22:43,6544.0,7,1,559.0,955.5,152.0,127,24,88.5,386,385,41.8,661,3.7,64,105.6,180,
1800-11-20 15:22:45,6546.0,7,1,554.0,956.2,159.0,135,24,88.3,386,385,41.1,658,3.7,64,102.6,180,
1800-11-20 15:22:47,6548.0,7,1,543.0,957.1,157.0,140,24,87.8,387,387,38.9,651,3.7,64,101.0,180,
1800-11-20 15:22:49,6550.0,7,1,533.0,957.7,159.0,144,24,87.8,386,386,39.8,651,3.7,64,105.2,180,
1800-11-20 15:22:51,6552.0,7,1,525.0,958.7,157.0,146,24,88.2,387,386,40.4,656,3.7,64,102.7,180,25.76
1800-11-20 15:22:53,6554.0,7,1,516.0,959.3,154.0,148,25,87.9,386,386,39.9,649,3.7,64,105.6,180,
1800-11-20 15:22:55,6556.0,7,1,507.0,960.0,152.0,148,25,88.1,387,386,39.4,655,3.7,64,101.3,180,
1800-11-20 15:22:57,6558.0,7,1,499.0,960.9,150.0,148,25,88.3,386,386,41.9,654,3.7,64,106.7,180,
1800-11-20 15:22:59,6560.0,7,1,490.0,962.1,150.0,150,25,88.4,386,386,41.3,658,3.8,64,107.1,180,
1800-11-20 15:23:01,6562.0,7,1,482.0,963.3,152.0,164,25,88.9,386,386,43.3,664,3.8,64,108.8,179,25.67
1800-11-20 15:23:03,6564.0,7,1,472.0,964.3,152.0,170,25,89.0,387,387,43.7,664,3.8,64,109.9,179,
1800-11-20 15:23:05,6566.0,7,1,461.0,965.4,152.0,170,25,89.2,387,387,44.7,668,3.8,64,112.0,179,
1800-11-20 15:23:07,6568.0,7,1,450.0,966.3,152.0,170,25,89.6,387,387,46.0,673,3.8,64,112.4,179,
1800-11-20 15:23:09,6570.0,7,1,442.0,967.0,148.0,166,25,89.4,388,387,45.2,671,3.8,64,111.9,179,
1800-11-20 15:23:11,6572.0,7,1,440.0,966.9,146.0,161,25,90.6,387,386,51.8,682,3.9,64,123.4,179,26.11
1800-11-20 15:23:13,6574.0,7,1,440.0,966.5,143.0,157,25,91.2,386,386,53.3,695,4.0,64,122.3,179,
1800-11-20 15:23:15,6576.0,7,1,444.0,965.9,139.0,159,25,91.4,386,386,54.2,696,4.0,64,122.7,179,
1800-11-20 15:23:17,6578.0,7,1,450.0,965.2,135.0,151,25,91.0,386,386,52.3,694,4.0,63,119.5,179,
1800-11-20 15:23:19,6580.0,7,1,457.0,964.6,133.0,150,25,91.3,385,385,54.1,694,4.0,63,123.3,179,
1800-11-20 15:23:21,6582.0,7,1,463.0,964.5,131.0,144,25,91.3,385,385,54.6,698,4.0,63,123.3,179,25.82
1800-11-20 15:23:23,6584.0,7,1,467.0,964.3,131.0,150,25,91.4,386,385,54.2,698,4.0,63,121.4,179,
1800-11-20 15:23:25,6586.0,7,1,469.0,964.2,133.0,151,25,91.0,386,386,53.2,696,4.0,63,121.0,179,
1800-11-20 15:23:27,6588.0,7,1,470.0,964.2,133.0,150,25,91.1,386,386,53.4,699,4.0,63,120.9,179,
1800-11-20 15:23:29,6590.0,7,1,471.0,964.1,131.0,148,25,91.1,386,386,53.5,698,4.0,63,121.7,179,
1800-11-20 15:23:31,6592.0,7,1,473.0,963.6,131.0,150,25,91.2,386,386,54.0,700,4.0,63,122.3,179,25.55
1800-11-20 15:23:33,6594.0,7,1,475.0,963.4,130.0,150,25,91.4,386,385,55.2,701,4.0,63,124.0,179,
1800-11-20 15:23:35,6596.0,7,1,478.0,963.3,128.0,148,25,91.6,386,385,57.0,704,4.0,63,126.8,178,
1800-11-20 15:23:37,6598.0,7,1,479.0,963.2,128.0,146,25,91.8,386,385,56.6,707,4.0,63,126.0,178,
1800-11-20 15:23:39,6600.0,7,1,480.0,963.1,128.0,144,25,92.0,385,385,57.7,709,4.0,62,126.9,178,
1800-11-20 15:23:41,6602.0,7,1,481.0,963.1,128.0,142,25,91.4,386,385,54.9,703,4.0,62,121.8,178,26.8
1800-11-20 15:23:43,6604.0,7,1,481.0,963.0,126.0,146,25,91.7,385,385,56.9,705,4.0,62,126.5,178,
1800-11-20 15:23:45,6606.0,7,1,481.0,963.2,126.0,148,25,91.4,386,385,55.1,705,4.0,62,122.5,178,
1800-11-20 15:23:47,6608.0,7,1,481.0,963.0,124.0,146,25,91.3,386,385,55.1,702,4.0,62,122.9,178,
1800-11-20 15:23:49,6610.0,7,1,482.0,962.8,124.0,144,25,91.3,385,385,56.0,703,4.0,63,126.0,178,
1800-11-20 15:23:51,6612.0,7,1,483.0,962.6,124.0,146,25,92.0,385,385,57.3,709,4.0,63,125.8,178,25.73
1800-11-20 15:23:53,6614.0,7,1,483.0,962.8,124.0,142,25,91.3,386,385,55.0,703,4.0,63,122.6,178,
1800-11-20 15:23:55,6616.0,7,1,483.0,962.6,124.0,142,25,91.0,386,385,53.4,700,4.0,63,120.3,178,
1800-11-20 15:23:57,6618.0,7,1,484.0,962.3,120.0,144,25,91.2,385,385,55.7,700,4.0,63,125.4,178,
1800-11-20 15:23:59,6620.0,7,1,485.0,962.1,120.0,140,25,91.9,385,385,58.6,710,4.0,63,129.1,178,
1800-11-20 15:24:01,6622.0,7,1,487.0,962.1,119.0,138,25,91.9,385,385,59.6,712,4.1,63,128.0,178,25.67
1800-11-20 15:24:03,6624.0,7,1,488.0,962.0,119.0,137,25,91.9,386,385,60.4,711,4.1,63,129.1,178,
1800-11-20 15:24:05,6626.0,7,1,489.0,961.9,120.0,140,25,91.9,386,386,59.0,709,4.1,63,125.8,177,
1800-11-20 15:24:07,6628.0,7,1,490.0,961.8,120.0,137,25,91.7,385,385,57.6,709,4.0,63,127.0,177,
1800-11-20 15:24:09,6630.0,7,1,491.0,961.3,120.0,138,25,91.8,385,385,57.6,711,4.0,63,126.0,177,
1800-11-20 15:24:11,6632.0,7,1,493.0,961.0,120.0,144,25,91.8,386,385,57.5,711,4.0,63,126.1,177,25.77
1800-11-20 15:24:13,6634.0,7,1,495.0,960.6,120.0,144,25,91.9,386,385,58.0,712,4.0,63,126.9,177,
1800-11-20 15:24:15,6636.0,7,1,496.0,960.2,120.0,144,25,91.9,386,385,58.8,712,4.0,63,128.6,177,
1800-11-20 15:24:17,6638.0,7,1,498.0,960.0,120.0,140,25,91.8,386,385,59.0,712,4.0,63,127.7,177,
1800-11-20 15:24:19,6640.0,7,1,500.0,959.4,119.0,138,25,91.7,386,386,59.3,711,4.0,63,127.1,177,
1800-11-20 15:24:21,6642.0,7,1,504.0,958.7,117.0,138,25,92.1,386,385,59.0,713,4.0,63,128.6,177,25.71
1800-11-20 15:24:23,6644.0,7,1,509.0,957.8,117.0,137,25,91.9,386,385,60.5,713,4.1,63,128.4,177,
1800-11-20 15:24:25,6646.0,7,1,518.0,957.0,117.0,131,25,91.9,386,386,60.9,714,4.1,63,128.5,177,
1800-11-20 15:24:27,6648.0,7,1,527.0,956.2,117.0,127,25,91.8,386,386,59.0,713,4.1,63,126.0,177,
1800-11-20 15:24:29,6650.0,7,1,536.0,955.3,117.0,124,25,91.5,386,385,54.9,710,4.0,63,118.8,177,
1800-11-20 15:24:31,6652.0,7,1,547.0,954.2,115.0,116,25,90.4,385,385,52.2,696,3.9,63,120.1,177,25.67
1800-11-20 15:24:33,6654.0,7,1,558.0,953.0,115.0,114,25,91.2,384,384,56.3,704,4.0,63,123.6,177,
1800-11-20 15:24:35,6656.0,7,1,567.0,952.1,115.0,127,24,90.6,386,386,51.7,701,3.9,63,116.3,177,
1800-11-20 15:24:37,6658.0,7,1,576.0,951.6,120.0,125,24,91.4,385,385,57.8,704,3.9,63,128.3,177,
1800-11-20 15:24:39,6660.0,7,1,582.0,951.0,124.0,125,24,91.6,386,386,59.7,710,4.0,63,126.9,176,
1800-11-20 15:24:41,6662.0,7,1,586.0,950.7,128.0,131,24,91.7,386,386,59.5,711,4.0,63,124.8,176,26.41
1800-11-20 15:24:43,6664.0,7,1,589.0,950.1,128.0,133,24,91.5,386,385,57.5,707,4.0,63,127.0,176,
1800-11-20 15:24:45,6666.0,7,1,593.0,949.8,131.0,125,24,91.9,385,385,58.3,713,4.0,63,124.2,176,
1800-11-20 15:24:47,6668.0,7,1,597.0,949.2,133.0,125,24,91.6,385,385,58.1,708,4.0,63,128.4,176,
1800-11-20 15:24:49,6670.0,7,1,603.0,948.6,137.0,135,24,91.7,386,385,58.7,710,4.0,63,124.5,176,
1800-11-20 15:24:51,6672.0,7,1,608.0,948.0,137.0,135,24,91.9,386,385,57.7,711,4.0,63,125.6,176,25.89
1800-11-20 15:24:53,6674.0,7,1,612.0,947.5,139.0,138,24,91.7,385,385,57.9,713,4.0,63,124.6,176,
1800-11-20 15:24:55,6676.0,7,1,616.0,947.1,143.0,140,24,91.7,386,386,56.2,711,4.0,63,122.7,176,
1800-11-20 15:24:57,6678.0,7,1,619.0,946.4,143.0,142,24,91.5,386,386,55.6,710,4.0,63,122.3,176,
1800-11-20 15:24:59,6680.0,7,1,624.0,945.7,143.0,140,24,91.3,386,386,54.8,707,4.0,63,121.7,176,
1800-11-20 15:25:01,6682.0,7,1,630.0,945.3,143.0,131,24,91.3,385,385,54.8,706,3.9,63,120.3,176,25.73
1800-11-20 15:25:03,6684.0,7,1,636.0,944.7,143.0,137,24,91.5,386,386,56.2,707,3.9,63,123.6,176,
1800-11-20 15:25:05,6686.0,7,1,641.0,944.3,143.0,137,24,91.7,385,385,58.3,709,4.0,63,126.9,176,
1800-11-20 15:25:07,6688.0,7,1,646.0,944.0,143.0,133,24,91.0,387,386,53.6,705,3.9,63,117.1,175,
1800-11-20 15:25:09,6690.0,7,1,650.0,943.4,143.0,133,24,91.3,385,385,55.6,702,3.9,63,125.1,175,
1800-11-20 15:25:11,6692.0,7,1,655.0,943.4,144.0,131,24,91.7,386,385,59.3,709,4.0,63,124.5,175,25.47
1800-11-20 15:25:13,6694.0,7,1,657.0,943.5,144.0,133,23,91.7,386,386,57.9,709,4.0,63,125.6,175,
1800-11-20 15:25:15,6696.0,7,1,658.0,943.3,146.0,133,23,92.0,386,386,57.6,713,4.0,63,125.1,175,
1800-11-20 15:25:17,6698.0,7,1,659.0,943.2,146.0,133,23,92.0,386,386,57.4,711,4.0,63,124.1,175,
1800-11-20 15:25:19,6700.0,7,1,660.0,942.8,146.0,135,23,91.7,386,386,56.1,709,4.0,63,122.0,175,
1800-11-20 15:25:21,6702.0,7,1,663.0,942.5,148.0,138,23,91.5,386,386,55.6,708,4.0,63,121.7,175,26.43
1800-11-20 15:25:23,6704.0,7,1,665.0,942.4,150.0,138,23,91.7,386,385,56.7,708,4.0,63,124.1,175,
1800-11-20 15:25:25,6706.0,7,1,667.0,942.3,152.0,142,23,91.8,386,386,56.8,712,4.0,63,123.7,175,
1800-11-20 15:25:27,6708.0,7,1,667.0,942.3,154.0,144,23,92.0,386,386,57.6,712,4.0,63,125.5,175,
1800-11-20 15:25:29,6710.0,7,1,667.0,942.4,156.0,146,23,92.1,386,386,58.2,715,4.0,63,126.2,175,
1800-11-20 15:25:31,6712.0,7,1,667.0,942.3,159.0,148,23,92.1,386,386,58.0,715,4.0,63,126.1,175,25.8
1800-11-20 15:25:33,6714.0,7,1,669.0,942.3,159.0,146,23,91.8,387,386,58.3,711,4.0,63,124.6,174,
1800-11-20 15:25:35,6716.0,7,1,670.0,942.4,161.0,150,23,92.2,387,386,57.9,712,4.0,63,125.1,174,
1800-11-20 15:25:37,6718.0,7,1,671.0,942.3,163.0,153,23,92.1,386,386,57.6,715,4.0,63,125.2,174,
1800-11-20 15:25:39,6720.0,7,1,672.0,942.3,165.0,155,23,91.8,386,386,56.5,712,4.0,63,122.0,174,
1800-11-20 15:25:41,6722.0,7,1,672.0,942.2,167.0,155,23,91.2,387,386,54.1,705,4.0,63,118.4,174,26.67
1800-11-20 15:25:43,6724.0,7,1,674.0,942.5,165.0,157,23,90.5,387,386,50.2,696,3.9,63,115.6,174,
1800-11-20 15:25:45,6726.0,7,1,675.0,942.5,165.0,157,23,90.6,387,387,50.6,696,3.9,63,115.3,174,
1800-11-20 15:25:47,6728.0,7,1,676.0,942.7,161.0,153,23,90.3,387,387,49.5,693,3.9,63,113.6,174,
1800-11-20 15:25:49,6730.0,7,1,676.0,942.6,161.0,155,23,90.2,387,386,49.8,689,3.9,63,115.3,174,
1800-11-20 15:25:51,6732.0,7,1,674.0,943.0,159.0,159,23,90.3,387,387,48.7,689,3.9,63,113.1,174,25.85
1800-11-20 15:25:53,6734.0,7,1,671.0,943.0,159.0,162,23,90.0,387,387,47.7,688,3.9,63,110.7,174,
1800-11-20 15:25:55,6736.0,7,1,668.0,943.1,159.0,170,23,89.5,388,387,47.1,680,3.9,63,113.1,174,
1800-11-20 15:25:57,6738.0,7,1,666.0,943.0,159.0,166,23,90.0,387,387,47.7,685,3.9,63,113.0,174,
1800-11-20 15:25:59,6740.0,7,1,665.0,943.2,159.0,166,23,90.2,387,387,49.2,686,3.9,63,115.2,174,
1800-11-20 15:26:01,6742.0,7,1,662.0,943.4,159.0,166,23,90.3,387,387,49.2,689,3.9,63,113.6,173,25.8
1800-11-20 15:26:03,6744.0,7,1,658.0,943.8,159.0,166,23,89.9,388,387,47.3,684,3.9,63,111.3,173,
1800-11-20 15:26:05,6746.0,7,1,655.0,944.4,159.0,164,23,89.9,387,387,47.4,682,3.9,62,112.4,173,
1800-11-20 15:26:07,6748.0,7,1,653.0,944.6,159.0,159,23,89.8,387,387,47.4,681,3.9,62,111.4,173,
1800-11-20 15:26:09,6750.0,7,1,651.0,944.7,159.0,161,23,89.4,387,387,45.6,677,3.8,62,108.6,173,
1800-11-20 15:26:11,6752.0,7,1,649.0,945.0,159.0,157,24,89.0,387,387,43.7,672,3.8,62,106.5,173,25.81
1800-11-20 15:26:13,6754.0,7,1,647.0,944.9,157.0,164,24,88.8,386,387,43.9,668,3.8,62,110.2,173,
1800-11-20 15:26:15,6756.0,7,1,645.0,945.3,157.0,161,24,89.4,387,386,46.2,675,3.9,62,110.3,173,
1800-11-20 15:26:17,6758.0,7,1,641.0,945.6,159.0,168,24,89.6,386,386,46.6,677,3.9,62,109.6,173,
1800-11-20 15:26:19,6760.0,7,1,636.0,946.6,159.0,166,23,88.6,388,387,42.1,667,3.8,62,105.1,173,
1800-11-20 15:26:21,6762.0,7,1,629.0,947.3,161.0,168,23,88.9,388,387,44.1,667,3.8,62,108.3,173,24.59
1800-11-20 15:26:23,6764.0,7,1,621.0,948.1,161.0,166,23,89.1,388,387,44.6,669,3.8,62,110.5,173,
1800-11-20 15:26:25,6766.0,7,1,614.0,948.9,161.0,166,24,90.6,387,387,51.3,684,3.9,62,119.3,173,
1800-11-20 15:26:27,6768.0,7,1,607.0,949.5,161.0,164,24,91.2,387,387,52.4,693,4.0,62,119.8,173,
1800-11-20 15:26:29,6770.0,7,1,603.0,949.8,161.0,161,24,90.4,387,387,49.6,687,3.9,61,114.3,173,
1800-11-20 15:26:31,6772.0,7,1,600.0,949.9,163.0,168,24,90.2,387,387,48.3,685,3.9,61,112.0,173,25.71
1800-11-20 15:26:33,6774.0,7,1,598.0,950.2,163.0,170,24,89.1,387,387,44.2,672,3.9,61,107.5,172,
1800-11-20 15:26:35,6776.0,7,1,596.0,950.3,161.0,172,24,89.4,387,387,46.1,671,3.8,61,112.8,172,
1800-11-20 15:26:37,6778.0,7,1,592.0,950.8,161.0,172,24,89.8,388,387,46.4,677,3.9,61,110.7,172,
1800-11-20 15:26:39,6780.0,7,1,587.0,951.6,161.0,168,24,89.2,387,387,44.6,671,3.9,61,108.5,172,
1800-11-20 15:26:41,6782.0,7,1,581.0,952.2,161.0,166,24,89.5,387,387,45.8,673,3.9,61,110.8,172,26.62
1800-11-20 15:26:43,6784.0,7,1,572.0,953.1,161.0,166,24,89.4,388,387,45.2,673,3.9,61,109.8,172,
1800-11-20 15:26:45,6786.0,7,1,565.0,953.9,161.0,168,24,89.3,387,387,45.2,670,3.9,61,110.1,172,
1800-11-20 15:26:47,6788.0,7,1,559.0,954.6,161.0,168,24,88.7,388,387,41.9,665,3.8,61,104.1,172,
1800-11-20 15:26:49,6790.0,7,1,553.0,955.2,161.0,166,24,87.8,388,388,38.7,654,3.8,61,99.6,172,
1800-11-20 15:26:51,6792.0,7,1,549.0,955.5,161.0,162,24,87.9,387,387,40.8,652,3.8,61,106.6,172,25.59
1800-11-20 15:26:53,6794.0,7,1,545.0,955.8,161.0,162,24,88.4,387,387,41.2,659,3.8,61,104.1,172,
1800-11-20 15:26:55,6796.0,7,1,541.0,956.5,159.0,162,24,88.3,387,387,41.4,657,3.8,61,105.8,172,
1800-11-20 15:26:57,6798.0,7,1,536.0,957.1,159.0,162,24,88.8,388,387,43.2,660,3.8,61,108.7,172,
1800-11-20 15:26:59,6800.0,7,1,531.0,957.7,161.0,164,24,89.1,387,387,44.5,665,3.8,61,110.2,172,
1800-11-20 15:27:01,6802.0,7,1,526.0,958.2,161.0,164,24,89.4,388,387,45.1,668,3.9,61,110.4,172,25.95
1800-11-20 15:27:03,6804.0,7,1,521.0,958.8,161.0,164,24,89.5,387,387,45.5,670,3.9,61,111.0,172,
1800-11-20 15:27:05,6806.0,7,1,516.0,959.2,161.0,164,24,89.5,387,387,45.6,672,3.9,61,110.9,172,
1800-11-20 15:27:07,6808.0,7,1,511.0,959.7,163.0,166,25,89.4,387,387,45.4,670,3.9,60,111.0,171,
1800-11-20 15:27:09,6810.0,7,1,506.0,960.3,163.0,166,25,89.5,387,387,45.5,672,3.9,60,111.0,171,
1800-11-20 15:27:11,6812.0,7,1,502.0,960.7,163.0,166,25,89.6,387,387,45.8,672,3.9,60,111.7,171,25.13
1800-11-20 15:27:13,6814.0,7,1,499.0,961.0,165.0,166,25,89.7,387,387,46.5,673,3.9,60,111.9,171,
1800-11-20 15:27:15,6816.0,7,1,496.0,961.3,165.0,166,25,89.7,387,387,46.3,673,3.9,60,111.7,171,
1800-11-20 15:27:17,6818.0,7,1,492.0,961.7,165.0,168,25,89.7,387,386,46.4,673,3.9,60,112.0,171,
1800-11-20 15:27:19,6820.0,7,1,491.0,962.2,169.0,166,25,89.5,387,387,45.5,671,3.9,60,110.1,171,
1800-11-20 15:27:21,6822.0,7,1,488.0,962.8,172.0,168,25,89.2,387,387,44.2,667,3.9,60,108.8,171,25.72
1800-11-20 15:27:23,6824.0,7,1,483.0,963.1,172.0,172,25,89.2,387,387,44.4,667,3.9,60,109.5,171,
1800-11-20 15:27:25,6826.0,7,1,478.0,963.8,174.0,170,25,89.0,387,387,43.8,665,3.9,60,108.3,171,
1800-11-20 15:27:27,6828.0,7,1,472.0,964.2,176.0,170,25,89.0,387,387,43.7,665,3.9,60,108.8,171,
1800-11-20 15:27:29,6830.0,7,1,466.0,964.7,180.0,170,25,89.1,387,387,43.8,665,3.9,60,108.8,171,
1800-11-20 15:27:31,6832.0,7,1,460.0,965.3,181.0,172,25,88.9,387,387,43.3,664,3.9,60,108.3,171,25.86
1800-11-20 15:27:33,6834.0,7,1,453.0,966.3,183.0,174,25,88.7,387,387,42.5,660,3.9,60,107.2,171,
1800-11-20 15:27:35,6836.0,7,1,445.0,967.1,187.0,174,25,88.9,387,387,43.0,662,3.9,60,108.0,171,
1800-11-20 15:27:37,6838.0,7,1,435.0,968.2,191.0,175,25,88.7,388,387,42.1,661,3.8,60,106.5,171,
1800-11-20 15:27:39,6840.0,7,1,425.0,969.2,194.0,177,25,88.4,388,388,41.1,657,3.8,60,105.4,170,
1800-11-20 15:27:41,6842.0,7,1,415.0,970.2,198.0,177,25,88.4,388,387,40.7,656,3.8,60,105.2,170,25.66
1800-11-20 15:27:43,6844.0,7,1,405.0,971.3,200.0,181,25,88.1,388,388,40.0,654,3.8,60,103.8,170,
1800-11-20 15:27:45,6846.0,7,1,397.0,972.1,204.0,179,25,87.9,388,388,39.4,652,3.8,60,103.2,170,
1800-11-20 15:27:47,6848.0,7,1,388.0,972.8,206.0,177,25,87.8,388,388,38.9,650,3.8,60,103.0,170,
1800-11-20 15:27:49,6850.0,7,1,380.0,973.7,207.0,177,26,88.0,387,387,41.0,651,3.8,60,107.1,170,
1800-11-20 15:27:51,6852.0,7,1,372.0,974.8,209.0,177,26,88.6,388,387,41.6,657,3.8,60,107.6,170,25.74
1800-11-20 15:27:53,6854.0,7,1,364.0,975.7,209.0,179,26,88.9,388,387,43.2,659,3.9,60,109.6,170,
1800-11-20 15:27:55,6856.0,7,1,355.0,976.5,213.0,179,26,89.0,388,387,42.9,661,3.9,60,108.6,170,
1800-11-20 15:27:57,6858.0,7,1,347.0,977.5,213.0,179,26,88.7,388,387,42.3,660,3.9,60,107.5,170,
1800-11-20 15:27:59,6860.0,7,1,338.0,978.3,215.0,177,26,88.6,388,388,41.7,658,3.9,60,106.8,170,
1800-11-20 15:28:01,6862.0,7,1,329.0,979.2,215.0,179,26,88.4,388,387,41.2,656,3.8,60,106.9,170,25.73
1800-11-20 15:28:03,6864.0,7,1,322.0,979.9,215.0,177,26,88.7,388,387,43.9,657,3.8,60,111.1,170,
1800-11-20 15:28:05,6866.0,7,1,316.0,980.7,215.0,177,26,89.4,387,387,45.9,665,3.9,60,113.7,170,
1800-11-20 15:28:07,6868.0,7,1,310.0,981.4,213.0,177,26,89.9,387,387,47.4,672,4.0,60,115.8,170,
1800-11-20 15:28:09,6870.0,7,1,305.0,982.2,213.0,177,26,90.0,388,387,47.8,676,4.0,60,115.3,170,
1800-11-20 15:28:11,6872.0,7,1,300.0,982.7,215.0,175,26,90.1,387,387,47.9,677,4.0,59,116.5,170,25.64
1800-11-20 15:28:13,6874.0,7,1,295.0,983.0,213.0,175,26,90.1,387,387,48.4,678,4.0,59,115.3,169,
1800-11-20 15:28:15,6876.0,7,1,290.0,983.7,211.0,170,26,89.8,388,387,46.8,675,3.9,59,114.0,169,
1800-11-20 15:28:17,6878.0,7,1,286.0,984.1,209.0,168,26,89.8,388,387,47.7,675,4.0,59,115.9,169,
1800-11-20 15:28:19,6880.0,7,1,285.0,984.2,206.0,162,26,89.9,387,387,47.7,677,4.0,59,114.5,169,
1800-11-20 15:28:21,6882.0,7,1,285.0,984.0,202.0,157,27,89.6,387,387,46.2,672,3.9,59,112.6,169,26.43
1800-11-20 15:28:23,6884.0,7,1,286.0,983.8,194.0,151,26,89.7,387,386,46.5,672,3.9,59,113.3,169,
1800-11-20 15:28:25,6886.0,7,1,288.0,983.8,189.0,148,26,89.8,387,386,47.3,672,3.9,59,114.9,169,
1800-11-20 15:28:27,6888.0,7,1,291.0,983.7,185.0,142,26,90.3,387,387,49.7,677,4.0,60,117.8,169,
1800-11-20 15:28:29,6890.0,7,1,292.0,983.4,178.0,140,26,90.4,387,386,50.5,682,4.0,60,119.6,169,
1800-11-20 15:28:31,6892.0,7,1,297.0,983.1,172.0,135,26,90.8,386,386,52.9,686,4.0,60,124.2,169,25.17
1800-11-20 15:28:33,6894.0,7,1,301.0,982.8,165.0,133,26,91.7,386,386,57.3,697,4.1,60,127.8,169,
1800-11-20 15:28:35,6896.0,7,1,304.0,982.5,161.0,133,26,91.9,386,386,56.8,701,4.1,60,126.3,169,
1800-11-20 15:28:37,6898.0,7,1,308.0,982.4,154.0,133,26,91.9,386,386,57.1,700,4.1,60,127.3,169,
1800-11-20 15:28:39,6900.0,7,1,312.0,982.0,148.0,135,26,91.9,386,386,56.7,702,4.1,60,126.3,169,
1800-11-20 15:28:41,6902.0,7,1,317.0,981.9,144.0,133,26,91.9,386,386,56.6,702,4.1,60,126.2,169,25.78
1800-11-20 15:28:43,6904.0,7,1,321.0,981.6,135.0,133,26,91.9,386,385,56.4,702,4.1,60,126.1,169,
1800-11-20 15:28:45,6906.0,7,1,322.0,981.7,128.0,137,26,91.6,386,386,55.8,701,4.1,60,124.5,169,
1800-11-20 15:28:47,6908.0,7,1,320.0,981.7,124.0,135,26,91.3,386,386,54.3,698,4.0,60,122.0,169,
1800-11-20 15:28:49,6910.0,7,1,318.0,981.9,120.0,138,26,91.2,386,386,54.0,697,4.0,60,123.2,168,
1800-11-20 15:28:51,6912.0,7,1,315.0,981.9,117.0,142,26,91.5,386,386,54.5,699,4.1,61,123.4,168,25.56
1800-11-20 15:28:53,6914.0,7,1,312.0,982.0,115.0,142,26,91.3,386,386,54.0,699,4.0,61,122.4,168,
1800-11-20 15:28:55,6916.0,7,1,310.0,982.1,113.0,144,26,90.9,386,386,52.9,696,4.0,61,120.9,168,
1800-11-20 15:28:57,6918.0,7,1,308.0,982.4,113.0,142,26,90.9,387,386,52.6,695,4.0,61,120.6,168,
1800-11-20 15:28:59,6920.0,7,1,304.0,982.8,115.0,144,26,90.9,387,386,52.5,695,4.0,61,120.2,168,
1800-11-20 15:29:01,6922.0,7,1,301.0,983.1,119.0,148,26,90.8,386,386,52.1,693,4.0,61,120.8,168,25.62
1800-11-20 15:29:03,6924.0,7,1,296.0,983.5,120.0,150,26,91.0,386,386,52.4,694,4.0,61,121.0,168,
1800-11-20 15:29:05,6926.0,7,1,290.0,983.8,128.0,151,26,90.9,386,386,52.5,696,4.0,61,120.4,168,
1800-11-20 15:29:07,6928.0,7,1,287.0,984.3,135.0,155,26,90.8,386,386,51.7,693,4.0,61,119.5,168,
1800-11-20 15:29:09,6930.0,7,1,283.0,984.7,135.0,157,26,90.8,386,386,51.8,693,4.0,61,119.8,168,
1800-11-20 15:29:11,6932.0,7,1,279.0,985.1,139.0,157,26,90.6,386,386,51.3,692,4.0,61,119.3,168,25.7
1800-11-20 15:29:13,6934.0,7,1,275.0,985.5,139.0,161,26,90.4,386,386,50.3,690,4.0,62,117.6,168,
1800-11-20 15:29:15,6936.0,7,1,271.0,985.9,141.0,162,27,90.1,386,386,49.4,687,3.9,62,117.2,168,
1800-11-20 15:29:17,6938.0,7,1,267.0,986.4,143.0,162,27,90.3,386,386,50.3,688,3.9,62,118.9,167,
1800-11-20 15:29:19,6940.0,7,1,263.0,987.0,143.0,162,27,90.3,386,386,50.0,689,4.0,62,117.4,167,
1800-11-20 15:29:21,6942.0,7,1,260.0,987.4,144.0,162,27,89.9,387,386,48.2,684,3.9,62,115.4,167,24.94
1800-11-20 15:29:23,6944.0,7,1,256.0,987.9,144.0,162,27,89.8,386,386,47.7,681,3.9,62,115.6,167,
1800-11-20 15:29:25,6946.0,7,1,251.0,988.5,144.0,164,27,90.1,386,386,50.7,684,3.9,62,120.2,167,
1800-11-20 15:29:27,6948.0,7,1,247.0,988.6,144.0,166,27,90.8,386,386,52.1,692,4.0,62,121.9,167,
1800-11-20 15:29:29,6950.0,7,1,244.0,989.2,143.0,166,27,90.8,386,386,52.0,694,4.0,62,121.4,167,
1800-11-20 15:29:31,6952.0,7,1,241.0,989.5,143.0,164,27,90.7,386,386,51.4,692,4.0,62,119.3,167,25.69
1800-11-20 15:29:33,6954.0,7,1,241.0,989.6,139.0,164,27,90.6,386,386,51.6,691,4.0,61,121.8,167,
1800-11-20 15:29:35,6956.0,7,1,241.0,989.8,137.0,162,27,91.2,386,386,55.4,698,4.0,61,126.4,167,
1800-11-20 15:29:37,6958.0,7,1,239.0,990.0,137.0,164,27,91.6,386,386,55.2,703,4.1,61,125.1,167,
1800-11-20 15:29:39,6960.0,7,1,239.0,990.3,137.0,164,27,91.3,386,386,54.1,701,4.0,61,123.2,167,
1800-11-20 15:29:41,6962.0,7,1,238.0,990.5,139.0,161,27,91.3,386,385,53.9,700,4.0,61,123.4,166,26.32
1800-11-20 15:29:43,6964.0,7,1,239.0,990.5,139.0,162,27,91.1,386,386,53.6,701,4.0,61,123.1,166,
1800-11-20 15:29:45,6966.0,7,1,240.0,990.9,146.0,162,27,90.8,386,386,52.8,698,4.0,61,121.4,166,
1800-11-20 15:29:47,6968.0,7,1,239.0,991.0,146.0,161,27,90.8,386,386,53.1,698,4.0,61,122.8,166,
1800-11-20 15:29:49,6970.0,7,1,238.0,991.1,150.0,162,27,90.9,386,385,53.7,700,4.0,61,123.7,166,
1800-11-20 15:29:51,6972.0,7,1,235.0,991.5,152.0,162,27,90.9,386,385,53.1,701,4.0,61,121.9,166,24.81
1800-11-20 15:29:53,6974.0,7,1,233.0,991.7,152.0,166,27,90.8,386,386,52.6,698,4.0,61,122.1,166,
1800-11-20 15:29:55,6976.0,7,1,231.0,992.0,157.0,168,27,90.8,386,386,52.3,697,4.0,61,121.1,166,
1800-11-20 15:29:57,6978.0,7,1,230.0,992.4,157.0,164,27,90.7,386,386,51.9,697,4.0,61,121.5,166,
1800-11-20 15:29:59,6980.0,7,1,230.0,992.5,157.0,166,27,90.8,386,386,52.1,696,4.0,61,120.9,166,
1800-11-20 15:30:01,6982.0,7,1,229.0,992.7,157.0,166,27,90.7,386,386,52.0,695,4.0,61,121.2,166,26.39
1800-11-20 15:30:03,6984.0,7,1,229.0,992.7,156.0,168,27,90.7,386,386,52.0,695,4.0,61,121.0,166,
1800-11-20 15:30:05,6986.0,7,1,228.0,993.0,157.0,164,27,90.7,386,386,52.1,695,4.0,61,121.7,165,
1800-11-20 15:30:07,6988.0,7,1,227.0,993.1,157.0,166,27,90.7,386,386,51.8,695,4.0,61,120.3,165,
1800-11-20 15:30:09,6990.0,7,1,226.0,993.2,157.0,168,27,90.6,386,386,51.3,693,4.0,61,120.0,165,
1800-11-20 15:30:11,6992.0,7,1,226.0,993.4,157.0,164,27,90.6,386,386,51.9,693,4.0,61,121.8,165,26.81
1800-11-20 15:30:13,6994.0,7,1,226.0,993.4,154.0,168,27,91.2,386,385,55.4,699,4.0,61,127.8,165,
1800-11-20 15:30:15,6996.0,7,1,227.0,993.4,157.0,166,27,91.7,386,386,56.3,706,4.1,61,128.4,165,
1800-11-20 15:30:17,6998.0,7,1,230.0,993.3,159.0,170,27,91.6,386,386,56.7,708,4.1,61,126.9,165,
1800-11-20 15:30:19,7000.0,7,1,232.0,993.3,157.0,166,27,91.6,386,385,56.1,707,4.1,61,126.7,165,
1800-11-20 15:30:21,7002.0,7,1,232.0,993.4,157.0,166,27,91.4,386,386,55.2,705,4.1,61,124.9,165,25.53
1800-11-20 15:30:23,7004.0,7,1,233.0,993.4,157.0,168,27,91.4,386,385,55.4,704,4.1,61,127.7,165,
1800-11-20 15:30:25,7006.0,7,1,235.0,993.2,157.0,166,27,92.0,386,385,58.9,710,4.1,61,130.6,165,
1800-11-20 15:30:27,7008.0,7,1,235.0,993.2,157.0,166,27,92.1,386,385,58.5,712,4.1,61,129.3,165,
1800-11-20 15:30:29,7010.0,7,1,235.0,993.1,156.0,168,27,91.9,386,385,57.4,710,4.1,61,128.6,165,
1800-11-20 15:30:31,7012.0,7,1,235.0,993.0,156.0,170,27,91.9,386,385,57.8,711,4.1,61,129.1,164,25.61
1800-11-20 15:30:33,7014.0,7,1,234.0,993.1,157.0,168,27,91.8,386,385,57.2,710,4.1,61,127.8,164,
1800-11-20 15:30:35,7016.0,7,1,233.0,993.1,157.0,168,27,91.9,386,385,57.0,710,4.1,61,127.3,164,
1800-11-20 15:30:37,7018.0,7,1,232.0,993.1,157.0,168,27,91.7,386,385,56.8,710,4.1,61,127.5,164,
1800-11-20 15:30:39,7020.0,7,1,230.0,993.1,157.0,170,27,91.8,386,386,56.8,710,4.1,61,127.6,164,
1800-11-20 15:30:41,7022.0,7,1,228.0,993.3,157.0,170,27,91.6,386,386,56.3,709,4.1,61,127.0,164,25.71
1800-11-20 15:30:43,7024.0,7,1,226.0,993.3,157.0,168,27,91.7,386,386,56.4,709,4.1,61,126.4,164,
1800-11-20 15:30:45,7026.0,7,1,224.0,993.5,156.0,170,27,91.7,386,386,56.5,708,4.1,61,127.2,164,
1800-11-20 15:30:47,7028.0,7,1,222.0,993.4,156.0,166,27,91.7,386,385,57.3,709,4.1,61,129.8,164,
1800-11-20 15:30:49,7030.0,7,1,222.0,993.3,156.0,166,27,92.1,386,386,59.0,713,4.1,61,130.7,164,
1800-11-20 15:30:51,7032.0,7,1,221.0,993.5,156.0,168,27,92.0,386,386,58.3,714,4.1,61,129.1,164,25.76
1800-11-20 15:30:53,7034.0,7,1,221.0,993.4,154.0,166,27,91.9,386,385,58.0,713,4.1,61,129.3,164,
1800-11-20 15:30:55,7036.0,7,1,219.0,993.6,156.0,168,27,91.9,386,385,57.5,712,4.1,61,128.0,163,
1800-11-20 15:30:57,7038.0,7,1,218.0,993.5,156.0,164,27,91.9,386,385,57.7,711,4.1,61,129.5,163,
1800-11-20 15:30:59,7040.0,7,1,216.0,993.6,157.0,168,27,92.1,386,385,60.1,714,4.1,61,132.8,163,
1800-11-20 15:31:01,7042.0,7,1,214.0,993.8,159.0,168,27,92.4,386,385,60.5,720,4.1,61,132.5,163,25.56
1800-11-20 15:31:03,7044.0,7,1,213.0,993.8,159.0,172,27,92.4,386,385,60.4,720,4.1,61,132.0,163,
1800-11-20 15:31:05,7046.0,7,1,211.0,994.0,161.0,172,27,92.4,386,385,60.0,721,4.1,61,131.4,163,
1800-11-20 15:31:07,7048.0,7,1,209.0,994.2,163.0,172,27,92.2,386,386,59.3,718,4.1,61,130.8,163,
1800-11-20 15:31:09,7050.0,7,1,207.0,994.3,163.0,174,27,92.1,386,386,58.6,717,4.1,61,129.5,163,
1800-11-20 15:31:11,7052.0,7,1,204.0,994.7,165.0,174,27,92.1,386,386,58.3,716,4.1,61,129.7,163,25.81
1800-11-20 15:31:13,7054.0,7,1,202.0,995.0,165.0,174,27,91.7,386,386,57.1,712,4.0,61,127.2,163,
1800-11-20 15:31:15,7056.0,7,1,200.0,995.2,167.0,175,27,91.7,386,386,56.9,711,4.0,61,128.0,163,
1800-11-20 15:31:17,7058.0,7,1,198.0,995.3,165.0,174,27,91.6,386,386,56.8,711,4.1,61,127.8,163,
1800-11-20 15:31:19,7060.0,7,1,196.0,995.3,165.0,177,27,91.6,386,386,56.4,710,4.1,61,126.6,162,
1800-11-20 15:31:21,7062.0,7,1,195.0,995.4,163.0,175,27,91.6,386,386,56.9,710,4.1,61,127.9,162,25.62
1800-11-20 15:31:23,7064.0,7,1,194.0,995.4,163.0,175,27,91.7,386,386,56.6,711,4.1,61,127.4,162,
1800-11-20 15:31:25,7066.0,7,1,193.0,995.7,163.0,174,27,91.5,386,386,55.9,710,4.1,61,126.3,162,
1800-11-20 15:31:27,7068.0,7,1,192.0,995.8,163.0,174,27,91.6,386,386,56.3,710,4.0,61,127.1,162,
1800-11-20 15:31:29,7070.0,7,1,190.0,996.0,161.0,172,27,91.4,386,386,55.8,710,4.0,61,125.6,162,
1800-11-20 15:31:31,7072.0,7,1,188.0,996.2,161.0,170,27,91.3,386,386,55.2,708,4.0,61,125.7,162,26.38
1800-11-20 15:31:33,7074.0,7,1,186.0,996.2,157.0,170,28,91.3,386,385,55.7,708,4.1,61,126.0,162,
1800-11-20 15:31:35,7076.0,7,1,185.0,996.2,157.0,168,28,91.4,386,386,55.7,707,4.0,61,126.6,162,
1800-11-20 15:31:37,7078.0,7,1,185.0,996.2,157.0,172,28,91.5,386,385,56.6,708,4.1,61,127.9,162,
1800-11-20 15:31:39,7080.0,7,1,185.0,996.2,159.0,170,27,91.3,386,385,55.7,707,4.1,61,124.9,162,
1800-11-20 15:31:41,7082.0,7,1,185.0,996.6,159.0,170,27,91.2,386,386,55.2,706,4.0,61,125.5,162,25.62
1800-11-20 15:31:43,7084.0,7,1,184.0,996.6,159.0,170,27,91.4,386,385,55.5,707,4.0,61,125.9,161,
1800-11-20 15:31:45,7086.0,7,1,182.0,996.7,157.0,170,28,91.2,386,386,54.9,706,4.0,61,125.0,161,
1800-11-20 15:31:47,7088.0,7,1,181.0,996.6,157.0,166,28,91.4,386,386,55.4,707,4.0,61,126.1,161,
1800-11-20 15:31:49,7090.0,7,1,181.0,996.7,157.0,166,28,91.5,386,385,55.8,707,4.0,61,126.2,161,
1800-11-20 15:31:51,7092.0,7,1,180.0,996.9,157.0,168,28,91.5,386,385,55.7,707,4.1,61,125.9,161,25.09
1800-11-20 15:31:53,7094.0,7,1,179.0,996.8,156.0,168,28,91.2,386,385,55.5,706,4.1,61,126.0,161,
1800-11-20 15:31:55,7096.0,7,1,178.0,996.9,154.0,164,28,91.4,386,386,54.9,706,4.0,61,125.1,161,
1800-11-20 15:31:57,7098.0,7,1,178.0,996.9,154.0,164,28,91.3,386,386,54.9,706,4.0,61,124.7,161,
1800-11-20 15:31:59,7100.0,7,1,179.0,996.6,154.0,164,28,91.3,385,385,56.2,706,4.0,61,127.7,161,
1800-11-20 15:32:01,7102.0,7,1,180.0,996.9,156.0,162,28,91.4,386,385,55.2,706,4.0,61,124.9,161,25.66
1800-11-20 15:32:03,7104.0,7,1,179.0,996.8,156.0,164,27,91.8,385,385,59.0,710,4.0,61,132.5,161,
1800-11-20 15:32:05,7106.0,6,1,178.0,996.8,156.0,164,28,92.4,386,385,61.0,719,4.1,61,134.0,161,
1800-11-20 15:32:07,7108.0,6,1,177.0,996.8,156.0,168,28,92.4,385,385,60.8,720,4.1,61,132.8,161,
1800-11-20 15:32:09,7110.0,6,1,177.0,996.8,156.0,168,28,92.3,386,385,60.3,719,4.1,61,131.9,160,
1800-11-20 15:32:11,7112.0,6,1,178.0,996.6,157.0,168,28,92.4,385,385,61.0,719,4.1,61,133.1,160,25.13
1800-11-20 15:32:13,7114.0,6,1,180.0,996.4,157.0,172,28,92.3,385,385,60.2,719,4.1,61,133.3,160,
1800-11-20 15:32:15,7116.0,6,1,181.0,996.4,159.0,174,27,92.4,386,385,63.3,721,4.1,61,133.3,160,
1800-11-20 15:32:17,7118.0,6,1,180.0,996.4,159.0,174,28,92.2,386,385,60.9,718,4.1,61,133.2,160,
1800-11-20 15:32:19,7120.0,6,1,180.0,996.4,161.0,172,28,92.4,386,385,63.0,721,4.1,61,134.0,160,
1800-11-20 15:32:21,7122.0,6,1,179.0,996.5,161.0,175,28,92.2,386,386,61.7,719,4.1,61,132.8,160,25.6
1800-11-20 15:32:23,7124.0,6,1,178.0,996.8,161.0,175,28,92.3,386,385,60.8,722,4.2,61,131.3,160,
1800-11-20 15:32:25,7126.0,6,1,177.0,996.8,161.0,175,28,92.2,385,385,60.1,719,4.1,61,132.6,160,
1800-11-20 15:32:27,7128.0,6,1,176.0,996.8,163.0,177,28,92.4,386,385,60.3,722,4.1,61,131.9,160,
1800-11-20 15:32:29,7130.0,6,1,175.0,997.0,163.0,177,28,92.3,386,385,59.7,721,4.1,61,131.0,160,
1800-11-20 15:32:31,7132.0,6,1,173.0,997.2,163.0,179,28,92.1,386,386,59.8,719,4.1,61,132.8,159,25.69
1800-11-20 15:32:33,7134.0,6,1,172.0,997.2,163.0,177,28,92.5,386,386,63.8,725,4.2,61,134.4,159,
1800-11-20 15:32:35,7136.0,6,1,171.0,997.3,161.0,175,28,92.2,386,386,62.0,721,4.2,61,132.1,159,
1800-11-20 15:32:37,7138.0,6,1,170.0,997.2,161.0,175,28,92.3,386,385,61.2,721,4.1,61,134.3,159,
1800-11-20 15:32:39,7140.0,6,1,170.0,997.2,161.0,175,28,92.4,386,385,60.5,724,4.1,61,131.8,159,
1800-11-20 15:32:41,7142.0,6,1,169.0,997.2,163.0,179,28,92.4,386,385,60.7,723,4.1,61,132.6,159,25.85
1800-11-20 15:32:43,7144.0,6,1,168.0,997.4,163.0,179,28,92.3,386,385,60.0,722,4.1,61,131.0,159,
1800-11-20 15:32:45,7146.0,6,1,167.0,997.6,165.0,175,28,92.0,386,386,58.7,718,4.1,61,129.4,159,
1800-11-20 15:32:47,7148.0,6,1,167.0,997.6,163.0,177,28,92.0,386,385,59.4,718,4.1,61,131.6,159,
1800-11-20 15:32:49,7150.0,6,1,168.0,997.5,161.0,174,28,92.1,385,385,59.4,720,4.1,61,130.9,159,
1800-11-20 15:32:51,7152.0,6,1,169.0,997.3,161.0,179,28,92.2,386,385,60.3,721,4.1,61,133.4,159,25.67
1800-11-20 15:32:53,7154.0,6,1,169.0,997.5,163.0,177,28,92.4,386,385,60.5,722,4.1,61,132.3,158,
1800-11-20 15:32:55,7156.0,6,1,170.0,997.6,163.0,179,28,92.5,385,385,61.5,724,4.2,61,134.1,158,
1800-11-20 15:32:57,7158.0,6,1,170.0,997.8,163.0,183,28,92.3,386,386,60.9,722,4.1,61,132.4,158,
1800-11-20 15:32:59,7160.0,6,1,169.0,997.9,163.0,179,28,92.4,386,385,61.3,724,4.2,61,135.1,158,
1800-11-20 15:33:01,7162.0,6,1,169.0,998.0,163.0,183,28,92.3,387,386,63.3,724,4.2,61,133.7,158,25.86
1800-11-20 15:33:03,7164.0,6,1,170.0,998.2,163.0,181,28,92.4,386,386,62.9,724,4.1,61,135.3,158,
1800-11-20 15:33:05,7166.0,6,1,170.0,998.1,163.0,179,28,92.9,386,386,66.2,729,4.2,61,138.1,158,
1800-11-20 15:33:07,7168.0,6,1,172.0,998.0,163.0,183,28,92.6,386,386,64.4,728,4.2,61,135.0,158,
1800-11-20 15:33:09,7170.0,6,1,173.0,998.0,163.0,183,28,92.7,386,386,65.2,728,4.2,61,136.8,158,
1800-11-20 15:33:11,7172.0,6,1,176.0,998.2,163.0,181,28,92.5,386,386,63.8,727,4.2,61,134.6,158,25.69
1800-11-20 15:33:13,7174.0,6,1,177.0,998.1,156.0,181,28,92.4,386,386,63.2,725,4.2,61,133.9,158,
1800-11-20 15:33:15,7176.0,6,1,179.0,998.1,156.0,183,28,92.5,386,386,64.2,725,4.2,61,136.5,158,
1800-11-20 15:33:17,7178.0,6,1,180.0,998.0,165.0,183,28,92.6,387,386,64.2,728,4.2,61,134.9,157,
1800-11-20 15:33:19,7180.0,6,1,179.0,997.8,163.0,183,28,92.5,386,386,63.8,727,4.2,61,134.6,157,
1800-11-20 15:33:21,7182.0,6,1,179.0,997.8,163.0,181,28,92.5,386,386,63.3,724,4.2,61,133.8,157,25.51
1800-11-20 15:33:23,7184.0,6,1,180.0,997.8,161.0,181,28,92.3,386,386,63.0,723,4.2,60,132.9,157,
1800-11-20 15:33:25,7186.0,6,1,181.0,997.7,159.0,179,28,92.2,386,386,61.5,723,4.1,60,132.3,157,
1800-11-20 15:33:27,7188.0,6,1,183.0,997.7,159.0,181,28,92.5,385,385,61.4,725,4.2,60,133.4,157,
1800-11-20 15:33:29,7190.0,6,1,184.0,997.6,163.0,179,28,92.4,385,385,62.2,725,4.2,60,133.5,157,
1800-11-20 15:33:31,7192.0,6,1,185.0,997.8,163.0,181,28,92.4,386,385,60.9,723,4.2,60,131.5,157,26.44
1800-11-20 15:33:33,7194.0,6,1,185.0,998.0,163.0,183,28,92.3,386,385,62.0,724,4.1,60,134.7,157,
1800-11-20 15:33:35,7196.0,6,1,188.0,998.1,161.0,183,28,92.4,386,386,62.6,725,4.2,60,134.1,157,
1800-11-20 15:33:37,7198.0,6,1,189.0,998.0,161.0,185,28,92.4,386,386,63.0,725,4.2,60,135.2,157,
1800-11-20 15:33:39,7200.0,6,1,193.0,998.1,161.0,183,28,92.6,386,386,64.1,726,4.2,60,135.6,156,
1800-11-20 15:33:41,7202.0,6,1,196.0,998.0,163.0,183,28,92.3,386,386,63.2,724,4.2,60,132.7,156,25.95
1800-11-20 15:33:43,7204.0,6,1,200.0,997.8,163.0,179,28,92.3,386,386,62.0,722,4.2,60,132.1,156,
1800-11-20 15:33:45,7206.0,6,1,203.0,997.9,161.0,181,28,92.4,386,385,61.0,722,4.2,60,133.1,156,
1800-11-20 15:33:47,7208.0,6,1,205.0,998.0,161.0,179,28,92.3,386,385,60.3,724,4.1,60,131.5,156,
1800-11-20 15:33:49,7210.0,6,1,207.0,997.9,161.0,179,28,92.5,386,385,63.5,724,4.1,60,135.7,156,
1800-11-20 15:33:51,7212.0,6,1,209.0,997.8,159.0,175,28,92.4,386,386,63.5,726,4.2,60,133.4,156,25.58
1800-11-20 15:33:53,7214.0,6,1,209.0,997.7,157.0,179,28,92.3,386,386,63.1,724,4.2,60,133.6,156,
1800-11-20 15:33:55,7216.0,6,1,210.0,997.7,154.0,177,28,92.1,386,385,61.5,723,4.2,60,132.9,156,
1800-11-20 15:33:57,7218.0,6,1,212.0,997.7,154.0,179,28,92.4,386,385,60.9,724,4.2,60,132.0,156,
1800-11-20 15:33:59,7220.0,6,1,210.0,997.7,157.0,177,28,92.4,386,385,60.2,722,4.1,60,131.2,156,
1800-11-20 15:34:01,7222.0,6,1,208.0,997.9,157.0,175,28,92.3,386,385,59.9,722,4.1,60,131.0,156,26.15
1800-11-20 15:34:03,7224.0,6,1,205.0,997.9,156.0,177,28,92.2,386,385,59.4,721,4.1,60,130.4,155,
1800-11-20 15:34:05,7226.0,6,1,201.0,998.0,156.0,177,28,92.1,386,386,58.8,720,4.1,60,130.3,155,
1800-11-20 15:34:07,7228.0,6,1,196.0,998.0,156.0,175,28,92.1,386,386,58.9,720,4.1,60,129.6,155,
1800-11-20 15:34:09,7230.0,6,1,192.0,997.9,154.0,175,28,92.1,386,385,59.9,719,4.1,60,131.7,155,
1800-11-20 15:34:11,7232.0,6,1,190.0,997.7,154.0,172,28,92.1,385,385,59.3,720,4.1,60,130.5,155,26.01
1800-11-20 15:34:13,7234.0,6,1,189.0,997.7,152.0,168,28,91.9,385,385,58.4,717,4.1,60,128.5,155,
1800-11-20 15:34:15,7236.0,6,1,189.0,997.7,152.0,162,28,91.7,386,385,57.2,714,4.1,60,126.6,155,
1800-11-20 15:34:17,7238.0,6,1,190.0,997.5,156.0,162,28,91.5,385,385,56.1,711,4.1,60,125.8,155,
1800-11-20 15:34:19,7240.0,7,1,191.0,997.4,157.0,161,28,91.2,385,385,55.1,708,4.0,60,123.1,155,
1800-11-20 15:34:21,7242.0,7,1,191.0,996.8,161.0,161,28,90.7,385,385,52.8,701,4.0,60,122.4,155,25.77
1800-11-20 15:34:23,7244.0,7,1,193.0,996.8,163.0,151,28,91.1,385,385,55.6,705,4.0,60,125.5,155,
1800-11-20 15:34:25,7246.0,7,1,194.0,996.2,169.0,150,28,91.4,385,385,56.3,707,4.1,60,126.4,155,
1800-11-20 15:34:27,7248.0,7,1,198.0,995.8,172.0,150,28,91.4,385,385,56.7,709,4.1,60,127.1,155,
1800-11-20 15:34:29,7250.0,7,1,202.0,995.4,176.0,148,28,91.5,385,385,56.7,709,4.1,60,126.1,154,
1800-11-20 15:34:31,7252.0,7,1,205.0,995.4,180.0,146,28,91.4,385,385,56.0,707,4.1,61,126.0,154,25.78
1800-11-20 15:34:33,7254.0,7,1,207.0,995.1,181.0,146,28,91.4,385,385,56.0,708,4.1,61,125.8,154,
1800-11-20 15:34:35,7256.0,7,1,207.0,994.9,185.0,148,28,91.4,385,385,55.8,707,4.1,61,125.8,154,
1800-11-20 15:34:37,7258.0,7,1,207.0,994.6,187.0,150,28,91.4,385,385,55.6,707,4.1,61,124.3,154,
1800-11-20 15:34:39,7260.0,7,1,207.0,994.4,191.0,159,28,91.1,385,385,54.8,705,4.1,61,124.0,154,
1800-11-20 15:34:41,7262.0,7,1,207.0,994.2,194.0,161,28,91.2,385,385,54.1,703,4.0,61,123.1,154,25.63
1800-11-20 15:34:43,7264.0,7,1,205.0,994.2,198.0,161,28,90.6,386,386,52.0,698,4.0,61,120.4,154,
1800-11-20 15:34:45,7266.0,7,1,205.0,993.9,198.0,157,28,90.8,385,385,54.0,698,4.0,61,123.5,154,
1800-11-20 15:34:47,7268.0,7,1,207.0,993.7,198.0,151,28,91.6,385,385,57.1,705,4.0,61,128.5,154,
1800-11-20 15:34:49,7270.0,7,1,208.0,993.7,196.0,148,28,91.8,385,385,57.0,708,4.0,61,127.3,154,
1800-11-20 15:34:51,7272.0,7,1,208.0,993.3,196.0,150,28,91.9,385,385,58.7,709,4.1,61,130.0,154,25.6
1800-11-20 15:34:53,7274.0,7,1,209.0,993.2,196.0,148,28,92.0,385,384,59.4,713,4.1,61,130.8,154,
1800-11-20 15:34:55,7276.0,7,1,209.0,992.9,196.0,150,28,92.0,385,385,58.4,715,4.1,62,129.0,153,
1800-11-20 15:34:57,7278.0,7,1,210.0,992.7,196.0,150,28,92.0,385,385,58.2,714,4.1,62,127.7,153,
1800-11-20 15:34:59,7280.0,7,1,212.0,992.2,198.0,150,28,91.7,385,385,56.9,711,4.0,62,126.5,153,
1800-11-20 15:35:01,7282.0,7,1,214.0,992.1,198.0,151,28,91.7,385,385,57.8,710,4.1,62,128.6,153,26.82
1800-11-20 15:35:03,7284.0,7,1,216.0,991.8,198.0,153,28,92.0,384,385,58.0,712,4.1,62,129.0,153,
1800-11-20 15:35:05,7286.0,7,1,216.0,992.0,198.0,150,27,91.9,384,384,58.6,712,4.1,62,128.8,153,
1800-11-20 15:35:07,7288.0,7,1,216.0,992.2,196.0,146,28,91.6,386,385,56.4,710,4.0,62,125.0,153,
1800-11-20 15:35:09,7290.0,7,1,216.0,992.1,194.0,146,28,91.8,385,385,57.9,709,4.0,62,129.3,153,
1800-11-20 15:35:11,7292.0,7,1,218.0,991.5,193.0,150,28,91.8,385,385,57.6,712,4.1,62,127.4,153,24.79
1800-11-20 15:35:13,7294.0,7,1,221.0,991.2,187.0,144,28,91.9,386,385,57.6,714,4.1,62,127.6,153,
1800-11-20 15:35:15,7296.0,7,1,225.0,990.8,181.0,148,28,91.9,385,385,57.8,712,4.1,62,128.3,153,
1800-11-20 15:35:17,7298.0,7,1,228.0,990.4,176.0,138,28,91.1,386,385,53.5,705,4.0,62,119.6,153,
1800-11-20 15:35:19,7300.0,7,1,233.0,990.0,170.0,142,28,90.8,385,385,53.4,698,4.0,62,121.6,152,
1800-11-20 15:35:21,7302.0,7,1,239.0,989.5,170.0,138,28,90.9,386,385,52.5,699,4.0,62,120.8,152,25.23
1800-11-20 15:35:23,7304.0,7,1,243.0,989.5,159.0,133,28,90.4,386,386,50.2,695,3.9,62,116.1,152,
1800-11-20 15:35:25,7306.0,7,1,247.0,989.3,152.0,129,27,90.2,386,386,50.1,687,3.9,62,118.2,152,
1800-11-20 15:35:27,7308.0,7,1,251.0,988.8,143.0,133,27,90.5,386,386,51.8,692,3.9,62,120.3,152,
1800-11-20 15:35:29,7310.0,7,1,255.0,989.0,135.0,137,27,90.7,386,386,51.1,692,3.9,62,118.5,152,
1800-11-20 15:35:31,7312.0,7,1,258.0,989.0,131.0,140,27,90.7,386,386,52.0,692,3.9,63,121.6,152,25.74
1800-11-20 15:35:33,7314.0,7,1,254.0,989.4,117.0,144,27,91.0,386,386,52.0,693,4.0,63,120.8,152,
1800-11-20 15:35:35,7316.0,7,1,250.0,989.7,107.0,146,27,91.7,386,386,55.8,700,4.0,63,126.8,152,
1800-11-20 15:35:37,7318.0,7,1,248.0,989.9,106.0,144,27,91.5,387,387,54.5,701,4.0,63,123.3,152,
1800-11-20 15:35:39,7320.0,7,1,247.0,989.9,106.0,140,28,92.0,385,385,57.0,705,4.0,63,128.3,151,
1800-11-20 15:35:41,7322.0,7,1,243.0,990.2,107.0,140,28,91.6,386,386,54.8,701,4.0,63,123.9,151,24.53
1800-11-20 15:35:43,7324.0,7,1,238.0,990.6,113.0,142,28,91.7,385,385,56.0,703,4.0,63,125.9,151,
1800-11-20 15:35:45,7326.0,7,1,231.0,991.5,119.0,138,28,91.8,385,385,55.1,703,4.0,63,122.6,151,
1800-11-20 15:35:47,7328.0,7,1,223.0,992.1,128.0,151,28,91.0,386,386,52.1,696,4.0,63,120.2,151,
1800-11-20 15:35:49,7330.0,7,1,215.0,992.8,133.0,151,28,90.3,386,386,48.6,690,3.9,63,114.2,151,
1800-11-20 15:35:51,7332.0,7,1,209.0,993.1,133.0,151,28,90.3,386,386,49.6,685,3.9,63,118.1,151,25.02
1800-11-20 15:35:53,7334.0,7,1,204.0,993.2,133.0,157,28,90.7,385,385,51.5,689,3.9,63,121.6,151,
1800-11-20 15:35:55,7336.0,7,1,201.0,993.3,133.0,159,28,91.6,386,385,54.9,700,4.0,63,125.0,151,
1800-11-20 15:35:57,7338.0,7,1,198.0,993.7,133.0,161,28,91.0,386,386,53.5,699,4.0,63,122.9,151,
1800-11-20 15:35:59,7340.0,7,1,196.0,993.8,133.0,162,28,91.2,386,386,53.2,700,4.0,63,122.5,151,
1800-11-20 15:36:01,7342.0,7,1,194.0,994.1,133.0,162,28,91.2,386,386,53.9,699,4.0,63,125.0,151,25.71
1800-11-20 15:36:03,7344.0,7,1,193.0,994.4,131.0,159,28,91.7,386,386,55.3,705,4.0,63,126.3,151,
1800-11-20 15:36:05,7346.0,7,1,193.0,994.4,131.0,159,28,91.8,386,385,56.8,708,4.0,63,127.0,151,
1800-11-20 15:36:07,7348.0,7,1,192.0,994.6,130.0,162,28,92.0,385,385,58.3,710,4.0,63,130.4,150,
1800-11-20 15:36:09,7350.0,7,1,190.0,994.8,130.0,162,28,92.3,385,385,59.8,713,4.1,63,132.8,150,
1800-11-20 15:36:11,7352.0,7,1,190.0,995.1,131.0,166,28,92.6,386,385,60.4,718,4.1,63,132.4,150,25.61
1800-11-20 15:36:13,7354.0,7,1,187.0,995.4,131.0,166,28,92.6,385,385,60.8,719,4.1,63,133.2,150,
1800-11-20 15:36:15,7356.0,7,1,185.0,995.7,131.0,164,28,92.3,386,386,60.9,717,4.1,63,132.9,150,
1800-11-20 15:36:17,7358.0,7,1,183.0,995.9,131.0,164,28,92.8,386,386,64.4,723,4.1,63,136.4,150,
1800-11-20 15:36:19,7360.0,7,1,181.0,996.1,130.0,164,28,92.3,385,385,60.9,718,4.1,63,131.6,150,
1800-11-20 15:36:21,7362.0,7,1,180.0,996.5,130.0,164,28,92.1,385,385,59.1,716,4.0,63,130.7,150,25.58
1800-11-20 15:36:23,7364.0,7,1,179.0,996.6,128.0,161,28,92.2,385,385,59.9,718,4.1,63,129.9,150,
1800-11-20 15:36:25,7366.0,7,1,178.0,996.7,128.0,162,28,92.0,386,385,58.4,714,4.0,63,129.8,150,
1800-11-20 15:36:27,7368.0,7,1,177.0,996.7,128.0,164,28,92.3,385,385,60.8,718,4.1,63,133.9,150,
1800-11-20 15:36:29,7370.0,7,1,177.0,996.9,128.0,161,28,92.1,386,386,59.3,718,4.1,63,128.8,149,
1800-11-20 15:36:31,7372.0,7,1,177.0,996.6,130.0,161,28,91.9,386,385,57.9,716,4.0,63,128.1,149,25.39
1800-11-20 15:36:33,7374.0,7,1,179.0,996.2,130.0,164,28,91.9,385,385,58.1,714,4.0,63,129.8,149,
1800-11-20 15:36:35,7376.0,7,1,182.0,996.0,130.0,168,28,92.2,385,385,60.5,717,4.1,63,135.0,149,
1800-11-20 15:36:37,7378.0,7,1,184.0,996.4,130.0,159,28,92.5,385,385,63.2,722,4.1,63,133.7,149,
1800-11-20 15:36:39,7380.0,7,1,181.0,996.9,128.0,151,28,92.2,386,385,60.4,718,4.1,63,130.7,149,
1800-11-20 15:36:41,7382.0,7,1,181.0,996.9,128.0,153,28,92.5,385,385,61.5,720,4.1,63,132.7,149,26.5
1800-11-20 15:36:43,7384.0,7,1,182.0,996.7,128.0,157,28,92.1,386,385,58.3,717,4.1,63,128.9,149,
1800-11-20 15:36:45,7386.0,7,1,183.0,996.2,130.0,162,28,91.8,386,385,56.8,713,4.0,63,126.9,149,
1800-11-20 15:36:47,7388.0,7,1,186.0,996.0,130.0,155,28,91.9,385,385,57.8,712,4.0,63,129.0,149,
1800-11-20 15:36:49,7390.0,7,1,190.0,996.1,130.0,148,28,91.4,385,385,55.9,709,4.0,63,125.9,149,
1800-11-20 15:36:51,7392.0,7,1,193.0,995.3,130.0,148,28,91.5,385,385,56.3,710,4.0,63,124.8,149,25.62
1800-11-20 15:36:53,7394.0,7,1,197.0,994.5,130.0,150,28,90.3,386,386,49.8,697,3.9,63,116.0,149,
1800-11-20 15:36:55,7396.0,7,1,203.0,993.5,128.0,150,28,90.4,385,385,50.3,694,3.9,63,118.0,148,
1800-11-20 15:36:57,7398.0,7,1,212.0,992.4,126.0,151,28,90.1,385,385,49.3,692,3.9,63,116.4,148,
1800-11-20 15:36:59,7400.0,7,1,221.0,991.5,124.0,144,28,89.9,385,385,48.8,687,3.9,63,115.7,148,
1800-11-20 15:37:01,7402.0,7,1,229.0,990.9,124.0,138,28,89.9,385,385,49.3,687,3.9,63,116.6,148,25.41
1800-11-20 15:37:03,7404.0,7,1,237.0,990.4,126.0,148,28,90.0,385,385,48.4,685,3.9,63,115.1,148,
1800-11-20 15:37:05,7406.0,7,1,242.0,990.1,124.0,151,28,89.7,385,385,47.7,683,3.8,63,116.7,148,
1800-11-20 15:37:07,7408.0,7,1,245.0,990.2,126.0,150,28,90.3,385,385,50.2,688,3.9,63,117.6,148,
1800-11-20 15:37:09,7410.0,7,1,245.0,990.1,126.0,153,28,90.1,386,386,48.8,687,3.9,63,117.1,148,
1800-11-20 15:37:11,7412.0,7,1,246.0,990.0,128.0,157,28,90.7,385,385,52.5,692,3.9,63,122.7,148,25.3
1800-11-20 15:37:13,7414.0,7,1,247.0,990.1,130.0,151,28,90.9,385,385,52.4,697,3.9,63,121.6,148,
1800-11-20 15:37:15,7416.0,7,1,247.0,989.9,131.0,164,28,90.9,385,385,52.1,697,4.0,63,120.7,148,
1800-11-20 15:37:17,7418.0,7,1,246.0,990.0,131.0,164,28,91.1,385,385,55.0,698,4.0,63,126.0,148,
1800-11-20 15:37:19,7420.0,7,1,243.0,990.4,131.0,161,28,91.7,386,386,55.4,705,4.0,63,126.4,147,
1800-11-20 15:37:21,7422.0,7,1,241.0,990.4,130.0,161,28,92.4,385,385,61.4,711,4.0,63,133.4,147,26.71
1800-11-20 15:37:23,7424.0,7,1,238.0,990.7,128.0,151,28,91.7,386,386,56.4,708,4.0,63,126.4,147,
1800-11-20 15:37:25,7426.0,7,1,237.0,990.4,128.0,151,28,91.9,385,385,57.2,708,4.0,63,129.0,147,
1800-11-20 15:37:27,7428.0,7,1,238.0,990.3,130.0,155,28,91.8,385,385,57.6,710,4.0,63,127.0,147,
1800-11-20 15:37:29,7430.0,7,1,238.0,990.0,130.0,157,28,91.9,385,385,57.8,708,4.0,63,127.8,147,
1800-11-20 15:37:31,7432.0,7,1,239.0,989.8,128.0,161,28,91.9,385,385,58.1,709,4.0,63,130.5,147,25.67
1800-11-20 15:37:33,7434.0,7,1,241.0,989.6,130.0,161,28,92.4,385,385,62.4,718,4.0,63,133.1,147,
1800-11-20 15:37:35,7436.0,7,1,242.0,989.6,131.0,161,28,91.9,385,385,58.4,713,4.0,63,128.9,147,
1800-11-20 15:37:37,7438.0,7,1,242.0,989.5,130.0,157,28,91.8,386,385,57.0,712,4.0,63,127.0,147,
1800-11-20 15:37:39,7440.0,7,1,242.0,989.1,130.0,161,28,91.9,385,385,59.3,713,4.0,63,131.7,147,
1800-11-20 15:37:41,7442.0,7,1,243.0,989.1,130.0,150,28,91.8,385,385,57.3,712,4.0,63,126.3,147,25.86
1800-11-20 15:37:43,7444.0,7,1,244.0,988.6,130.0,155,28,91.9,385,385,57.9,712,4.0,63,127.5,146,
1800-11-20 15:37:45,7446.0,7,1,247.0,988.5,130.0,157,28,91.7,385,385,56.4,711,4.0,63,126.3,146,
1800-11-20 15:37:47,7448.0,7,1,250.0,988.1,130.0,153,28,91.5,385,385,55.4,708,4.0,63,125.0,146,
1800-11-20 15:37:49,7450.0,7,1,252.0,988.0,130.0,150,28,91.6,385,384,56.2,709,4.0,63,125.7,146,
1800-11-20 15:37:51,7452.0,7,1,255.0,987.7,131.0,148,28,91.4,385,385,55.5,709,4.0,63,124.9,146,25.08
1800-11-20 15:37:53,7454.0,7,1,257.0,987.2,133.0,155,28,91.3,385,385,55.0,706,4.0,63,124.9,146,
1800-11-20 15:37:55,7456.0,7,1,260.0,987.0,133.0,153,28,91.2,385,385,54.2,705,4.0,63,122.9,146,
1800-11-20 15:37:57,7458.0,7,1,263.0,986.3,131.0,153,28,91.2,385,385,54.4,705,4.0,63,123.6,146,
1800-11-20 15:37:59,7460.0,7,1,265.0,986.3,130.0,150,28,90.8,385,385,52.1,701,3.9,63,119.8,146,
1800-11-20 15:38:01,7462.0,7,1,268.0,985.9,128.0,150,28,91.0,385,384,54.7,701,3.9,63,126.2,146,24.9
1800-11-20 15:38:03,7464.0,7,1,270.0,985.9,128.0,148,28,91.9,385,384,58.2,714,4.0,63,126.9,146,
1800-11-20 15:38:05,7466.0,7,1,271.0,985.4,128.0,151,28,90.8,385,385,52.3,702,4.0,63,120.5,146,
1800-11-20 15:38:07,7468.0,7,1,275.0,985.1,130.0,150,28,91.6,384,384,57.3,706,4.0,63,129.0,146,
1800-11-20 15:38:09,7470.0,7,1,278.0,984.8,130.0,150,27,91.9,385,385,57.7,711,4.0,63,128.1,146,
1800-11-20 15:38:11,7472.0,7,1,280.0,984.7,130.0,151,27,91.6,385,385,56.6,709,4.0,63,125.0,145,27.07
1800-11-20 15:38:13,7474.0,7,1,283.0,984.3,130.0,150,27,91.9,385,384,57.4,710,4.0,63,128.5,145,
1800-11-20 15:38:15,7476.0,7,1,286.0,984.0,131.0,146,27,91.5,384,384,56.1,709,4.0,63,124.9,145,
1800-11-20 15:38:17,7478.0,7,1,290.0,983.5,131.0,146,27,91.3,384,384,55.4,707,4.0,63,123.7,145,
1800-11-20 15:38:19,7480.0,7,1,294.0,982.8,133.0,155,27,91.4,385,385,56.3,707,4.0,63,128.5,145,
1800-11-20 15:38:21,7482.0,7,1,297.0,982.5,133.0,161,27,92.3,384,384,61.4,717,4.0,63,132.5,145,25.61
1800-11-20 15:38:23,7484.0,7,1,299.0,982.3,133.0,157,27,92.1,384,384,61.1,716,4.0,63,132.5,145,
1800-11-20 15:38:25,7486.0,7,1,302.0,982.0,133.0,161,27,92.2,386,385,62.0,717,4.1,63,131.5,145,
1800-11-20 15:38:27,7488.0,7,1,304.0,981.7,131.0,161,27,92.4,386,385,62.6,718,4.1,63,131.9,145,
1800-11-20 15:38:29,7490.0,7,1,306.0,981.7,130.0,159,27,92.0,385,385,59.9,715,4.0,63,131.2,145,
1800-11-20 15:38:31,7492.0,7,1,307.0,981.5,130.0,153,27,92.1,386,385,62.1,717,4.1,63,130.1,145,24.76
1800-11-20 15:38:33,7494.0,7,1,308.0,981.4,130.0,151,27,92.0,385,385,60.7,716,4.0,63,130.1,145,
1800-11-20 15:38:35,7496.0,7,1,310.0,980.8,128.0,153,27,91.9,384,385,58.2,713,4.1,63,128.6,144,
1800-11-20 15:38:37,7498.0,7,1,313.0,980.8,128.0,144,27,92.1,385,384,59.1,717,4.0,63,128.6,144,
1800-11-20 15:38:39,7500.0,7,1,315.0,980.8,126.0,142,27,91.7,385,385,56.9,713,4.0,63,124.6,144,
1800-11-20 15:38:41,7502.0,7,1,316.0,980.5,124.0,140,27,91.3,384,385,54.5,706,4.0,63,123.0,144,24.69
1800-11-20 15:38:43,7504.0,7,1,318.0,980.1,126.0,150,27,92.0,384,384,59.5,714,4.0,63,129.9,144,
1800-11-20 15:38:45,7506.0,7,1,320.0,979.6,126.0,155,27,91.6,385,385,56.3,711,4.0,63,125.3,144,
1800-11-20 15:38:47,7508.0,7,1,324.0,979.1,126.0,157,27,91.1,385,385,55.0,707,4.0,63,122.3,144,
1800-11-20 15:38:49,7510.0,7,1,328.0,978.8,124.0,153,27,91.1,385,385,55.8,704,4.0,63,126.1,144,
1800-11-20 15:38:51,7512.0,7,1,332.0,978.5,122.0,148,27,91.7,385,385,56.6,711,4.0,63,125.7,144,26.48
1800-11-20 15:38:53,7514.0,7,1,336.0,978.1,120.0,150,27,91.7,385,385,56.5,709,4.0,63,125.1,144,
1800-11-20 15:38:55,7516.0,7,1,339.0,977.9,120.0,146,27,91.6,385,385,55.8,708,4.0,63,124.1,144,
1800-11-20 15:38:57,7518.0,7,1,343.0,977.4,120.0,148,27,91.6,384,384,56.9,707,4.0,63,126.7,144,
1800-11-20 15:38:59,7520.0,7,1,346.0,977.2,122.0,150,27,91.6,385,385,56.2,709,4.0,63,125.0,143,
1800-11-20 15:39:01,7522.0,7,1,348.0,977.2,124.0,151,27,91.7,385,385,56.3,709,4.0,63,126.9,143,25.73
1800-11-20 15:39:03,7524.0,7,1,348.0,977.3,122.0,153,27,92.2,385,385,60.0,714,4.0,63,131.5,143,
1800-11-20 15:39:05,7526.0,7,1,348.0,977.1,124.0,146,27,92.0,386,385,61.1,715,4.1,63,129.5,143,
1800-11-20 15:39:07,7528.0,7,1,350.0,976.8,122.0,148,27,92.0,385,385,59.3,714,4.1,63,128.5,143,
1800-11-20 15:39:09,7530.0,7,1,352.0,976.6,122.0,151,27,92.2,385,385,58.7,717,4.0,63,128.4,143,
1800-11-20 15:39:11,7532.0,7,1,355.0,976.4,126.0,151,27,92.0,385,385,58.3,714,4.0,63,128.1,143,26.76
1800-11-20 15:39:13,7534.0,7,1,356.0,976.1,128.0,148,26,92.2,385,385,59.1,716,4.0,63,128.8,143,
1800-11-20 15:39:15,7536.0,7,1,358.0,976.2,128.0,144,26,92.1,385,385,58.2,715,4.0,63,126.8,143,
1800-11-20 15:39:17,7538.0,7,1,360.0,975.8,128.0,140,26,91.8,385,385,57.8,711,4.0,63,128.3,143,
1800-11-20 15:39:19,7540.0,7,1,362.0,975.6,128.0,146,26,92.2,384,384,59.2,717,4.0,63,128.7,143,
1800-11-20 15:39:21,7542.0,7,1,365.0,975.2,131.0,151,27,92.1,385,385,59.0,716,4.0,63,129.2,142,26.41
1800-11-20 15:39:23,7544.0,7,1,367.0,974.9,133.0,153,27,92.0,385,385,57.9,716,4.0,63,126.9,142,
1800-11-20 15:39:25,7546.0,7,1,369.0,974.7,135.0,157,27,92.1,385,385,58.1,715,4.0,63,127.6,142,
1800-11-20 15:39:27,7548.0,7,1,372.0,974.6,135.0,162,27,92.0,385,385,57.3,714,4.0,63,126.8,142,
1800-11-20 15:39:29,7550.0,7,1,375.0,974.7,137.0,162,26,92.1,386,385,59.0,715,4.0,63,130.4,142,
1800-11-20 15:39:31,7552.0,7,1,377.0,974.7,137.0,164,26,92.4,386,385,62.6,719,4.1,63,133.0,142,25.57
1800-11-20 15:39:33,7554.0,7,1,376.0,974.7,135.0,170,26,92.7,386,386,64.4,721,4.1,63,134.6,142,
1800-11-20 15:39:35,7556.0,7,1,373.0,975.0,135.0,164,26,92.5,387,386,63.2,720,4.1,63,131.8,142,
1800-11-20 15:39:37,7558.0,7,1,371.0,975.4,135.0,166,26,92.4,386,386,62.5,719,4.1,63,131.3,142,
1800-11-20 15:39:39,7560.0,7,1,369.0,975.5,137.0,166,26,92.0,385,385,60.4,716,4.1,63,130.7,142,
1800-11-20 15:39:41,7562.0,7,1,368.0,975.5,137.0,161,26,92.0,385,386,59.3,717,4.1,63,128.4,142,25.78
1800-11-20 15:39:43,7564.0,7,1,368.0,975.4,137.0,162,26,92.1,385,385,59.7,716,4.0,63,128.6,141,
1800-11-20 15:39:45,7566.0,7,1,368.0,975.4,137.0,159,26,91.9,385,385,58.4,715,4.0,63,127.1,141,
1800-11-20 15:39:47,7568.0,7,1,369.0,974.9,137.0,168,26,92.1,386,385,58.0,714,4.0,63,127.3,141,
1800-11-20 15:39:49,7570.0,7,1,370.0,974.8,137.0,168,26,92.0,386,385,57.6,714,4.0,63,127.5,141,
1800-11-20 15:39:51,7572.0,7,1,371.0,974.7,137.0,164,26,91.8,386,386,57.2,713,4.0,63,126.3,141,24.78
1800-11-20 15:39:53,7574.0,7,1,372.0,974.7,137.0,164,26,92.0,386,385,57.9,713,4.0,63,127.8,141,
1800-11-20 15:39:55,7576.0,7,1,372.0,974.9,137.0,162,26,92.2,386,385,59.4,717,4.0,63,131.1,141,
1800-11-20 15:39:57,7578.0,7,1,372.0,974.9,137.0,166,26,92.4,386,386,62.1,719,4.1,63,131.1,141,
1800-11-20 15:39:59,7580.0,7,1,371.0,974.9,139.0,166,26,92.4,386,386,63.3,719,4.1,63,133.6,141,
1800-11-20 15:40:01,7582.0,7,1,370.0,975.1,139.0,168,26,92.4,387,386,63.3,720,4.1,63,132.3,141,25.65
1800-11-20 15:40:03,7584.0,7,1,370.0,975.0,141.0,168,26,92.4,387,386,63.3,720,4.1,63,132.5,141,
1800-11-20 15:40:05,7586.0,7,1,370.0,974.9,141.0,168,26,92.4,387,386,62.4,720,4.1,63,130.6,140,
1800-11-20 15:40:07,7588.0,7,1,370.0,975.0,141.0,166,26,92.3,387,386,62.1,719,4.1,63,130.9,140,
1800-11-20 15:40:09,7590.0,7,1,370.0,974.8,139.0,168,26,92.3,386,386,61.8,719,4.1,63,130.5,140,
1800-11-20 15:40:11,7592.0,7,1,370.0,974.8,139.0,166,26,92.1,386,386,60.7,716,4.1,63,128.5,140,26.02
1800-11-20 15:40:13,7594.0,7,1,369.0,975.0,141.0,170,26,92.2,386,386,60.3,717,4.1,62,130.0,140,
1800-11-20 15:40:15,7596.0,7,1,367.0,975.2,141.0,168,26,92.3,386,386,59.3,717,4.1,62,129.5,140,
1800-11-20 15:40:17,7598.0,7,1,365.0,975.6,141.0,168,26,92.1,386,385,60.1,717,4.1,62,129.5,140,
1800-11-20 15:40:19,7600.0,7,1,363.0,975.9,141.0,168,26,92.1,386,386,57.8,716,4.0,62,126.9,140,
1800-11-20 15:40:21,7602.0,7,1,361.0,975.9,143.0,172,26,92.0,386,385,57.1,714,4.0,62,126.6,140,25.85
1800-11-20 15:40:23,7604.0,7,1,358.0,976.3,143.0,172,26,91.5,386,385,55.9,711,4.0,62,123.5,140,
1800-11-20 15:40:25,7606.0,7,1,354.0,976.8,146.0,174,26,91.6,386,386,55.2,709,4.0,62,123.9,139,
1800-11-20 15:40:27,7608.0,7,1,350.0,977.3,146.0,175,26,91.3,386,386,53.9,706,4.0,62,121.5,139,
1800-11-20 15:40:29,7610.0,7,1,347.0,977.6,146.0,174,26,90.9,387,386,52.6,702,4.0,62,118.9,139,
1800-11-20 15:40:31,7612.0,7,1,344.0,978.0,146.0,170,26,90.0,387,387,47.3,691,3.9,62,110.6,139,25.74
1800-11-20 15:40:33,7614.0,7,1,341.0,978.3,146.0,172,26,89.8,386,386,48.1,682,3.9,62,116.8,139,
1800-11-20 15:40:35,7616.0,7,1,338.0,978.8,146.0,172,26,90.3,387,386,49.2,689,3.9,62,116.5,139,
1800-11-20 15:40:37,7618.0,7,1,334.0,979.2,146.0,170,26,90.5,387,386,50.0,692,3.9,62,117.1,139,
1800-11-20 15:40:39,7620.0,7,1,331.0,979.5,144.0,170,26,90.5,387,386,51.1,691,3.9,62,119.8,139,
1800-11-20 15:40:41,7622.0,7,1,328.0,979.8,146.0,170,26,90.9,387,386,52.3,696,4.0,62,120.2,139,26.07
1800-11-20 15:40:43,7624.0,7,1,324.0,980.3,146.0,172,26,90.9,387,386,52.2,696,4.0,62,120.4,139,
1800-11-20 15:40:45,7626.0,7,1,321.0,980.8,146.0,172,26,91.1,386,386,53.3,697,4.0,62,122.7,139,
1800-11-20 15:40:47,7628.0,7,1,318.0,980.9,146.0,174,26,91.4,386,386,54.1,701,4.0,62,123.6,139,
1800-11-20 15:40:49,7630.0,7,1,315.0,981.4,148.0,172,26,91.5,386,386,54.5,703,4.0,62,123.8,138,
1800-11-20 15:40:51,7632.0,7,1,311.0,982.0,148.0,166,26,90.9,386,386,50.9,699,3.9,62,115.7,138,25.61
1800-11-20 15:40:53,7634.0,7,1,308.0,982.2,148.0,170,27,90.1,386,386,48.6,687,3.9,62,117.4,138,
1800-11-20 15:40:55,7636.0,7,1,306.0,982.3,150.0,175,27,90.7,386,386,51.6,693,3.9,62,119.5,138,
1800-11-20 15:40:57,7638.0,7,1,303.0,982.6,148.0,174,27,90.5,387,386,50.2,690,3.9,62,117.3,138,
1800-11-20 15:40:59,7640.0,7,1,299.0,982.9,148.0,175,27,90.7,386,386,51.7,691,4.0,62,120.7,138,
1800-11-20 15:41:01,7642.0,7,1,296.0,983.4,148.0,172,27,90.7,387,386,51.0,691,4.0,62,118.6,138,25.92
1800-11-20 15:41:03,7644.0,7,1,292.0,983.8,148.0,172,27,90.6,387,386,50.2,690,4.0,62,117.8,138,
1800-11-20 15:41:05,7646.0,7,1,289.0,984.1,148.0,172,27,90.6,387,386,50.1,689,3.9,62,116.8,138,
1800-11-20 15:41:07,7648.0,7,1,286.0,984.4,148.0,172,27,90.4,387,386,49.8,687,3.9,62,117.5,138,
1800-11-20 15:41:09,7650.0,7,1,281.0,985.1,150.0,174,27,90.4,387,387,49.9,689,3.9,62,118.4,138,
1800-11-20 15:41:11,7652.0,7,1,278.0,985.4,152.0,174,27,90.7,387,386,51.8,691,4.0,61,120.1,137,25.68
1800-11-20 15:41:13,7654.0,7,1,275.0,985.6,150.0,174,27,90.6,387,387,50.2,690,3.9,61,117.6,137,
1800-11-20 15:41:15,7656.0,7,1,272.0,986.0,150.0,172,27,90.5,387,386,50.4,689,3.9,61,119.3,137,
1800-11-20 15:41:17,7658.0,7,1,269.0,986.2,150.0,174,27,90.9,387,386,51.8,693,4.0,61,120.3,137,
1800-11-20 15:41:19,7660.0,7,1,268.0,986.2,150.0,174,27,90.7,387,386,51.5,693,4.0,61,120.1,137,
1800-11-20 15:41:21,7662.0,7,1,267.0,986.6,150.0,172,27,90.3,386,386,48.3,687,3.9,61,113.3,137,25.8
1800-11-20 15:41:23,7664.0,7,1,264.0,986.9,150.0,172,27,89.7,386,386,47.2,678,3.9,61,114.5,137,
1800-11-20 15:41:25,7666.0,7,1,259.0,987.6,152.0,174,27,90.0,387,386,48.5,680,3.9,61,116.8,137,
1800-11-20 15:41:27,7668.0,7,1,254.0,988.2,154.0,175,27,90.3,387,386,50.4,685,3.9,61,119.7,137,
1800-11-20 15:41:29,7670.0,7,1,248.0,989.0,154.0,175,27,90.7,387,386,51.8,691,4.0,61,122.1,137,
1800-11-20 15:41:31,7672.0,7,1,243.0,989.6,156.0,175,27,91.1,387,386,53.0,695,4.0,61,122.0,137,26.03
1800-11-20 15:41:33,7674.0,7,1,237.0,990.3,157.0,177,27,91.1,387,386,52.6,697,4.0,61,122.4,137,
1800-11-20 15:41:35,7676.0,7,1,231.0,991.0,159.0,181,27,90.9,387,386,52.1,695,4.0,61,120.6,137,
1800-11-20 15:41:37,7678.0,7,1,226.0,991.5,161.0,183,27,90.9,386,386,53.3,695,4.0,61,126.0,136,
1800-11-20 15:41:39,7680.0,7,1,220.0,992.0,163.0,185,27,92.0,386,386,57.6,706,4.1,61,129.7,136,
1800-11-20 15:41:41,7682.0,7,1,215.0,992.5,163.0,185,27,92.2,386,386,58.8,712,4.1,61,131.7,136,25.8
1800-11-20 15:41:43,7684.0,7,1,210.0,992.9,165.0,188,27,92.6,386,386,60.4,716,4.1,61,134.1,136,
1800-11-20 15:41:45,7686.0,7,1,205.0,993.4,167.0,187,27,92.4,387,386,61.8,714,4.1,61,131.7,136,
1800-11-20 15:41:47,7688.0,7,1,201.0,993.7,167.0,187,27,92.4,387,386,59.5,714,4.1,61,131.3,136,
1800-11-20 15:41:49,7690.0,7,1,198.0,994.1,167.0,188,27,92.5,386,386,59.7,717,4.1,61,132.1,136,
1800-11-20 15:41:51,7692.0,7,1,194.0,994.6,169.0,192,28,92.3,386,386,59.1,718,4.1,61,130.3,136,25.65
1800-11-20 15:41:53,7694.0,7,1,191.0,995.2,170.0,187,28,92.0,387,386,57.2,713,4.1,61,129.1,136,
1800-11-20 15:41:55,7696.0,7,1,188.0,995.5,170.0,187,28,92.3,387,386,58.7,715,4.1,61,130.0,136,
1800-11-20 15:41:57,7698.0,7,1,185.0,995.8,172.0,187,28,91.7,386,386,56.3,712,4.1,61,126.1,136,
1800-11-20 15:41:59,7700.0,7,1,182.0,996.3,172.0,187,28,90.9,387,386,53.1,703,4.0,61,121.0,135,
1800-11-20 15:42:01,7702.0,7,1,179.0,996.6,172.0,183,28,90.6,386,386,51.9,698,4.0,61,124.0,135,24.92
1800-11-20 15:42:03,7704.0,7,1,177.0,996.8,172.0,185,28,92.1,386,386,60.7,714,4.0,61,134.7,135,
1800-11-20 15:42:05,7706.0,7,1,175.0,997.0,172.0,183,28,92.7,387,386,65.3,722,4.2,61,138.9,135,
1800-11-20 15:42:07,7708.0,7,1,173.0,997.0,172.0,183,28,92.9,386,386,66.7,726,4.2,61,142.2,135,
1800-11-20 15:42:09,7710.0,7,1,172.0,997.1,174.0,185,28,93.7,387,386,69.9,737,4.3,61,143.7,135,
1800-11-20 15:42:11,7712.0,7,1,171.0,997.3,176.0,187,28,93.2,387,387,68.0,734,4.3,61,140.2,135,25.76
1800-11-20 15:42:13,7714.0,7,1,170.0,997.1,176.0,187,28,93.4,387,386,70.1,736,4.3,61,145.5,135,
1800-11-20 15:42:15,7716.0,7,1,170.0,996.9,178.0,187,28,93.3,387,386,68.2,737,4.3,61,139.7,135,
1800-11-20 15:42:17,7718.0,7,1,170.0,996.9,178.0,187,28,93.3,386,386,69.0,735,4.3,61,142.5,135,
1800-11-20 15:42:19,7720.0,7,1,171.0,996.8,178.0,187,28,93.1,387,386,67.3,736,4.2,61,139.0,135,
1800-11-20 15:42:21,7722.0,7,1,171.0,996.8,178.0,188,28,93.1,386,386,67.2,735,4.2,60,139.3,135,25.07
1800-11-20 15:42:23,7724.0,7,1,171.0,997.0,178.0,187,28,92.8,387,386,65.7,732,4.2,60,135.8,135,
1800-11-20 15:42:25,7726.0,7,1,171.0,997.0,180.0,190,28,92.7,386,386,65.7,730,4.2,60,138.3,134,
1800-11-20 15:42:27,7728.0,7,1,171.0,997.1,180.0,187,28,92.9,387,386,66.1,733,4.2,60,137.3,134,
1800-11-20 15:42:29,7730.0,7,1,170.0,997.2,180.0,187,28,92.8,386,386,66.1,731,4.2,60,139.8,134,
1800-11-20 15:42:31,7732.0,7,1,169.0,997.2,180.0,190,28,93.3,387,386,68.2,738,4.3,60,140.5,134,26.27
1800-11-20 15:42:33,7734.0,7,1,169.0,997.1,180.0,188,28,93.0,387,386,66.4,736,4.2,60,137.7,134,
1800-11-20 15:42:35,7736.0,7,1,168.0,997.3,178.0,185,28,92.9,386,386,67.0,734,4.2,60,140.4,134,
1800-11-20 15:42:37,7738.0,7,1,167.0,997.6,180.0,185,28,92.9,386,386,66.3,733,4.2,60,137.8,134,
1800-11-20 15:42:39,7740.0,7,1,166.0,997.6,180.0,188,28,92.8,386,386,65.2,732,4.2,60,135.9,134,
1800-11-20 15:42:41,7742.0,7,1,165.0,997.8,181.0,190,28,92.6,387,386,64.1,730,4.2,60,134.3,134,25.59
1800-11-20 15:42:43,7744.0,7,1,163.0,997.8,181.0,190,28,92.5,387,386,64.2,729,4.2,60,135.6,134,
1800-11-20 15:42:45,7746.0,7,1,163.0,997.6,180.0,188,28,92.6,386,386,63.8,729,4.2,60,134.6,133,
1800-11-20 15:42:47,7748.0,7,1,164.0,997.4,178.0,183,28,92.5,387,386,63.2,727,4.2,60,133.8,133,
1800-11-20 15:42:49,7750.0,7,1,166.0,997.2,178.0,185,28,92.6,386,386,65.1,727,4.2,60,136.8,133,
1800-11-20 15:42:51,7752.0,7,1,169.0,997.1,178.0,183,28,92.5,386,386,63.9,726,4.2,60,133.7,133,25.47
1800-11-20 15:42:53,7754.0,7,1,170.0,997.0,178.0,181,28,92.5,386,386,64.5,725,4.2,60,137.5,133,
1800-11-20 15:42:55,7756.0,7,1,171.0,997.1,180.0,183,28,92.7,387,386,65.1,729,4.2,60,134.7,133,
1800-11-20 15:42:57,7758.0,7,1,171.0,997.1,181.0,181,28,92.4,386,386,64.2,727,4.2,60,136.5,133,
1800-11-20 15:42:59,7760.0,7,1,170.0,997.3,183.0,183,28,92.5,387,386,64.2,728,4.2,60,133.6,133,
1800-11-20 15:43:01,7762.0,7,1,169.0,997.5,183.0,187,28,92.2,386,386,61.4,724,4.2,60,131.8,133,26.15
1800-11-20 15:43:03,7764.0,7,1,168.0,997.6,185.0,181,28,92.6,386,385,64.2,727,4.1,60,137.3,133,
1800-11-20 15:43:05,7766.0,7,1,168.0,997.5,185.0,185,28,92.5,386,386,64.2,728,4.2,60,134.6,133,
1800-11-20 15:43:07,7768.0,7,1,168.0,997.5,185.0,183,28,92.4,386,386,63.4,725,4.2,60,135.4,133,
1800-11-20 15:43:09,7770.0,7,1,168.0,997.5,185.0,183,28,92.9,386,386,65.9,731,4.2,60,136.9,133,
1800-11-20 15:43:11,7772.0,7,1,168.0,997.5,187.0,183,28,92.6,386,386,64.3,729,4.2,60,134.7,132,25.49
1800-11-20 15:43:13,7774.0,7,1,168.0,997.5,187.0,183,28,92.5,386,386,63.3,727,4.2,60,133.2,132,
1800-11-20 15:43:15,7776.0,7,1,169.0,997.5,187.0,181,28,92.4,386,386,62.3,725,4.2,60,132.2,132,
1800-11-20 15:43:17,7778.0,7,1,169.0,997.3,185.0,183,28,92.9,386,386,66.4,730,4.2,60,140.3,132,
1800-11-20 15:43:19,7780.0,6,1,170.0,997.3,187.0,183,28,93.5,386,386,70.0,739,4.3,60,144.2,132,
1800-11-20 15:43:21,7782.0,6,1,170.0,997.2,187.0,185,28,93.2,386,386,68.1,736,4.2,60,139.7,132,24.8
1800-11-20 15:43:23,7784.0,6,1,170.0,997.2,189.0,187,28,93.2,386,386,70.2,737,4.2,60,145.7,132,
1800-11-20 15:43:25,7786.0,6,1,172.0,997.3,189.0,187,28,93.7,387,386,71.1,745,4.3,60,143.1,132,
1800-11-20 15:43:27,7788.0,6,1,173.0,997.2,189.0,187,28,93.4,386,386,68.5,741,4.3,60,141.4,132,
1800-11-20 15:43:29,7790.0,6,1,173.0,997.2,191.0,187,28,93.3,386,386,67.7,739,4.2,60,139.0,132,
1800-11-20 15:43:31,7792.0,6,1,174.0,997.1,191.0,185,28,93.1,386,386,66.5,737,4.2,60,137.3,132,26.56
1800-11-20 15:43:33,7794.0,6,1,174.0,997.1,189.0,185,28,92.9,386,386,65.1,734,4.2,60,135.6,131,
1800-11-20 15:43:35,7796.0,6,1,176.0,997.1,193.0,185,28,92.7,386,386,64.5,731,4.2,60,135.5,131,
1800-11-20 15:43:37,7798.0,6,1,179.0,997.3,193.0,185,28,92.5,386,386,63.4,728,4.2,60,133.4,131,
1800-11-20 15:43:39,7800.0,6,1,180.0,997.4,193.0,188,28,92.4,386,386,64.7,729,4.2,60,137.8,131,
1800-11-20 15:43:41,7802.0,6,1,182.0,997.5,194.0,188,28,93.1,386,386,66.6,735,4.2,60,138.8,131,25.64
1800-11-20 15:43:43,7804.0,6,1,181.0,997.7,194.0,187,28,93.1,387,386,66.2,734,4.2,60,137.5,131,
1800-11-20 15:43:45,7806.0,6,1,178.0,997.8,193.0,187,28,93.0,386,386,66.7,734,4.2,60,139.2,131,
1800-11-20 15:43:47,7808.0,6,1,175.0,997.9,193.0,188,28,93.1,387,386,66.9,736,4.2,60,138.4,131,
1800-11-20 15:43:49,7810.0,6,1,173.0,997.9,194.0,188,28,93.1,386,386,67.0,736,4.2,60,140.1,131,
1800-11-20 15:43:51,7812.0,6,1,172.0,998.0,194.0,188,28,93.3,386,386,67.8,738,4.3,60,139.4,130,25.22
1800-11-20 15:43:53,7814.0,6,1,171.0,998.0,194.0,187,28,93.1,386,386,66.8,736,4.2,60,139.1,130,
1800-11-20 15:43:55,7816.0,6,1,170.0,998.0,194.0,187,28,93.2,386,386,67.1,737,4.2,60,138.3,130,
1800-11-20 15:43:57,7818.0,6,1,170.0,998.1,194.0,190,28,93.0,386,386,65.7,736,4.2,60,136.7,130,
1800-11-20 15:43:59,7820.0,6,1,169.0,997.9,194.0,188,28,92.9,386,386,66.2,734,4.2,60,138.8,130,
1800-11-20 15:44:01,7822.0,6,1,169.0,998.2,196.0,190,28,93.0,386,386,65.7,735,4.2,60,137.0,130,26.63
1800-11-20 15:44:03,7824.0,6,1,167.0,998.4,196.0,192,28,93.0,386,386,66.5,735,4.2,60,139.1,130,
1800-11-20 15:44:05,7826.0,6,1,166.0,998.5,196.0,190,28,92.9,386,386,65.8,734,4.2,60,137.0,130,
1800-11-20 15:44:07,7828.0,6,1,164.0,998.7,196.0,192,28,93.0,386,386,65.7,734,4.2,60,136.8,130,
1800-11-20 15:44:09,7830.0,6,1,162.0,999.0,198.0,190,28,93.1,386,386,67.9,735,4.2,60,142.8,130,
1800-11-20 15:44:11,7832.0,6,1,160.0,999.0,200.0,196,28,93.5,387,386,70.0,743,4.3,60,142.2,130,24.62
1800-11-20 15:44:13,7834.0,6,1,158.0,999.1,200.0,196,28,93.3,387,386,67.8,740,4.2,60,139.5,129,
1800-11-20 15:44:15,7836.0,6,1,157.0,999.1,200.0,194,28,93.2,387,386,67.5,738,4.2,60,140.6,129,
1800-11-20 15:44:17,7838.0,6,1,157.0,999.2,200.0,196,28,93.3,386,386,68.3,739,4.3,60,141.6,129,
1800-11-20 15:44:19,7840.0,6,1,157.0,999.2,200.0,194,28,93.7,387,386,69.7,744,4.3,60,142.4,129,
1800-11-20 15:44:21,7842.0,6,1,157.0,999.2,200.0,192,28,93.5,386,386,68.2,741,4.3,60,140.1,129,25.39
1800-11-20 15:44:23,7844.0,6,1,157.0,999.1,200.0,192,28,93.3,386,386,68.2,739,4.3,60,141.0,129,
1800-11-20 15:44:25,7846.0,6,1,157.0,999.2,200.0,198,28,93.4,386,386,68.8,743,4.3,60,141.4,129,
1800-11-20 15:44:27,7848.0,6,1,156.0,999.3,200.0,194,28,93.4,387,386,68.3,743,4.3,59,140.7,129,
1800-11-20 15:44:29,7850.0,6,1,155.0,999.4,200.0,194,28,93.3,387,386,67.8,741,4.3,59,141.1,129,
1800-11-20 15:44:31,7852.0,6,1,154.0,999.6,200.0,194,28,93.5,387,386,68.7,742,4.3,59,140.6,129,26.46
1800-11-20 15:44:33,7854.0,6,1,153.0,999.6,200.0,192,28,93.1,387,386,67.0,739,4.2,59,138.2,128,
1800-11-20 15:44:35,7856.0,6,1,151.0,999.9,198.0,192,28,93.1,386,386,66.8,738,4.2,59,138.8,128,
1800-11-20 15:44:37,7858.0,6,1,149.0,1000.0,200.0,194,28,93.1,386,386,66.5,738,4.2,59,137.1,128,
1800-11-20 15:44:39,7860.0,6,1,145.0,1000.3,200.0,194,28,93.0,386,386,66.4,736,4.2,59,138.2,128,
1800-11-20 15:44:41,7862.0,6,1,142.0,1000.6,202.0,194,28,92.9,386,386,65.2,736,4.2,59,137.2,128,25.86
1800-11-20 15:44:43,7864.0,6,1,142.0,1000.6,200.0,190,28,92.9,386,386,65.9,736,4.2,59,137.3,128,
1800-11-20 15:44:45,7866.0,6,1,145.0,1000.6,198.0,188,28,92.7,386,386,65.0,734,4.2,59,135.6,128,
1800-11-20 15:44:47,7868.0,6,1,148.0,1000.6,198.0,188,28,92.7,386,386,64.8,731,4.2,59,137.7,128,
1800-11-20 15:44:49,7870.0,6,1,150.0,1000.7,198.0,190,28,93.0,386,386,66.5,734,4.2,59,138.5,128,
1800-11-20 15:44:51,7872.0,6,1,148.0,1000.8,198.0,188,28,93.0,386,386,66.2,733,4.2,59,137.5,128,25.61
1800-11-20 15:44:53,7874.0,6,1,146.0,1000.9,198.0,190,28,92.9,386,386,66.4,734,4.2,59,138.8,128,
1800-11-20 15:44:55,7876.0,6,1,144.0,1001.1,200.0,192,28,93.2,386,386,67.8,738,4.2,59,139.9,128,
1800-11-20 15:44:57,7878.0,6,1,143.0,1001.2,200.0,192,28,92.9,386,386,66.1,735,4.2,59,137.5,127,
1800-11-20 15:44:59,7880.0,6,1,142.0,1001.4,202.0,194,28,93.2,386,386,67.3,737,4.2,59,139.2,127,
1800-11-20 15:45:01,7882.0,6,1,140.0,1001.7,202.0,192,28,92.9,386,386,65.8,734,4.2,59,137.1,127,25.77
1800-11-20 15:45:03,7884.0,6,1,139.0,1001.9,202.0,192,28,92.8,386,386,65.5,733,4.2,59,136.0,127,
1800-11-20 15:45:05,7886.0,6,1,139.0,1001.9,202.0,190,28,92.6,386,386,63.8,729,4.2,59,134.4,127,
1800-11-20 15:45:07,7888.0,6,1,138.0,1001.9,202.0,190,28,92.7,386,386,64.4,730,4.2,59,135.4,127,
1800-11-20 15:45:09,7890.0,6,1,137.0,1001.9,204.0,192,28,92.7,386,386,65.1,730,4.2,59,136.9,127,
1800-11-20 15:45:11,7892.0,6,1,136.0,1002.1,202.0,190,28,92.8,387,386,65.5,731,4.2,59,137.4,127,24.72
1800-11-20 15:45:13,7894.0,6,1,136.0,1001.9,202.0,192,28,93.0,386,386,67.8,735,4.2,59,142.8,127,
1800-11-20 15:45:15,7896.0,6,1,136.0,1002.0,200.0,188,28,93.4,387,386,69.8,741,4.3,59,141.2,127,
1800-11-20 15:45:17,7898.0,6,1,136.0,1002.0,200.0,188,28,93.0,387,386,66.8,735,4.2,59,137.5,127,
1800-11-20 15:45:19,7900.0,6,1,137.0,1001.9,200.0,190,28,92.9,386,386,65.6,734,4.2,59,136.3,127,
1800-11-20 15:45:21,7902.0,6,1,137.0,1002.0,198.0,188,28,92.8,386,386,66.3,731,4.2,59,140.1,127,25.86
1800-11-20 15:45:23,7904.0,6,1,135.0,1002.0,198.0,183,28,93.1,387,386,67.8,737,4.3,59,138.6,126,
1800-11-20 15:45:25,7906.0,6,1,135.0,1001.7,196.0,185,28,93.0,386,386,66.6,736,4.3,59,138.6,126,
1800-11-20 15:45:27,7908.0,6,1,137.0,1001.5,196.0,187,28,93.3,386,386,69.0,737,4.2,59,142.7,126,
1800-11-20 15:45:29,7910.0,6,1,138.0,1001.4,194.0,183,28,93.1,386,386,67.6,737,4.2,59,138.9,126,
1800-11-20 15:45:31,7912.0,6,1,139.0,1001.2,194.0,185,28,92.9,386,386,66.4,735,4.2,59,137.9,126,25.74
1800-11-20 15:45:33,7914.0,6,1,141.0,1001.1,193.0,183,28,93.5,386,386,70.8,740,4.2,59,145.8,126,
1800-11-20 15:45:35,7916.0,6,1,143.0,1000.8,193.0,181,28,93.5,386,386,69.2,741,4.3,59,140.5,126,
1800-11-20 15:45:37,7918.0,6,1,145.0,1000.4,191.0,183,28,93.0,386,386,67.0,737,4.3,59,137.3,126,
1800-11-20 15:45:39,7920.0,6,1,148.0,1000.1,191.0,185,28,93.0,386,386,67.6,735,4.2,59,141.4,126,
1800-11-20 15:45:41,7922.0,6,1,150.0,999.9,191.0,183,28,93.2,386,386,68.3,739,4.3,59,139.2,126,26.03
1800-11-20 15:45:43,7924.0,6,1,152.0,999.9,191.0,183,28,93.0,386,386,66.2,736,4.2,59,136.9,126,
1800-11-20 15:45:45,7926.0,6,1,154.0,999.7,189.0,175,28,92.9,386,386,67.0,734,4.2,59,139.8,126,
1800-11-20 15:45:47,7928.0,6,1,155.0,999.3,189.0,179,28,93.4,386,386,68.7,740,4.3,60,140.5,125,
1800-11-20 15:45:49,7930.0,6,1,158.0,999.2,189.0,177,28,93.2,386,386,67.2,736,4.2,60,138.3,125,
1800-11-20 15:45:51,7932.0,6,1,159.0,999.0,189.0,177,28,92.9,386,386,66.1,733,4.2,60,136.8,125,25.43
1800-11-20 15:45:53,7934.0,6,1,161.0,998.9,189.0,175,28,92.8,386,386,65.8,733,4.2,60,137.0,125,
1800-11-20 15:45:55,7936.0,6,1,162.0,998.9,189.0,183,28,93.0,386,385,67.3,734,4.2,60,138.7,125,
1800-11-20 15:45:57,7938.0,6,1,163.0,998.7,189.0,181,28,92.8,386,386,65.5,733,4.2,60,135.3,125,
1800-11-20 15:45:59,7940.0,6,1,165.0,998.6,189.0,181,28,92.8,386,385,67.6,733,4.2,60,140.5,125,
1800-11-20 15:46:01,7942.0,6,1,167.0,998.4,189.0,185,28,92.9,386,386,66.5,735,4.2,60,137.4,125,25.23
1800-11-20 15:46:03,7944.0,6,1,169.0,998.4,191.0,185,28,92.9,386,386,66.7,735,4.2,60,138.4,125,
1800-11-20 15:46:05,7946.0,6,1,169.0,998.4,191.0,185,28,93.1,386,386,66.4,736,4.2,60,137.9,125,
1800-11-20 15:46:07,7948.0,6,1,168.0,998.3,189.0,185,28,93.1,386,386,66.3,736,4.2,60,137.3,125,
1800-11-20 15:46:09,7950.0,6,1,167.0,998.4,189.0,187,28,93.1,386,386,66.2,736,4.2,60,137.2,124,
1800-11-20 15:46:11,7952.0,6,1,166.0,998.3,189.0,183,28,93.0,386,386,66.2,735,4.2,60,137.9,124,26.15
1800-11-20 15:46:13,7954.0,6,1,165.0,998.3,187.0,183,28,92.9,386,386,65.9,733,4.2,60,137.0,124,
1800-11-20 15:46:15,7956.0,6,1,165.0,998.3,187.0,185,28,93.0,386,386,66.6,733,4.2,60,138.3,124,
1800-11-20 15:46:17,7958.0,6,1,164.0,998.3,187.0,185,28,93.0,386,386,66.5,735,4.2,60,137.1,124,
1800-11-20 15:46:19,7960.0,6,1,162.0,998.5,189.0,183,28,92.5,386,386,64.3,729,4.2,60,134.3,124,
1800-11-20 15:46:21,7962.0,6,1,161.0,998.4,189.0,185,28,92.6,386,386,63.9,730,4.2,60,133.6,124,25.63
1800-11-20 15:46:23,7964.0,6,1,159.0,998.6,189.0,183,28,92.5,386,386,63.2,728,4.2,60,132.9,124,
1800-11-20 15:46:25,7966.0,6,1,158.0,998.4,187.0,185,28,92.5,386,386,64.4,727,4.2,60,135.3,124,
1800-11-20 15:46:27,7968.0,6,1,158.0,998.5,187.0,187,28,92.6,386,386,63.4,728,4.2,60,133.5,124,
1800-11-20 15:46:29,7970.0,6,1,159.0,998.5,187.0,188,28,92.4,386,385,62.0,726,4.2,60,133.2,124,
1800-11-20 15:46:31,7972.0,6,1,159.0,998.5,187.0,185,28,92.7,386,385,61.5,730,4.2,60,132.6,124,25.68
1800-11-20 15:46:33,7974.0,6,1,158.0,998.6,187.0,187,28,92.6,386,385,61.3,728,4.1,60,132.5,124,
1800-11-20 15:46:35,7976.0,6,1,157.0,998.8,187.0,185,28,92.3,386,385,60.3,725,4.2,60,131.4,123,
1800-11-20 15:46:37,7978.0,6,1,157.0,998.8,187.0,183,28,92.5,386,385,60.4,725,4.1,60,131.5,123,
1800-11-20 15:46:39,7980.0,6,1,157.0,998.7,187.0,183,28,92.3,386,385,59.9,723,4.1,60,130.9,123,
1800-11-20 15:46:41,7982.0,6,1,155.0,998.9,187.0,183,28,92.4,386,385,60.2,724,4.1,60,132.8,123,25.6
1800-11-20 15:46:43,7984.0,6,1,155.0,998.9,185.0,183,28,92.6,385,385,61.5,727,4.2,60,133.0,123,
1800-11-20 15:46:45,7986.0,6,1,155.0,998.8,185.0,183,28,92.6,386,385,61.3,727,4.2,60,132.9,123,
1800-11-20 15:46:47,7988.0,6,1,155.0,998.8,185.0,183,28,92.5,386,385,62.2,727,4.2,60,133.5,123,
1800-11-20 15:46:49,7990.0,6,1,155.0,998.8,183.0,179,28,92.4,386,385,61.3,725,4.2,60,133.1,123,
1800-11-20 15:46:51,7992.0,6,1,155.0,998.9,183.0,181,28,92.5,385,385,60.8,725,4.2,60,131.9,123,25.85
1800-11-20 15:46:53,7994.0,7,1,154.0,999.0,183.0,175,28,92.2,386,385,59.6,723,4.1,60,130.4,123,
1800-11-20 15:46:55,7996.0,7,1,153.0,998.9,183.0,177,28,92.2,386,385,59.2,722,4.1,60,130.2,123,
1800-11-20 15:46:57,7998.0,7,1,153.0,999.0,181.0,177,28,92.2,385,385,59.1,720,4.1,60,130.1,123,
1800-11-20 15:46:59,8000.0,7,1,151.0,999.1,181.0,177,28,92.1,385,385,59.6,720,4.1,60,131.3,123,
1800-11-20 15:47:01,8002.0,7,1,150.0,999.3,180.0,175,28,91.9,386,385,57.8,718,4.1,60,126.7,123,25.76
1800-11-20 15:47:03,8004.0,7,1,149.0,999.2,178.0,174,28,90.6,386,386,50.9,705,4.0,60,115.7,123,
1800-11-20 15:47:05,8006.0,7,1,149.0,999.5,176.0,170,28,89.6,386,386,47.8,689,3.9,60,114.9,122,
1800-11-20 15:47:07,8008.0,7,1,147.0,999.8,172.0,166,28,89.6,386,386,47.9,687,3.9,60,114.4,122,
1800-11-20 15:47:09,8010.0,7,1,144.0,1000.2,170.0,164,28,89.3,386,386,46.6,681,3.9,60,112.6,122,
1800-11-20 15:47:11,8012.0,7,1,142.0,1000.4,169.0,164,28,89.4,386,385,47.2,680,3.9,60,114.4,122,25.58
1800-11-20 15:47:13,8014.0,7,1,138.0,1001.0,167.0,159,28,88.5,386,386,42.5,670,3.8,60,106.3,122,
1800-11-20 15:47:15,8016.0,7,1,136.0,1001.0,165.0,166,29,88.5,386,386,42.9,668,3.8,60,108.2,122,
1800-11-20 15:47:17,8018.0,7,1,132.0,1001.6,161.0,162,29,87.8,387,386,40.3,660,3.8,60,104.9,122,
1800-11-20 15:47:19,8020.0,7,1,128.0,1002.2,157.0,155,29,87.7,387,386,39.6,657,3.8,60,101.8,122,
1800-11-20 15:47:21,8022.0,7,1,124.0,1002.5,154.0,159,29,86.6,387,387,34.7,643,3.7,60,99.7,122,26.75
1800-11-20 15:47:23,8024.0,7,1,119.0,1003.3,148.0,159,29,87.0,387,386,36.5,646,3.7,60,99.2,122,
1800-11-20 15:47:25,8026.0,7,1,113.0,1004.0,141.0,153,29,86.3,387,387,34.3,639,3.7,60,97.7,122,
1800-11-20 15:47:27,8028.0,7,1,107.0,1004.7,131.0,144,29,85.3,388,388,30.7,628,3.6,60,93.2,122,
1800-11-20 15:47:29,8030.0,7,1,101.0,1005.0,126.0,146,29,85.6,387,387,32.7,629,3.6,60,96.4,122,
1800-11-20 15:47:31,8032.0,7,1,94.0,1005.7,119.0,144,29,85.5,387,387,30.9,631,3.6,60,91.4,122,25.15
1800-11-20 15:47:33,8034.0,7,1,90.0,1006.2,111.0,146,29,85.1,387,387,30.4,621,3.6,60,94.9,122,
1800-11-20 15:47:35,8036.0,7,1,86.0,1006.9,109.0,133,29,84.9,387,387,29.2,620,3.6,61,89.1,122,
1800-11-20 15:47:37,8038.0,7,1,81.0,1007.6,104.0,124,29,83.3,388,387,23.3,605,3.4,61,80.6,122,
1800-11-20 15:47:39,8040.0,7,1,76.0,1008.1,98.0,124,29,82.8,387,388,23.2,602,3.4,61,87.8,122,
1800-11-20 15:47:41,8042.0,7,1,71.0,1008.5,94.0,120,29,83.7,388,387,25.6,608,3.4,61,86.5,122,25.52
1800-11-20 15:47:43,8044.0,7,1,68.0,1009.1,91.0,111,29,83.1,386,386,23.2,603,3.4,61,81.1,122,
1800-11-20 15:47:45,8046.0,7,1,64.0,1009.7,85.0,105,29,80.8,387,387,17.1,586,3.2,61,73.0,122,
1800-11-20 15:47:47,8048.0,7,1,60.0,1010.3,78.0,98,29,79.1,389,388,13.9,573,3.1,61,71.2,122,
1800-11-20 15:47:49,8050.0,7,1,56.0,1010.8,67.0,87,29,80.3,387,387,18.6,584,3.1,61,83.4,122,
1800-11-20 15:47:51,8052.0,7,1,53.0,1011.3,61.0,83,29,83.0,387,386,23.7,604,3.4,61,85.5,122,25.47
1800-11-20 15:47:53,8054.0,7,1,51.0,1011.9,52.0,68,29,83.6,386,386,26.4,604,3.4,61,91.6,122,
1800-11-20 15:47:55,8056.0,7,1,49.0,1012.2,44.0,40,29,85.0,385,385,29.4,614,3.5,62,94.9,122,
1800-11-20 15:47:57,8058.0,7,1,47.0,1012.8,33.0,27,29,86.8,384,384,38.0,628,3.6,62,107.2,122,
1800-11-20 15:47:59,8060.0,7,1,46.0,1013.0,24.0,20,30,88.8,383,383,45.4,652,3.8,62,118.8,122,
1800-11-20 15:48:01,8062.0,10,1,44.0,1013.3,20.0,14,30,91.2,382,382,59.2,683,4.0,62,137.1,122,25.84
1800-11-20 15:48:03,8064.0,10,1,44.0,1013.4,19.0,5,30,92.3,384,383,64.3,704,4.2,63,137.6,122,
1800-11-20 15:48:05,8066.0,10,1,43.0,1013.4,20.0,5,30,91.9,387,386,62.1,705,4.1,63,134.4,122,
1800-11-20 15:48:07,8068.0,10,1,42.0,1013.5,20.0,0,30,91.9,390,389,60.2,707,4.1,63,137.3,122,
1800-11-20 15:48:09,8070.0,10,1,42.0,1013.5,22.0,3,30,92.2,392,390,62.3,713,4.1,64,135.2,122,
1800-11-20 15:48:11,8072.0,10,1,43.0,1013.5,24.0,0,30,92.2,393,393,64.0,715,4.1,64,140.1,122,25.75
1800-11-20 15:48:13,8074.0,10,1,44.0,1013.6,24.0,0,30,92.4,394,393,63.9,722,4.1,65,138.7,122,
1800-11-20 15:48:15,8076.0,10,1,42.0,1013.4,22.0,0,30,92.2,394,394,63.3,721,4.0,65,138.5,122,
1800-11-20 15:48:17,8078.0,10,1,42.0,1013.4,19.0,0,30,92.5,394,393,63.5,723,4.0,66,138.6,122,
1800-11-20 15:48:19,8080.0,10,1,40.0,1013.2,15.0,7,30,92.5,393,393,62.1,721,4.0,66,136.0,122,
1800-11-20 15:48:21,8082.0,10,1,40.0,1013.6,11.0,1,30,92.5,393,393,62.2,722,4.0,67,137.5,122,25.41
1800-11-20 15:48:23,8084.0,10,1,39.0,1014.5,6.0,0,31,93.2,394,393,66.4,730,4.0,67,142.8,122,
1800-11-20 15:48:25,8086.0,10,1,39.0,1015.0,0.0,0,31,93.2,394,394,67.6,731,4.0,68,143.3,121,
1800-11-20 15:48:27,8088.0,10,1,40.0,1015.3,0.0,0,31,93.0,395,394,63.9,725,4.0,68,134.6,121,
1800-11-20 15:48:29,8090.0,10,0,39.0,1014.3,0.0,0,31,90.5,392,393,44.9,699,3.7,68,101.2,121,
1800-11-20 15:48:31,8092.0,4,0,39.0,1013.4,0.0,0,31,82.1,383,385,20.2,618,3.0,69,68.8,121,25.66
1800-11-20 15:48:33,8094.0,4,0,39.0,1013.2,0.0,0,31,78.2,374,375,16.6,583,2.9,69,73.0,121,
1800-11-20 15:48:35,8096.0,4,0,37.0,1013.5,0.0,0,31,79.2,372,372,18.2,595,2.9,69,74.4,121,
1800-11-20 15:48:37,8098.0,4,0,37.0,1013.5,0.0,0,31,79.7,372,372,19.3,596,3.0,70,75.4,121,
1800-11-20 15:48:39,8100.0,4,0,36.0,1013.5,0.0,0,31,79.7,372,372,19.5,594,3.0,70,76.0,121,
1800-11-20 15:48:41,8102.0,4,0,35.0,1013.5,0.0,0,31,76.5,363,367,12.2,572,2.6,70,49.1,121,25.4
1800-11-20 15:48:43,8104.0,3,0,35.0,1013.5,0.0,0,31,66.9,339,345,5.0,513,2.1,70,52.9,121,
1800-11-20 15:48:45,8106.0,2,0,36.0,1013.5,0.0,0,31,67.7,320,325,7.4,550,2.2,71,52.2,121,
1800-11-20 15:48:47,8108.0,2,0,36.0,1013.5,0.0,0,31,67.9,303,307,8.5,553,2.2,71,53.1,121,
1800-11-20 15:48:49,8110.0,2,0,37.0,1013.5,0.0,0,31,67.9,293,295,9.1,553,2.2,72,53.2,121,
1800-11-20 15:48:51,8112.0,2,0,39.0,1013.3,0.0,0,31,67.9,286,288,9.7,552,2.2,72,53.2,121,25.03
1800-11-20 15:48:53,8114.0,2,0,40.0,1013.5,0.0,0,31,67.9,282,283,10.1,550,2.2,72,53.2,121,
1800-11-20 15:48:55,8116.0,2,0,42.0,1013.4,0.0,0,31,67.9,278,279,10.5,550,2.2,73,53.6,121,
1800-11-20 15:48:57,8118.0,2,0,44.0,1013.5,0.0,0,31,67.9,275,275,10.6,548,2.2,73,53.2,121,
1800-11-20 15:48:59,8120.0,2,0,46.0,1013.5,0.0,0,31,67.9,273,273,10.9,547,2.2,74,53.3,121,
1800-11-20 15:49:01,8122.0,2,0,48.0,1013.4,0.0,0,31,67.9,271,271,11.0,546,2.1,75,53.4,121,25.67
1800-11-20 15:49:03,8124.0,2,0,51.0,1013.4,0.0,0,31,67.9,270,270,11.1,545,2.1,75,53.2,121,
1800-11-20 15:49:05,8126.0,2,0,54.0,1013.4,0.0,0,31,67.9,270,270,11.1,544,2.1,76,53.2,121,
1800-11-20 15:49:07,8128.0,2,0,56.0,1013.5,0.0,0,31,67.9,269,269,11.3,543,2.1,76,53.7,121,
1800-11-20 15:49:09,8130.0,2,0,59.0,1013.4,0.0,0,31,67.9,268,268,11.3,543,2.1,76,53.3,121,
1800-11-20 15:49:11,8132.0,2,0,61.0,1013.4,0.0,0,31,67.9,268,268,11.3,542,2.1,77,53.5,121,25.42
1800-11-20 15:49:13,8134.0,2,0,63.0,1013.4,0.0,0,32,68.0,267,267,11.3,542,2.1,77,53.0,121,
1800-11-20 15:49:15,8136.0,2,0,63.0,1013.4,0.0,0,32,67.9,267,266,11.3,540,2.1,77,53.2,121,
1800-11-20 15:49:17,8138.0,2,0,63.0,1013.5,0.0,0,32,67.9,266,266,11.3,540,2.1,77,53.2,120,
1800-11-20 15:49:19,8140.0,2,0,63.0,1013.5,0.0,0,32,67.9,266,266,11.4,538,2.1,78,53.2,120,
1800-11-20 15:49:21,8142.0,2,0,63.0,1013.4,0.0,0,32,67.9,266,266,11.2,536,2.1,78,53.0,120,25.46
1800-11-20 15:49:23,8144.0,2,0,63.0,1013.4,0.0,0,32,67.9,266,265,11.3,537,2.1,78,53.7,120,
1800-11-20 15:49:25,8146.0,2,0,62.0,1013.5,0.0,0,32,67.9,266,266,11.5,538,2.1,78,53.3,120,
1800-11-20 15:49:27,8148.0,2,0,61.0,1013.5,0.0,0,32,67.9,266,265,11.3,538,2.1,79,53.2,120,
1800-11-20 15:49:29,8150.0,2,0,61.0,1013.4,0.0,0,32,67.9,266,265,11.3,537,2.1,79,53.4,120,
1800-11-20 15:49:31,8152.0,2,0,60.0,1013.4,0.0,0,32,67.9,265,265,11.4,539,2.1,79,53.5,120,25.64
1800-11-20 15:49:33,8154.0,2,0,59.0,1013.3,0.0,0,32,67.9,265,265,11.2,542,2.1,79,53.4,120,
1800-11-20 15:49:35,8156.0,2,0,58.0,1013.3,0.0,0,32,67.8,265,265,11.3,541,2.1,80,53.3,120,
1800-11-20 15:49:37,8158.0,2,0,56.0,1013.4,0.0,0,32,67.8,265,265,11.5,541,2.1,80,53.9,120,
1800-11-20 15:49:39,8160.0,2,0,55.0,1013.4,0.0,0,32,67.9,265,265,11.4,544,2.1,80,53.7,120,
1800-11-20 15:49:41,8162.0,2,0,53.0,1013.4,0.0,0,32,67.9,265,265,11.1,540,2.1,80,52.8,120,26.27
1800-11-20 15:49:43,8164.0,9,0,52.0,1013.5,0.0,0,32,63.6,254,263,7.1,517,1.7,80,56.1,120,
1800-11-20 15:49:45,8166.0,9,0,50.0,1013.4,0.0,0,32,40.0,196,252,2.6,337,0.6,80,12.3,120,
1800-11-20 15:49:47,8168.0,9,0,50.0,1013.5,0.0,0,32,27.1,148,234,3.4,238,0.3,80,1.7,120,
1800-11-20 15:49:49,8170.0,9,0,49.0,1013.4,0.0,0,32,20.2,116,218,3.6,199,0.2,79,1.7,120,
1800-11-20 15:49:51,8172.0,9,0,47.0,1013.4,0.0,0,32,15.8,96,204,1.7,180,0.1,79,1.7,120,23.06
1800-11-20 15:49:53,8174.0,9,0,47.0,1013.3,0.0,0,32,12.7,78,191,0.8,173,0.1,78,1.7,120,
1800-11-20 15:49:55,8176.0,9,0,47.0,1013.3,0.0,0,32,10.6,65,180,0.8,172,0.1,78,1.7,120,
1800-11-20 15:49:57,8178.0,9,0,48.0,1013.4,0.0,0,32,8.6,57,170,0.8,171,0.0,77,1.7,120,
1800-11-20 15:49:59,8180.0,9,0,48.0,1013.4,0.0,0,32,7.0,50,161,0.8,172,0.0,77,1.7,120,
1800-11-20 15:50:01,8182.0,9,0,48.0,1013.3,0.0,0,32,5.7,45,153,0.8,174,0.0,77,1.7,120,22.71
1800-11-20 15:50:03,8184.0,9,0,49.0,1013.3,0.0,0,32,4.7,41,146,0.8,177,0.0,76,1.7,120,
1800-11-20 15:50:05,8186.0,9,0,51.0,1013.4,0.0,0,32,4.0,37,139,0.8,180,0.0,76,1.7,120,
1800-11-20 15:50:07,8188.0,9,0,52.0,1013.2,0.0,0,32,3.4,34,133,0.8,184,0.0,76,1.7,120,
1800-11-20 15:50:09,8190.0,9,0,53.0,1013.4,0.0,0,32,2.9,31,127,0.8,187,0.0,75,40.7,120,
1800-11-20 15:50:11,8192.0,9,0,55.0,1013.3,0.0,0,32,2.5,29,122,0.8,192,0.0,75,57.6,120,21.85
1800-11-20 15:50:13,8194.0,9,0,55.0,1013.2,0.0,1,32,2.1,27,117,0.8,196,0.0,75,57.6,120,
1800-11-20 15:50:15,8196.0,9,0,55.0,1013.2,0.0,3,32,1.8,25,112,0.8,201,0.0,75,57.6,120,
1800-11-20 15:50:17,8198.0,9,0,54.0,1013.2,0.0,3,32,1.4,23,108,0.8,206,0.0,75,57.6,120,
1800-11-20 15:50:19,8200.0,9,0,54.0,1013.2,0.0,0,32,1.1,22,104,0.8,211,0.0,75,57.6,120,
1800-11-20 15:50:21,8202.0,-1,0,53.0,1013.3,0.0,0,32,0.8,20,100,0.8,217,0.0,74,57.6,120,22.38
1800-11-20 15:50:23,8204.0,-1,0,53.0,1013.4,0.0,0,31,0.4,19,95,0.8,223,0.0,74,57.6,120,
1800-11-20 15:50:25,8206.0,-1,0,53.0,1013.3,0.0,0,31,0.0,18,87,0.8,230,0.0,74,57.6,120,
1800-11-20 15:50:27,8208.0,-1,0,53.0,1013.3,0.0,0,31,0.0,17,79,0.8,237,0.0,74,57.6,120,
1800-11-20 15:50:29,8210.0,-1,0,53.0,1013.2,0.0,1,31,0.0,16,72,0.8,245,0.0,74,57.6,120,
1800-11-20 15:50:31,8212.0,-1,0,53.0,1013.3,0.0,0,31,0.0,16,65,0.8,253,0.0,74,57.6,120,23.14
1800-11-20 15:50:33,8214.0,-1,0,54.0,1013.2,0.0,0,31,0.0,15,58,0.8,261,0.0,74,57.6,120,
1800-11-20 15:50:35,8216.0,-1,0,54.0,1013.2,0.0,0,31,0.0,14,51,0.8,266,0.0,73,57.6,120,
1800-11-20 15:50:37,8218.0,-1,0,54.0,1013.3,0.0,0,31,0.0,13,43,0.8,271,0.0,73,57.6,120,
